SET session_replication_role = replica;

--
-- PostgreSQL database dump
--

-- Dumped from database version 17.4
-- Dumped by pg_dump version 17.4

SET statement_timeout = 0;
SET lock_timeout = 0;
SET idle_in_transaction_session_timeout = 0;
SET transaction_timeout = 0;
SET client_encoding = 'UTF8';
SET standard_conforming_strings = on;
SELECT pg_catalog.set_config('search_path', '', false);
SET check_function_bodies = false;
SET xmloption = content;
SET client_min_messages = warning;
SET row_security = off;

--
-- Data for Name: audit_log_entries; Type: TABLE DATA; Schema: auth; Owner: supabase_auth_admin
--

COPY "auth"."audit_log_entries" ("instance_id", "id", "payload", "created_at", "ip_address") FROM stdin;
\.


--
-- Data for Name: flow_state; Type: TABLE DATA; Schema: auth; Owner: supabase_auth_admin
--

COPY "auth"."flow_state" ("id", "user_id", "auth_code", "code_challenge_method", "code_challenge", "provider_type", "provider_access_token", "provider_refresh_token", "created_at", "updated_at", "authentication_method", "auth_code_issued_at") FROM stdin;
\.


--
-- Data for Name: users; Type: TABLE DATA; Schema: auth; Owner: supabase_auth_admin
--

COPY "auth"."users" ("instance_id", "id", "aud", "role", "email", "encrypted_password", "email_confirmed_at", "invited_at", "confirmation_token", "confirmation_sent_at", "recovery_token", "recovery_sent_at", "email_change_token_new", "email_change", "email_change_sent_at", "last_sign_in_at", "raw_app_meta_data", "raw_user_meta_data", "is_super_admin", "created_at", "updated_at", "phone", "phone_confirmed_at", "phone_change", "phone_change_token", "phone_change_sent_at", "email_change_token_current", "email_change_confirm_status", "banned_until", "reauthentication_token", "reauthentication_sent_at", "is_sso_user", "deleted_at", "is_anonymous") FROM stdin;
\.


--
-- Data for Name: identities; Type: TABLE DATA; Schema: auth; Owner: supabase_auth_admin
--

COPY "auth"."identities" ("provider_id", "user_id", "identity_data", "provider", "last_sign_in_at", "created_at", "updated_at", "id") FROM stdin;
\.


--
-- Data for Name: instances; Type: TABLE DATA; Schema: auth; Owner: supabase_auth_admin
--

COPY "auth"."instances" ("id", "uuid", "raw_base_config", "created_at", "updated_at") FROM stdin;
\.


--
-- Data for Name: sessions; Type: TABLE DATA; Schema: auth; Owner: supabase_auth_admin
--

COPY "auth"."sessions" ("id", "user_id", "created_at", "updated_at", "factor_id", "aal", "not_after", "refreshed_at", "user_agent", "ip", "tag") FROM stdin;
\.


--
-- Data for Name: mfa_amr_claims; Type: TABLE DATA; Schema: auth; Owner: supabase_auth_admin
--

COPY "auth"."mfa_amr_claims" ("session_id", "created_at", "updated_at", "authentication_method", "id") FROM stdin;
\.


--
-- Data for Name: mfa_factors; Type: TABLE DATA; Schema: auth; Owner: supabase_auth_admin
--

COPY "auth"."mfa_factors" ("id", "user_id", "friendly_name", "factor_type", "status", "created_at", "updated_at", "secret", "phone", "last_challenged_at", "web_authn_credential", "web_authn_aaguid") FROM stdin;
\.


--
-- Data for Name: mfa_challenges; Type: TABLE DATA; Schema: auth; Owner: supabase_auth_admin
--

COPY "auth"."mfa_challenges" ("id", "factor_id", "created_at", "verified_at", "ip_address", "otp_code", "web_authn_session_data") FROM stdin;
\.


--
-- Data for Name: one_time_tokens; Type: TABLE DATA; Schema: auth; Owner: supabase_auth_admin
--

COPY "auth"."one_time_tokens" ("id", "user_id", "token_type", "token_hash", "relates_to", "created_at", "updated_at") FROM stdin;
\.


--
-- Data for Name: refresh_tokens; Type: TABLE DATA; Schema: auth; Owner: supabase_auth_admin
--

COPY "auth"."refresh_tokens" ("instance_id", "id", "token", "user_id", "revoked", "created_at", "updated_at", "parent", "session_id") FROM stdin;
\.


--
-- Data for Name: sso_providers; Type: TABLE DATA; Schema: auth; Owner: supabase_auth_admin
--

COPY "auth"."sso_providers" ("id", "resource_id", "created_at", "updated_at") FROM stdin;
\.


--
-- Data for Name: saml_providers; Type: TABLE DATA; Schema: auth; Owner: supabase_auth_admin
--

COPY "auth"."saml_providers" ("id", "sso_provider_id", "entity_id", "metadata_xml", "metadata_url", "attribute_mapping", "created_at", "updated_at", "name_id_format") FROM stdin;
\.


--
-- Data for Name: saml_relay_states; Type: TABLE DATA; Schema: auth; Owner: supabase_auth_admin
--

COPY "auth"."saml_relay_states" ("id", "sso_provider_id", "request_id", "for_email", "redirect_to", "created_at", "updated_at", "flow_state_id") FROM stdin;
\.


--
-- Data for Name: sso_domains; Type: TABLE DATA; Schema: auth; Owner: supabase_auth_admin
--

COPY "auth"."sso_domains" ("id", "sso_provider_id", "domain", "created_at", "updated_at") FROM stdin;
\.


--
-- Data for Name: _prisma_migrations; Type: TABLE DATA; Schema: public; Owner: postgres
--

COPY "public"."_prisma_migrations" ("id", "checksum", "finished_at", "migration_name", "logs", "rolled_back_at", "started_at", "applied_steps_count") FROM stdin;
3a08c352-5193-463a-8525-47642e808238	cb0028c56bfb79f95c542ef131864f52dd9a4c9ed3303666aa445470f28867f1	2025-07-01 15:22:35.492237+00	20250530142549_20250530075506_all_step_onboarding_to_user	\N	\N	2025-07-01 15:22:34.245678+00	1
281f494e-9c86-4441-a331-69c980a48124	596b048f9f3e579fa6d17e374f426b2300a742a6211e84919afdd4e8d89af6cd	2025-07-01 15:22:14.245247+00	20250525101129_initial_prisma_migrations	\N	\N	2025-07-01 15:22:12.844122+00	1
05bf6227-2c9c-4168-aea5-9b837f73bb37	4b4291fb49b6c8fe7602e256b3da757e9a9e808de01adcc2c3420051d22a4d00	2025-07-01 15:22:15.998522+00	20250525101610_update_primary_email_address_id_datatype	\N	\N	2025-07-01 15:22:14.744136+00	1
bb28ee4c-82c4-4867-b5c1-66bcb27e552f	b3bf4fe38fc4b2c17a1c6843c97ec88b1ffa8565c86cf4dcd1a67f51e562d629	2025-07-01 15:23:03.664468+00	20250625094724_remove_org_id_in_iqm_config_table	\N	\N	2025-07-01 15:23:02.416612+00	1
e712b83d-749e-405c-b95e-eeac7f0c3331	370e7ce02f418a1314b2f02a5a4405f08396069e967db14cbcd7bd74d4751afa	2025-07-01 15:22:17.755484+00	20250525104118_rename_to_agency_applications	\N	\N	2025-07-01 15:22:16.497619+00	1
e6c309d2-df07-4016-b1dd-83a1182f17cd	fc581234a64827b6d2fd1c4d9d5d42bec44bbb099562afe8c6bb1cd7a2860250	2025-07-01 15:22:37.241044+00	20250604115446_added_history_log_schema	\N	\N	2025-07-01 15:22:35.990778+00	1
0aa58b63-43ed-4d97-9d80-20fdec6abac8	6479be51d9abe6600bab513e5b689120e3d89d1920c2edd004e8524cba6db721	2025-07-01 15:22:19.505159+00	20250525105403_change_contact_info_to_string	\N	\N	2025-07-01 15:22:18.254404+00	1
b6df6eed-d058-47b6-b642-561379b9707c	66ecd2f4dbc407e9b572e674471dbc379cc6917b172ef6a82f7a76f355ced48d	2025-07-01 15:22:21.252575+00	20250525120648_make_contact_no_optional	\N	\N	2025-07-01 15:22:20.002909+00	1
a66dcba1-8e89-44ed-94e0-8125f919eccc	97f5375828151230a975c749095fe74e6f69ae60a45308e46e0d2b40d660f988	2025-07-01 15:22:49.540093+00	20250616152537_new_columns_temp_pass_and_user_role	\N	\N	2025-07-01 15:22:48.290039+00	1
e2123100-a9df-44f9-a9fb-c582f01daaa5	fff35e0fe465747b2b8ce33ce68e8b14effb40e944460c5b9c9439f4b52d9392	2025-07-01 15:22:23.001807+00	20250525181359_update_onboarding_step_types	\N	\N	2025-07-01 15:22:21.751795+00	1
2b8abd1b-59ca-427a-849f-5698c99a7107	a2b00e251363c388a193f2b04a6d8121787bc92ac3ea121c3ad5875a53153d23	2025-07-01 15:22:39.00573+00	20250604142945_added_campaign_category_and_tag	\N	\N	2025-07-01 15:22:37.739934+00	1
a14eea83-59e9-406e-8b11-43918084aa6b	ace0b03f3e6cc5f010f5a1d67ff1d7d0bf0fde21e4f381594d55c2d474c54c1a	2025-07-01 15:22:24.752894+00	20250526090913_add_organization_invites	\N	\N	2025-07-01 15:22:23.499372+00	1
64760bf2-1bf5-4838-b29d-7697dea93c06	1d711cb2dc0113fa468c07debfabbb7ce3b73ea8355bf3cabd97fb247ea6a106	2025-07-01 15:22:26.498942+00	20250527110838_clerk_org_id_as_vendor_org_id	\N	\N	2025-07-01 15:22:25.252515+00	1
d30ad406-5b27-4576-8bd3-2f2531d7d310	993a3ecad738d6255ef295d192576985351f807d3a0abd139dce87b4099f5dcd	2025-07-01 15:22:28.445159+00	20250527123501_added_missing_tables	\N	\N	2025-07-01 15:22:26.999096+00	1
18719508-cb03-46bb-9ee4-2e27b37a1ec3	a95aa62959abc6696eb024a6047ee862737ebc003ace5e75b75f0755e87fcf5e	2025-07-01 15:22:40.769887+00	20250604143946_updated_campaign_category_and_campaign_tag_table_namecasing	\N	\N	2025-07-01 15:22:39.503827+00	1
3b11ca78-5142-4625-8c1c-071d4540064f	a47e23bff2f4a868b2241584c8f2678f6967b866f31d9923436f7a25c9a5269f	2025-07-01 15:22:30.19641+00	20250527154415_change_budget_distribution_methods	\N	\N	2025-07-01 15:22:28.943922+00	1
f03b0b1d-d265-4b45-adf8-3cf5ccbc7a93	a62213bce64ed17b53f5ee8b4e7dea4eede09bb6af2992ff4aa1bdaa6121c650	2025-07-01 15:22:31.994971+00	20250529101406_email_notification_schemas	\N	\N	2025-07-01 15:22:30.694965+00	1
399c8b7f-8dd1-427b-9417-5abcc542da9f	959ee18c6333c000e89e7bbf29338b7584370087dca13d914fd0423fa8ab6585	2025-07-01 15:22:58.413697+00	20250618223749_campaign_wizard_steps	\N	\N	2025-07-01 15:22:57.125306+00	1
3aee7265-219e-4b9d-bd95-469917c4003c	edf20a7b88c1d7434383a2c0d067cfff028a3a5fad6d567d05a0c59e2538f481	2025-07-01 15:22:33.743149+00	20250530120150_added_all_steps_completed_column	\N	\N	2025-07-01 15:22:32.493243+00	1
14a7dc6b-eac5-44c2-8d70-8c12c3e5d87e	ae40408aacb100954d4cb8ef647e517c95cab4064194278295b6e64fe10cfcd1	2025-07-01 15:22:51.297558+00	20250617135256_update_platform_credentials	\N	\N	2025-07-01 15:22:50.038341+00	1
4a38bd4b-19c1-46ee-bb00-ea0926515448	1fd2e4d6ff472066793d7316ec082f3bcc871ebbe0a0bf645d4389b5b8e28943	2025-07-01 15:22:42.541403+00	20250605130929_updated_campaign_category_and_campaign_tag_table_uuid	\N	\N	2025-07-01 15:22:41.28041+00	1
61841095-cd91-4279-af3d-1fa4b7af3f0b	568723b9b6ca2dbdf608fca9010c43880dfa8c9af204401649bcf92cb1357a0a	2025-07-01 15:22:44.293204+00	20250610110300_agency_application_schema	\N	\N	2025-07-01 15:22:43.040109+00	1
ea0af1f6-1b07-46be-9e4b-d555d76af3e8	280425e9dac75db2e73d093dbd01054f9ca3d6db4cf3e37c9dc1d1b4b20fd66a	2025-07-01 15:22:46.044516+00	20250610114215_tags_column_in_campaign	\N	\N	2025-07-01 15:22:44.791114+00	1
2aeabb81-2edb-4c3f-8ebd-b8f7c97604bc	96e7e150b59b22802acf47dd1389140c1ef091ce6994ac4321e81d9519bbe345	2025-07-01 15:22:53.046359+00	20250618105726_onboarding_step_type_modify	\N	\N	2025-07-01 15:22:51.795868+00	1
16406471-f15f-453a-b21a-bd060abc4039	d323ae9cd435208368c7ff496efcb0f8c1d72620babc269de1f30039b3548427	2025-07-01 15:22:47.792078+00	20250612163627_added_subdomain_in_whitelabel_settings	\N	\N	2025-07-01 15:22:46.541758+00	1
eb877220-0bbe-45cc-b02b-f6692195e2a0	272893c8dbdce75678d899412e6ae84b8df53c61a2fd01a2a0634657c59ca4eb	2025-07-01 15:22:54.840624+00	20250618121128_updated_db_schema	\N	\N	2025-07-01 15:22:53.544406+00	1
168f2ced-2215-4bc5-80f0-0942a6378f84	d0af0a026cb4e51c9384e8b4443a362e3c8d250c0dc686ab93f8714220177f91	2025-07-01 15:23:00.165845+00	20250619171951_campaign_table_column_optional	\N	\N	2025-07-01 15:22:58.912207+00	1
b6d35eae-9992-4d74-bd2e-8cfaecb2a061	4451b8c5fb2c4c7bbf4ba30f42a573525ec9bb9842455cbad83d4f1ede303f21	2025-07-01 15:22:56.6184+00	20250618121725_make_invite_fields_mandetory	\N	\N	2025-07-01 15:22:55.371254+00	1
4f9bab8c-1319-4c81-8d88-cb49b480d306	32fb219f34d034375c782245b63df92fc9a300fceae1ed026d4426e12a0fa75b	2025-07-01 15:23:01.916973+00	20250623140028_new_migration_campaign_wizard	\N	\N	2025-07-01 15:23:00.664548+00	1
61534db9-ebcf-4ca1-a21e-9479abd964e2	4c4da8483294e9b57e9052f2c130c38c2a0bf369b8a8af226e76e575124030e0	2025-07-14 11:18:20.396033+00	20250714111817_iqm	\N	\N	2025-07-14 11:18:19.169123+00	1
ff3ea4fb-d2c0-4d02-aaa2-c84deef3179d	ee5a17339d8344e8b03d25ddc14e86f06b24ea2a912ce3ac1058829c575a2a19	2025-07-01 15:23:05.406413+00	20250626103215_iqm_campaign_add_scheduling_coloumn	\N	\N	2025-07-01 15:23:04.162383+00	1
f7beac1c-f036-460b-a30a-d0fe926ff209	342d256bb869073aba8f32d82b566d0edf01c04721723455dad4edfe2055340c	2025-07-03 09:33:57.353099+00	20250703093354_iqm_demographics	\N	\N	2025-07-03 09:33:56.040804+00	1
0ad638dc-f9cc-4f11-9e35-c2be882444e9	7362af3d8d861b276f56d69602ef8b55f66a2d740e6bed36a29f950958946309	2025-07-01 15:24:55.1865+00	20250701152452_audience_type	\N	\N	2025-07-01 15:24:53.93046+00	1
\.


--
-- Data for Name: campaign_categories; Type: TABLE DATA; Schema: public; Owner: postgres
--

COPY "public"."campaign_categories" ("name", "id") FROM stdin;
Education	69f52ebc-487f-4b7c-9302-70767d524789
Environment	97ddb266-6486-4390-b6e4-5ceac561e772
Candidate	ebbe7ce4-4ee8-4998-926f-93c7bc03e9c3
Healthcare	1897ffa8-bcc3-44dc-a1b7-559cdcce2f0a
Public Safety	a6587c0f-baa7-4779-8b8b-8eeffffd8eaa
\.


--
-- Data for Name: roles; Type: TABLE DATA; Schema: public; Owner: postgres
--

COPY "public"."roles" ("id", "name") FROM stdin;
ca122d96-c991-406c-8154-70e8ec25a7f7	admin
2d0e0ce8-267c-422b-9135-1cb6c3ac4947	member
4b15c4cb-4781-47ef-8a53-5e3d4528afa8	viewer
ed390981-c8b3-4052-a76d-ef54d12a25a6	agency_admin
3b9091c7-b455-4181-a8b1-1252f3482e9f	agency_member
\.


--
-- Data for Name: users; Type: TABLE DATA; Schema: public; Owner: postgres
--

COPY "public"."users" ("id", "clerk_user_id", "email", "first_name", "last_name", "username", "image_url", "profile_image_url", "external_id", "password_enabled", "two_factor_enabled", "last_sign_in_at", "created_at", "updated_at", "primary_email_address_id", "primary_phone_number_id", "primary_web3_wallet_id", "all_step_completed", "user_role_id") FROM stdin;
b364e742-8154-4702-9cc2-a4d52f7c99e7	user_2z0RzWEnen3BZ07uO6l9tcpZ3gg	lojalexe@forexzig.com	soya	bean	\N	https://img.clerk.com/eyJ0eXBlIjoiZGVmYXVsdCIsImlpZCI6Imluc18yeTJqZ0p4UHo1UlZvSWtEaFF2MVNwQkh4Zm4iLCJyaWQiOiJ1c2VyXzJ6MFJ6V0VuZW4zQlowN3VPNmw5dGNwWjNnZyIsImluaXRpYWxzIjoiU0IifQ	\N	\N	t	f	\N	2025-07-01 15:22:55.917+00	2025-07-01 15:22:55.917+00	\N	\N	\N	f	\N
be30d478-377c-4b31-956d-1baad6d10377	user_2zGZFEx6JWx0IrR77l8oPxX7oKn	6o6vmt1ozp@illubd.com	jasen	smith	\N	https://img.clerk.com/eyJ0eXBlIjoiZGVmYXVsdCIsImlpZCI6Imluc18yeTJqZ0p4UHo1UlZvSWtEaFF2MVNwQkh4Zm4iLCJyaWQiOiJ1c2VyXzJ6R1pGRXg2Sld4MElyUjc3bDhvUHhYN29LbiIsImluaXRpYWxzIjoiSlMifQ	\N	\N	t	f	\N	2025-07-01 15:23:52.997+00	2025-07-01 15:23:52.997+00	\N	\N	\N	f	\N
1b7995ee-82e0-4f5b-853b-85ed0657ac8b	user_2yxFgB3Jjx1gGXblxEducuc7e75	tosives450@boxmach.com	Soumya Ranjan	Behera	\N	https://img.clerk.com/eyJ0eXBlIjoiZGVmYXVsdCIsImlpZCI6Imluc18yeTJqZ0p4UHo1UlZvSWtEaFF2MVNwQkh4Zm4iLCJyaWQiOiJ1c2VyXzJ5eEZnQjNKangxZ0dYYmx4RWR1Y3VjN2U3NSIsImluaXRpYWxzIjoiU0IifQ	\N	\N	t	f	\N	2025-07-01 15:29:10.154+00	2025-07-01 15:29:10.154+00	\N	\N	\N	f	\N
6c606592-973b-48fe-a459-7368e775dfc5	user_2zHSWzb4nXVJMeQE9zbVxGuNRje	pm26ec4ai1@cmhvzylmfc.com	jack	will	\N	https://img.clerk.com/eyJ0eXBlIjoiZGVmYXVsdCIsImlpZCI6Imluc18yeTJqZ0p4UHo1UlZvSWtEaFF2MVNwQkh4Zm4iLCJyaWQiOiJ1c2VyXzJ6SFNXemI0blhWSk1lUUU5emJWeEd1TlJqZSIsImluaXRpYWxzIjoiSlcifQ	\N	\N	t	f	\N	2025-07-01 16:15:57.683+00	2025-07-01 16:15:57.683+00	\N	\N	\N	f	\N
3d04d309-fe74-4fca-aefa-d555528094ae	user_2zHVUBlxB8wXOFua2Gp0rm6DYCi	wrsefdbtr4@zudpck.com	Soumya Ranjan	Behera	\N	https://img.clerk.com/eyJ0eXBlIjoiZGVmYXVsdCIsImlpZCI6Imluc18yeTJqZ0p4UHo1UlZvSWtEaFF2MVNwQkh4Zm4iLCJyaWQiOiJ1c2VyXzJ6SFZVQmx4Qjh3WE9GdWEyR3Awcm02RFlDaSIsImluaXRpYWxzIjoiU0IifQ	\N	\N	t	f	\N	2025-07-01 16:40:08.807+00	2025-07-01 16:40:08.807+00	\N	\N	\N	f	\N
170632c9-7a87-42d7-a2b3-7f027e49aa2a	user_2zMxxhSYNKteUVqPwPWsNRpxRlp	huwura@cyclelove.cc	MS	Dhoni	\N	https://img.clerk.com/eyJ0eXBlIjoiZGVmYXVsdCIsImlpZCI6Imluc18yeTJqZ0p4UHo1UlZvSWtEaFF2MVNwQkh4Zm4iLCJyaWQiOiJ1c2VyXzJ6TXh4aFNZTkt0ZVVWcVB3UFdzTlJweFJscCIsImluaXRpYWxzIjoiTUQifQ	\N	\N	t	f	\N	2025-07-03 15:03:26.048+00	2025-07-03 15:03:26.048+00	\N	\N	\N	f	\N
be0922b5-598d-46f5-9092-83431681a7dc	user_2zMyDI7DDNH1L5H1i48eX4SVqJ2	yymwfa57ou@mrotzis.com	tesing 	user	\N	https://img.clerk.com/eyJ0eXBlIjoiZGVmYXVsdCIsImlpZCI6Imluc18yeTJqZ0p4UHo1UlZvSWtEaFF2MVNwQkh4Zm4iLCJyaWQiOiJ1c2VyXzJ6TXlESTdERE5IMUw1SDFpNDhlWDRTVnFKMiIsImluaXRpYWxzIjoiVFUifQ	\N	\N	t	f	\N	2025-07-03 15:06:03.182+00	2025-07-03 15:06:03.182+00	\N	\N	\N	f	\N
8d76623c-22a0-40bb-bc0c-f5f5d41c346f	user_2yHiAXgACHA0TtqtzsHK94Z2bwN	sashenkaviolet@punkproof.com	Horse 	Doe	\N	https://img.clerk.com/eyJ0eXBlIjoiZGVmYXVsdCIsImlpZCI6Imluc18yeTJqZ0p4UHo1UlZvSWtEaFF2MVNwQkh4Zm4iLCJyaWQiOiJ1c2VyXzJ5SGlBWGdBQ0hBMFR0cXR6c0hLOTRaMmJ3TiIsImluaXRpYWxzIjoiSEQifQ	\N	\N	t	f	\N	2025-07-03 16:32:10.559+00	2025-07-03 16:32:10.559+00	\N	\N	\N	f	\N
600c8a3d-cbd3-40c6-afc0-cc8c247d289b	user_2zP2Le3wJDOzJMfG49hnyGQkcbu	52vus@punkproof.com	Soumya 	Ranjan	\N	https://img.clerk.com/eyJ0eXBlIjoiZGVmYXVsdCIsImlpZCI6Imluc18yeTJqZ0p4UHo1UlZvSWtEaFF2MVNwQkh4Zm4iLCJyaWQiOiJ1c2VyXzJ6UDJMZTN3SkRPekpNZkc0OWhueUdRa2NidSIsImluaXRpYWxzIjoiU1IifQ	\N	\N	t	f	\N	2025-07-04 08:39:03.977+00	2025-07-04 08:39:03.977+00	\N	\N	\N	f	\N
240b27c0-0c2d-47c2-9715-4ba4081085fc	user_2zP4tNlsk4P7vV3KkjaDmSepDvq	2qlxm73i93@xkxkud.com	surya	smith	\N	https://img.clerk.com/eyJ0eXBlIjoiZGVmYXVsdCIsImlpZCI6Imluc18yeTJqZ0p4UHo1UlZvSWtEaFF2MVNwQkh4Zm4iLCJyaWQiOiJ1c2VyXzJ6UDR0TmxzazRQN3ZWM0tramFEbVNlcER2cSIsImluaXRpYWxzIjoiU1MifQ	\N	\N	t	f	\N	2025-07-04 09:00:09.566+00	2025-07-04 09:00:09.566+00	\N	\N	\N	f	\N
02c728e6-84df-4f27-a8b7-b0ff6c6db382	user_2zP8cSUIE3hxsGpop5OOWOZUFKj	p31fy@punkproof.com	Soumya 	Behera	\N	https://img.clerk.com/eyJ0eXBlIjoiZGVmYXVsdCIsImlpZCI6Imluc18yeTJqZ0p4UHo1UlZvSWtEaFF2MVNwQkh4Zm4iLCJyaWQiOiJ1c2VyXzJ6UDhjU1VJRTNoeHNHcG9wNU9PV09aVUZLaiIsImluaXRpYWxzIjoiU0IifQ	\N	\N	t	f	\N	2025-07-04 09:31:28.617+00	2025-07-04 09:31:28.617+00	\N	\N	\N	f	\N
a4daad9b-636d-40c2-839a-e907b7090415	user_2zPOPqGXYixXYUG0ElyiiogAMoA	wbrpgktdih@wyoxafp.com	SS	rock	\N	https://img.clerk.com/eyJ0eXBlIjoiZGVmYXVsdCIsImlpZCI6Imluc18yeTJqZ0p4UHo1UlZvSWtEaFF2MVNwQkh4Zm4iLCJyaWQiOiJ1c2VyXzJ6UE9QcUdYWWl4WFlVRzBFbHlpaW9nQU1vQSIsImluaXRpYWxzIjoiU1IifQ	\N	\N	t	f	\N	2025-07-04 11:40:48.048+00	2025-07-04 11:40:48.048+00	\N	\N	\N	f	\N
deaf9ed2-1285-4d90-8dab-127ef70a23ad	user_2zPvkszRTURIlW4kSX5ZcukZrwi	i70tq@punkproof.com	Soumya	Ranjan	\N	https://img.clerk.com/eyJ0eXBlIjoiZGVmYXVsdCIsImlpZCI6Imluc18yeTJqZ0p4UHo1UlZvSWtEaFF2MVNwQkh4Zm4iLCJyaWQiOiJ1c2VyXzJ6UHZrc3pSVFVSSWxXNGtTWDVaY3VrWnJ3aSIsImluaXRpYWxzIjoiU1IifQ	\N	\N	t	f	\N	2025-07-04 16:14:38.288+00	2025-07-04 16:14:38.288+00	\N	\N	\N	f	\N
bce6c949-bfa4-49fb-97fe-5fbfd2bd7e1a	user_2zPw9WG2yKliDm99VfuRvXpZyva	3qiew@punkproof.com	Soumya	Ranjan	\N	https://img.clerk.com/eyJ0eXBlIjoiZGVmYXVsdCIsImlpZCI6Imluc18yeTJqZ0p4UHo1UlZvSWtEaFF2MVNwQkh4Zm4iLCJyaWQiOiJ1c2VyXzJ6UHc5V0cyeUtsaURtOTlWZnVSdlhwWnl2YSIsImluaXRpYWxzIjoiU1IifQ	\N	\N	t	f	\N	2025-07-04 16:17:58.013+00	2025-07-04 16:17:58.013+00	\N	\N	\N	f	\N
5b565642-745c-4758-aca8-b6417cf94d37	user_2zXg3wR4SeGwsXaJ693c5YzGetG	6jd8jvp8f1@cmhvzylmfc.com	Test	Account1	\N	https://img.clerk.com/eyJ0eXBlIjoiZGVmYXVsdCIsImlpZCI6Imluc18yeTJqZ0p4UHo1UlZvSWtEaFF2MVNwQkh4Zm4iLCJyaWQiOiJ1c2VyXzJ6WGczd1I0U2VHd3NYYUo2OTNjNVl6R2V0RyIsImluaXRpYWxzIjoiVEEifQ	\N	\N	t	f	\N	2025-07-07 10:04:06.036+00	2025-07-07 10:04:06.036+00	\N	\N	\N	f	\N
bdad0a7d-21ca-4433-a9bf-11debe4b6891	user_2zXkEeKmrWOzoXcDUABwXcMEkfV	repekodu@forexnews.bg	Test 	Account	\N	https://img.clerk.com/eyJ0eXBlIjoiZGVmYXVsdCIsImlpZCI6Imluc18yeTJqZ0p4UHo1UlZvSWtEaFF2MVNwQkh4Zm4iLCJyaWQiOiJ1c2VyXzJ6WGtFZUttcldPem9YY0RVQUJ3WGNNRWtmViIsImluaXRpYWxzIjoiVEEifQ	\N	\N	t	f	\N	2025-07-07 10:39:36.307+00	2025-07-07 10:39:36.307+00	\N	\N	\N	f	\N
439febbb-d26d-4be6-a06a-11fd6bff5125	user_2zXrTVeYR6iUwEqGElJyBzHGUeh	dicike@forexzig.com	Test	account	\N	https://img.clerk.com/eyJ0eXBlIjoiZGVmYXVsdCIsImlpZCI6Imluc18yeTJqZ0p4UHo1UlZvSWtEaFF2MVNwQkh4Zm4iLCJyaWQiOiJ1c2VyXzJ6WHJUVmVZUjZpVXdFcUdFbEp5QnpIR1VlaCIsImluaXRpYWxzIjoiVEEifQ	\N	\N	t	f	\N	2025-07-07 11:37:55.592+00	2025-07-07 11:37:55.592+00	\N	\N	\N	f	\N
68d0cff2-88f7-4afa-89f8-0b1670a4e4af	user_2zXwMAARwQBoxVJeZawptvEdmYO	manash.nexgen@gmail.com	Manash	Baruah	\N	https://img.clerk.com/eyJ0eXBlIjoiZGVmYXVsdCIsImlpZCI6Imluc18yeTJqZ0p4UHo1UlZvSWtEaFF2MVNwQkh4Zm4iLCJyaWQiOiJ1c2VyXzJ6WHdNQUFSd1FCb3hWSmVaYXdwdHZFZG1ZTyIsImluaXRpYWxzIjoiTUIifQ	\N	\N	t	f	\N	2025-07-07 12:18:41.084+00	2025-07-07 12:18:41.084+00	\N	\N	\N	f	\N
425a2d0e-b8f5-40c1-9ff6-dc2749073206	user_2zY4uRS1CgP9Dn0qH22O0UE8P3h	jujyse@forexzig.com	Soumya	Ranjan	\N	https://img.clerk.com/eyJ0eXBlIjoiZGVmYXVsdCIsImlpZCI6Imluc18yeTJqZ0p4UHo1UlZvSWtEaFF2MVNwQkh4Zm4iLCJyaWQiOiJ1c2VyXzJ6WTR1UlMxQ2dQOURuMHFIMjJPMFVFOFAzaCIsImluaXRpYWxzIjoiU1IifQ	\N	\N	t	f	\N	2025-07-07 13:28:32.859+00	2025-07-07 13:28:32.859+00	\N	\N	\N	f	\N
76e256c8-6bc7-49db-ba72-2fbacf5e1e13	user_2zY5YJ6bVj2BuvzGTJh1bhWqVFG	tu5rj21i2g@cmhvzylmfc.com	test	user	\N	https://img.clerk.com/eyJ0eXBlIjoiZGVmYXVsdCIsImlpZCI6Imluc18yeTJqZ0p4UHo1UlZvSWtEaFF2MVNwQkh4Zm4iLCJyaWQiOiJ1c2VyXzJ6WTVZSjZiVmoyQnV2ekdUSmgxYmhXcVZGRyIsImluaXRpYWxzIjoiVFUifQ	\N	\N	t	f	\N	2025-07-07 13:33:43.943+00	2025-07-07 13:33:43.943+00	\N	\N	\N	f	\N
f8431e17-dba7-4581-844a-ac6b4d4117c9	user_2zY6phqvTcTPJcT4W3S0iU1vdXE	zekofici@fxzig.com	Soumya 	Ranjan	\N	https://img.clerk.com/eyJ0eXBlIjoiZGVmYXVsdCIsImlpZCI6Imluc18yeTJqZ0p4UHo1UlZvSWtEaFF2MVNwQkh4Zm4iLCJyaWQiOiJ1c2VyXzJ6WTZwaHF2VGNUUEpjVDRXM1MwaVUxdmRYRSIsImluaXRpYWxzIjoiU1IifQ	\N	\N	t	f	\N	2025-07-07 13:44:15.976+00	2025-07-07 13:44:15.976+00	\N	\N	\N	f	\N
02793e0b-921a-49b3-986e-7368a859b5ad	user_2zY7NmwPpjTfwy1N4jA0xuDCc7Q	aole5qlwvv@mkzaso.com	token	tst	\N	https://img.clerk.com/eyJ0eXBlIjoiZGVmYXVsdCIsImlpZCI6Imluc18yeTJqZ0p4UHo1UlZvSWtEaFF2MVNwQkh4Zm4iLCJyaWQiOiJ1c2VyXzJ6WTdObXdQcGpUZnd5MU40akEweHVEQ2M3USIsImluaXRpYWxzIjoiVFQifQ	\N	\N	t	f	\N	2025-07-07 13:49:00.029+00	2025-07-07 13:49:00.029+00	\N	\N	\N	f	\N
b00682e7-0c79-45f3-b9c2-e3e0abe13058	user_2zY9LNFRJlKPVjIfFuOyghfiguS	wyloxy@forexzig.com	Soumya	Ranjan	\N	https://img.clerk.com/eyJ0eXBlIjoiZGVmYXVsdCIsImlpZCI6Imluc18yeTJqZ0p4UHo1UlZvSWtEaFF2MVNwQkh4Zm4iLCJyaWQiOiJ1c2VyXzJ6WTlMTkZSSmxLUFZqSWZGdU95Z2hmaWd1UyIsImluaXRpYWxzIjoiU1IifQ	\N	\N	t	f	\N	2025-07-07 14:04:54.782+00	2025-07-07 14:04:54.782+00	\N	\N	\N	f	\N
24975ca2-6aed-4a8f-8656-519069e1f613	user_2zYA3zg5Kk2qi34yp1s4MuNHNS1	bxr6rvchk6@mrotzis.com	test	user	\N	https://img.clerk.com/eyJ0eXBlIjoiZGVmYXVsdCIsImlpZCI6Imluc18yeTJqZ0p4UHo1UlZvSWtEaFF2MVNwQkh4Zm4iLCJyaWQiOiJ1c2VyXzJ6WUEzemc1S2sycWkzNHlwMXM0TXVOSE5TMSIsImluaXRpYWxzIjoiVFUifQ	\N	\N	t	f	\N	2025-07-07 14:10:53.222+00	2025-07-07 14:10:53.222+00	\N	\N	\N	f	\N
ef0cac4a-de68-44ef-b535-bc99a4fa1c23	user_2zdE2Cr3T2MXySm2DTbXjZtbHUY	dilip.mishra@ishvaratech.com	Dilip Kumar	Mishra	\N	https://img.clerk.com/eyJ0eXBlIjoiZGVmYXVsdCIsImlpZCI6Imluc18yeTJqZ0p4UHo1UlZvSWtEaFF2MVNwQkh4Zm4iLCJyaWQiOiJ1c2VyXzJ6ZEUyQ3IzVDJNWHlTbTJEVGJYalp0YkhVWSIsImluaXRpYWxzIjoiRE0ifQ	\N	\N	t	f	\N	2025-07-09 09:12:42.812+00	2025-07-09 09:12:42.812+00	\N	\N	\N	f	\N
e855d5be-8ff1-4a85-9392-0c6973c5c9d7	user_30LvpeQxuCaUk8RXnkJ6BWnerhp	2mk11owfgy@ibolinva.com	Virat	Smith	\N	https://img.clerk.com/eyJ0eXBlIjoiZGVmYXVsdCIsImlpZCI6Imluc18yeTJqZ0p4UHo1UlZvSWtEaFF2MVNwQkh4Zm4iLCJyaWQiOiJ1c2VyXzMwTHZwZVF4dUNhVWs4Ulhua0o2QlduZXJocCIsImluaXRpYWxzIjoiVlMifQ	\N	\N	t	f	\N	2025-07-25 05:15:38.434+00	2025-07-25 05:15:38.434+00	\N	\N	\N	f	\N
821c054d-5ff4-4758-b4fb-ac0842eb3206	user_30N38zrKBRzRX0GB6YRzE0xmbFg	dareengreen@mechanicspedia.com	Darren	Warren	\N	https://img.clerk.com/eyJ0eXBlIjoiZGVmYXVsdCIsImlpZCI6Imluc18yeTJqZ0p4UHo1UlZvSWtEaFF2MVNwQkh4Zm4iLCJyaWQiOiJ1c2VyXzMwTjM4enJLQlJ6UlgwR0I2WVJ6RTB4bWJGZyIsImluaXRpYWxzIjoiRFcifQ	\N	\N	t	f	\N	2025-07-25 14:34:31.99+00	2025-07-25 14:34:31.99+00	\N	\N	\N	f	\N
\.


--
-- Data for Name: organizations; Type: TABLE DATA; Schema: public; Owner: postgres
--

COPY "public"."organizations" ("id", "slug", "type", "parent_org_id", "created_by", "display_name", "organization_settings", "default_timezone", "billing_address", "tax_information", "created_at", "updated_at", "vendor_org_id") FROM stdin;
fcb7f88c-6f3c-4a3c-9768-2760dac115b1	techop-org	main	\N	6c606592-973b-48fe-a459-7368e775dfc5	tech org	{}	UTC	\N	\N	2025-07-01 16:21:18.305+00	2025-07-01 16:21:18.305+00	org_2zHTDM9SGMVlQ7xrRhZo62cEOqA
d5f3c148-72db-4168-90c9-5d3178b5e435	fb	main	\N	3d04d309-fe74-4fca-aefa-d555528094ae	fb	{}	UTC	\N	\N	2025-07-01 16:40:41.95+00	2025-07-01 16:40:41.95+00	org_2zHVZTSVfvSKhylNbRJNv2e3nhd
ef7a1028-beeb-4c63-9c83-4096a3156e3c	amazon	main	\N	170632c9-7a87-42d7-a2b3-7f027e49aa2a	Amazon	{}	UTC	\N	\N	2025-07-03 15:03:58.384+00	2025-07-03 15:03:58.384+00	org_2zMy3aRbMG3vCYYMkDolRkolxQJ
bb6d62f7-1328-4f40-b230-adfcdba49745	testing-org	main	\N	be0922b5-598d-46f5-9092-83431681a7dc	testing org	{}	UTC	\N	\N	2025-07-03 15:06:22.927+00	2025-07-03 15:06:22.927+00	org_2zMyLkChiSoWxQ9f6CdkGWPyC88
54b8420a-71c9-4197-8aef-750eae5921ea	anne-org	main	\N	8d76623c-22a0-40bb-bc0c-f5f5d41c346f	anne org	{}	UTC	\N	\N	2025-07-03 16:35:48.097+00	2025-07-03 16:35:48.097+00	org_2zN9DvWSn7cY4HeIwEHNneOJEV7
55846b19-57b3-47f3-8daf-3176242a7961	test-org	main	\N	600c8a3d-cbd3-40c6-afc0-cc8c247d289b	test org	{}	UTC	\N	\N	2025-07-04 08:39:27.709+00	2025-07-04 08:39:27.709+00	org_2zP2PwCPNp6y8vczYjhe1mtNXH4
4afa1f6f-7abd-4fab-b9e0-b99f3008629b	gaming-xorg	main	\N	240b27c0-0c2d-47c2-9715-4ba4081085fc	gaming xorg	{}	UTC	\N	\N	2025-07-04 09:07:05.961+00	2025-07-04 09:07:05.961+00	org_2zP5mAhynfqAXLGighcChOTDaol
46193251-355f-4801-98fc-d7cc3e24995b	soumya-org	main	\N	02c728e6-84df-4f27-a8b7-b0ff6c6db382	soumya org	{}	UTC	\N	\N	2025-07-04 09:33:03.413+00	2025-07-04 09:33:03.413+00	org_2zP8w6Bw0rhNe02ru2m2FKTSSWB
2bd688ce-805f-46ab-8748-91e138f0cb2b	technical-org	main	\N	a4daad9b-636d-40c2-839a-e907b7090415	technical org	{}	UTC	\N	\N	2025-07-04 11:42:53.076+00	2025-07-04 11:42:53.076+00	org_2zPOildeybstQhc57ewSz8HL8Jk
efc339d9-06b4-46df-a2db-bbb62acb3d9b	ishvaratech	main	\N	deaf9ed2-1285-4d90-8dab-127ef70a23ad	ishvaratech	{}	UTC	\N	\N	2025-07-04 16:15:25.942+00	2025-07-04 16:15:25.942+00	org_2zPvs2epNjmDKxbi5hKUU3o8jbG
3581f795-474f-4d6e-bc91-d83925439456	nexgen	main	\N	bce6c949-bfa4-49fb-97fe-5fbfd2bd7e1a	nexgen	{}	UTC	\N	\N	2025-07-04 16:18:17.274+00	2025-07-04 16:18:17.274+00	org_2zPwDapMfKVNNTSOkq3njX9HPt9
9113ff08-0bb6-4428-9079-909c44b9e50c	test1	main	\N	5b565642-745c-4758-aca8-b6417cf94d37	test1	{}	UTC	\N	\N	2025-07-07 10:04:26.457+00	2025-07-07 10:04:26.457+00	org_2zXg7eBO1T1GdyLzFKCqq4I2jLw
9b341360-11fb-4bca-b4b8-6a5dc9e58419	dilip-org	main	\N	bdad0a7d-21ca-4433-a9bf-11debe4b6891	dilip org	{}	UTC	\N	\N	2025-07-07 10:40:25.267+00	2025-07-07 10:40:25.267+00	org_2zXkUtTVJ2qan5iWgA38dHML6cG
663b63d1-889b-4617-8ae8-27cf9c474a50	test34	main	\N	439febbb-d26d-4be6-a06a-11fd6bff5125	test34	{}	UTC	\N	\N	2025-07-07 11:40:31.266+00	2025-07-07 11:40:31.266+00	org_2zXro0w290BGC27Q0pQIiZApdUo
c16f51b4-00df-4c3c-9cd7-13e98f623d89	mj-org	main	\N	68d0cff2-88f7-4afa-89f8-0b1670a4e4af	mj org	{}	UTC	\N	\N	2025-07-07 12:19:12.593+00	2025-07-07 12:19:12.593+00	org_2zXwVobLifIrlKmT0H6tp57xdwS
c84e4db7-b419-498f-bddf-2bdc42a948c8	test4	main	\N	425a2d0e-b8f5-40c1-9ff6-dc2749073206	test4	{}	UTC	\N	\N	2025-07-07 13:28:54.061+00	2025-07-07 13:28:54.061+00	org_2zY4z9feCpmvDwGUHIL9jbi5hOR
2ee92b63-9c1e-4d64-a395-1b7e955cf40a	soulorg	main	\N	76e256c8-6bc7-49db-ba72-2fbacf5e1e13	soulorg	{}	UTC	\N	\N	2025-07-07 13:34:17.52+00	2025-07-07 13:34:17.52+00	org_2zY5dyVUdT9KnOVdMzLw3Wbh7tB
96e3ef66-536a-47be-bc12-00e6fe4168ac	test45	main	\N	f8431e17-dba7-4581-844a-ac6b4d4117c9	test45	{}	UTC	\N	\N	2025-07-07 13:44:32.454+00	2025-07-07 13:44:32.454+00	org_2zY6tHJJQmpzirFJ3gSCD9SNghG
545f9f32-b213-43b6-8324-17f95a3d3133	test54	main	\N	b00682e7-0c79-45f3-b9c2-e3e0abe13058	test54	{}	UTC	\N	\N	2025-07-07 14:05:07.964+00	2025-07-07 14:05:07.964+00	org_2zY9OQV7oVQORtC9MLdDpp7ZMt4
d81a7617-151b-45a7-80ac-f7881d641965	bapu-orgsnew	main	\N	02793e0b-921a-49b3-986e-7368a859b5ad	bapu orgsnew	{}	UTC	\N	\N	2025-07-07 14:07:45.94+00	2025-07-07 14:07:45.94+00	org_2zY9iNh6UinNb4pPIcO9GSjGpoN
6a6a836d-0a3d-499f-8f37-7f958307a587	tech-orgnew	main	\N	24975ca2-6aed-4a8f-8656-519069e1f613	tech orgnew	{}	UTC	\N	\N	2025-07-07 14:11:09.969+00	2025-07-07 14:11:09.969+00	org_2zYA80S49b3mqqrCUxPpbH7iVC5
d68a6f7a-c306-45e1-a841-ee293f50352c	biswajittests-org	main	\N	e855d5be-8ff1-4a85-9392-0c6973c5c9d7	biswajittest's org	{}	UTC	\N	\N	2025-07-25 05:26:29.468+00	2025-07-25 05:26:29.468+00	org_30LyXd71PBDMaWRQF07QezhbFWv
cff2417c-c6d6-4a5c-8c57-cc2e06693064	darren-org	main	\N	821c054d-5ff4-4758-b4fb-ac0842eb3206	darren org	{}	UTC	\N	\N	2025-07-25 14:34:54.672+00	2025-07-25 14:34:54.672+00	org_30N3Ec3swzzulr1IyV8KLS1PAwW
\.


--
-- Data for Name: insertion_orders; Type: TABLE DATA; Schema: public; Owner: postgres
--

COPY "public"."insertion_orders" ("id", "org_id", "created_by", "name", "description", "start_date", "end_date", "timezone_id", "total_budget", "budget_type", "budget_distribution_method", "status", "iqm_io_id", "iqm_budget_day", "iqm_performance_goal", "iqm_distribution_method_id", "platform_references", "created_at", "updated_at") FROM stdin;
f07b1d20-fbe0-4a73-a747-ade55cd22fd3	fcb7f88c-6f3c-4a3c-9768-2760dac115b1	6c606592-973b-48fe-a459-7368e775dfc5	movie campaigns	test	2025-07-02 00:00:00+00	2025-07-03 00:00:00+00	0	5684.00	currency	manual	draft	\N	\N	\N	\N	{}	2025-07-01 16:26:06.072+00	2025-07-01 16:26:06.072+00
cee16056-befc-47f9-a7ba-b6960f15d5b5	fcb7f88c-6f3c-4a3c-9768-2760dac115b1	6c606592-973b-48fe-a459-7368e775dfc5	movie campaigns	test	2025-07-02 00:00:00+00	2025-07-02 00:00:00+00	29	45265.00	currency	manual	draft	\N	\N	\N	\N	{}	2025-07-02 09:09:10.662+00	2025-07-02 09:09:10.662+00
1d841eaa-edbe-4f25-bdea-dc7c5caee94c	fcb7f88c-6f3c-4a3c-9768-2760dac115b1	6c606592-973b-48fe-a459-7368e775dfc5	news	No description provided.	2025-07-09 00:00:00+00	2025-07-19 00:00:00+00	423	456.00	currency	manual	draft	\N	\N	\N	\N	{"ioId": 5694, "owId": 2148, "ioName": "soumya test1", "ioEndTime": 1751965345000, "ioStatusId": 1, "ioStartTime": 1751533345000, "ioTimeZoneId": 1, "ioTotalBudget": 12345, "createdByUowId": 41148, "ioBudgetTypeId": 1, "isIoPrioritise": false, "modifiedByUowId": 41148, "ioCurrentPriority": null, "ioTotalImpressions": null, "ioLastPriorityShift": null, "ioNextPerformanceCheck": null, "isAutoSumIoTotalBudget": false, "ioBudgetDistributionMethodId": 1}	2025-07-02 09:11:05.658+00	2025-07-02 09:31:43.717+00
b2f4766d-698f-4463-9a25-db5c37a34712	fcb7f88c-6f3c-4a3c-9768-2760dac115b1	6c606592-973b-48fe-a459-7368e775dfc5	news ads2	test	2025-07-03 00:00:00+00	2025-07-04 00:00:00+00	105	7895.00	currency	manual	draft	\N	\N	\N	\N	{}	2025-07-02 09:32:08.118+00	2025-07-02 09:32:08.118+00
ef688436-f60b-43bc-b9df-792c4ece8abf	bb6d62f7-1328-4f40-b230-adfcdba49745	be0922b5-598d-46f5-9092-83431681a7dc	new test	test	2025-07-04 00:00:00+00	2025-07-04 00:00:00+00	423	4856.00	currency	manual	draft	\N	\N	\N	\N	{}	2025-07-04 08:39:45.417+00	2025-07-04 08:39:45.417+00
510ad1d8-1c19-4388-b81e-0be7febe0b8e	d5f3c148-72db-4168-90c9-5d3178b5e435	3d04d309-fe74-4fca-aefa-d555528094ae	Test IO	test	2025-07-04 00:00:00+00	2025-07-13 00:00:00+00	423	1234.00	currency	manual	draft	5697	\N	\N	\N	"Test IO1 saved successfully."	2025-07-02 09:44:06.24+00	2025-07-02 10:00:39.186+00
c718982d-10b2-4bc4-a5e8-84679fd0dc32	bb6d62f7-1328-4f40-b230-adfcdba49745	be0922b5-598d-46f5-9092-83431681a7dc	Biswajit test	test	2025-07-04 00:00:00+00	2025-07-05 00:00:00+00	29	4569.00	currency	manual	draft	\N	\N	\N	\N	{}	2025-07-04 08:46:28.64+00	2025-07-04 08:46:28.64+00
951483b8-2bbf-4d08-883e-142e071c69eb	ef7a1028-beeb-4c63-9c83-4096a3156e3c	170632c9-7a87-42d7-a2b3-7f027e49aa2a	Test IO4	2	2025-07-02 00:00:00+00	2025-07-10 00:00:00+00	29	2222.00	currency	manual	draft	5712	\N	\N	\N	{"ioId": 5712, "owId": 2148, "ioName": "Test IO2", "ioEndTime": 1753574400000, "ioStatusId": 1, "ioStartTime": 1752192000000, "ioTimeZoneId": 29, "ioTotalBudget": 2222, "createdByUowId": 41148, "ioBudgetTypeId": 1, "isIoPrioritise": false, "modifiedByUowId": 41148, "ioCurrentPriority": null, "ioTotalImpressions": null, "ioLastPriorityShift": null, "ioNextPerformanceCheck": null, "isAutoSumIoTotalBudget": false, "ioBudgetDistributionMethodId": 1}	2025-07-03 15:26:56.953+00	2025-07-03 15:30:44.265+00
e9c1a01a-a924-4d95-bd32-b74f4dfe33da	d5f3c148-72db-4168-90c9-5d3178b5e435	3d04d309-fe74-4fca-aefa-d555528094ae	New IO	No description provided.	2025-07-03 00:00:00+00	2025-07-12 00:00:00+00	423	1234.00	currency	manual	draft	\N	\N	\N	\N	{}	2025-07-03 15:35:03.516+00	2025-07-03 15:35:03.516+00
bec9e4f7-784c-4c32-bd2e-7223b67053f7	fcb7f88c-6f3c-4a3c-9768-2760dac115b1	6c606592-973b-48fe-a459-7368e775dfc5	political ok	test	2025-07-03 00:00:00+00	2025-07-04 00:00:00+00	423	4562.00	currency	manual	draft	5696	\N	\N	\N	"political ok saved successfully."	2025-07-02 09:36:15.308+00	2025-07-02 10:48:59.547+00
90c7bc3a-4b4a-4988-8661-bfba9f771486	bb6d62f7-1328-4f40-b230-adfcdba49745	be0922b5-598d-46f5-9092-83431681a7dc	news ads test	test	2025-07-03 00:00:00+00	2025-07-04 00:00:00+00	29	4562.00	currency	manual	draft	\N	\N	\N	\N	{}	2025-07-03 15:09:28.351+00	2025-07-03 15:09:28.351+00
3d062e1c-dd5a-4e49-8c6e-60d627cb70f0	bb6d62f7-1328-4f40-b230-adfcdba49745	be0922b5-598d-46f5-9092-83431681a7dc	movie campaignsq	test	2025-07-03 00:00:00+00	2025-07-04 00:00:00+00	105	4562.00	currency	manual	draft	\N	\N	\N	\N	{}	2025-07-03 15:10:40.379+00	2025-07-03 15:17:11.125+00
598b4af4-54df-425a-a3c7-3f3e0ddda1f4	ef7a1028-beeb-4c63-9c83-4096a3156e3c	170632c9-7a87-42d7-a2b3-7f027e49aa2a	IQM IO	No description provided.	2025-07-03 00:00:00+00	2025-07-13 00:00:00+00	423	1234.00	currency	manual	draft	5711	\N	\N	\N	{"ioId": 5711, "owId": 2148, "ioName": "test2", "ioEndTime": 1751896795000, "ioStatusId": 1, "ioStartTime": 1751723995000, "ioTimeZoneId": 105, "ioTotalBudget": 4562, "createdByUowId": 41148, "ioBudgetTypeId": 1, "isIoPrioritise": false, "modifiedByUowId": 41148, "ioCurrentPriority": null, "ioTotalImpressions": null, "ioLastPriorityShift": null, "ioNextPerformanceCheck": null, "isAutoSumIoTotalBudget": false, "ioBudgetDistributionMethodId": 1}	2025-07-03 15:08:01.725+00	2025-07-03 15:20:27.502+00
0184b63e-ca40-48b3-bcdf-7d0508946056	ef7a1028-beeb-4c63-9c83-4096a3156e3c	170632c9-7a87-42d7-a2b3-7f027e49aa2a	Test IO	No description provided.	2025-07-03 00:00:00+00	2025-07-13 00:00:00+00	423	1234.00	currency	manual	draft	\N	\N	\N	\N	{}	2025-07-03 15:23:30.842+00	2025-07-03 15:23:30.842+00
4e7b46d0-1e5e-4001-b44d-6946edd1d9e8	d5f3c148-72db-4168-90c9-5d3178b5e435	3d04d309-fe74-4fca-aefa-d555528094ae	Test io 3	No description provided.	2025-07-05 00:00:00+00	2025-07-13 00:00:00+00	423	1234.00	currency	manual	draft	5713	\N	\N	\N	{"ioId": 5713, "owId": 2148, "ioName": "Test io 3", "ioEndTime": 1752364800000, "ioStatusId": 1, "ioStartTime": 1751673600000, "ioTimeZoneId": 423, "ioTotalBudget": 1234, "createdByUowId": 41148, "ioBudgetTypeId": 1, "isIoPrioritise": false, "modifiedByUowId": 41148, "ioCurrentPriority": null, "ioTotalImpressions": null, "ioLastPriorityShift": null, "ioNextPerformanceCheck": null, "isAutoSumIoTotalBudget": false, "ioBudgetDistributionMethodId": 1}	2025-07-03 15:37:41.417+00	2025-07-03 15:37:46.579+00
3e555667-0360-4da2-90cf-4dedf81f6da7	d5f3c148-72db-4168-90c9-5d3178b5e435	3d04d309-fe74-4fca-aefa-d555528094ae	Test4	No description provided.	2025-07-05 00:00:00+00	2025-07-13 00:00:00+00	29	12345.00	currency	manual	draft	5714	\N	\N	\N	{"ioId": 5714, "owId": 2148, "ioName": "Test4", "ioEndTime": 1752364800000, "ioStatusId": 1, "ioStartTime": 1751673600000, "ioTimeZoneId": 29, "ioTotalBudget": 12345, "createdByUowId": 41148, "ioBudgetTypeId": 1, "isIoPrioritise": false, "modifiedByUowId": 41148, "ioCurrentPriority": null, "ioTotalImpressions": null, "ioLastPriorityShift": null, "ioNextPerformanceCheck": null, "isAutoSumIoTotalBudget": false, "ioBudgetDistributionMethodId": 1}	2025-07-03 15:38:42.376+00	2025-07-03 15:38:47.696+00
70f081b2-9bcc-42a3-9ded-a89efed17b12	d5f3c148-72db-4168-90c9-5d3178b5e435	3d04d309-fe74-4fca-aefa-d555528094ae	IO iqm 6	dummy	2025-07-03 00:00:00+00	2025-07-11 00:00:00+00	423	2000.00	currency	manual	draft	\N	\N	\N	\N	{}	2025-07-03 16:47:19.71+00	2025-07-03 16:47:19.71+00
e1b72dd6-b1d2-496b-b78a-2c7c4b94f117	d5f3c148-72db-4168-90c9-5d3178b5e435	3d04d309-fe74-4fca-aefa-d555528094ae	test check 6	No description provided.	2025-07-03 00:00:00+00	2025-07-06 00:00:00+00	423	3000.00	currency	manual	draft	\N	\N	\N	\N	{}	2025-07-03 16:48:47.075+00	2025-07-03 16:48:47.075+00
ac49104b-e382-4fc7-922c-7faa3433bf94	bb6d62f7-1328-4f40-b230-adfcdba49745	be0922b5-598d-46f5-9092-83431681a7dc	news	789	2025-07-04 00:00:00+00	2025-07-05 00:00:00+00	29	4561.00	impressions	manual	draft	\N	\N	\N	\N	{}	2025-07-04 08:52:52.204+00	2025-07-04 08:52:52.204+00
477f299d-d0a1-4be0-9f4c-1c7ec8c3feb9	55846b19-57b3-47f3-8daf-3176242a7961	600c8a3d-cbd3-40c6-afc0-cc8c247d289b	Test1	test	2025-07-06 00:00:00+00	2025-07-13 00:00:00+00	423	1234.00	currency	manual	draft	5719	\N	\N	\N	{"ioId": 5719, "owId": 2148, "ioName": "Test1", "ioEndTime": 1752364800000, "ioStatusId": 1, "ioStartTime": 1751760000000, "ioTimeZoneId": 423, "ioTotalBudget": 1234, "createdByUowId": 41148, "ioBudgetTypeId": 1, "isIoPrioritise": false, "modifiedByUowId": 41148, "ioCurrentPriority": null, "ioTotalImpressions": null, "ioLastPriorityShift": null, "ioNextPerformanceCheck": null, "isAutoSumIoTotalBudget": false, "ioBudgetDistributionMethodId": 1}	2025-07-04 08:53:43.45+00	2025-07-04 08:53:54.946+00
2010de78-21e0-46c4-a8cb-814cbb71d388	55846b19-57b3-47f3-8daf-3176242a7961	600c8a3d-cbd3-40c6-afc0-cc8c247d289b	Test2	test2	2025-07-06 00:00:00+00	2025-07-13 00:00:00+00	29	12345.00	currency	manual	draft	5720	\N	\N	\N	{"ioId": 5720, "owId": 2148, "ioName": "Test2", "ioEndTime": 1752364800000, "ioStatusId": 1, "ioStartTime": 1751760000000, "ioTimeZoneId": 29, "ioTotalBudget": 12345, "createdByUowId": 41148, "ioBudgetTypeId": 1, "isIoPrioritise": false, "modifiedByUowId": 41148, "ioCurrentPriority": null, "ioTotalImpressions": null, "ioLastPriorityShift": null, "ioNextPerformanceCheck": null, "isAutoSumIoTotalBudget": false, "ioBudgetDistributionMethodId": 1}	2025-07-04 08:55:27.607+00	2025-07-04 08:55:35.052+00
e1bb7a2c-51b8-4bc8-b129-155fea9a6801	bb6d62f7-1328-4f40-b230-adfcdba49745	be0922b5-598d-46f5-9092-83431681a7dc	bapu test	test	2025-07-05 00:00:00+00	2025-07-05 00:00:00+00	21	4569.00	currency	manual	draft	\N	\N	\N	\N	{}	2025-07-04 08:56:28.294+00	2025-07-04 08:56:28.294+00
5dfff383-4ea5-4f90-bf7b-568eee899970	bb6d62f7-1328-4f40-b230-adfcdba49745	be0922b5-598d-46f5-9092-83431681a7dc	movie campaign	test	2025-07-05 00:00:00+00	2025-07-06 00:00:00+00	29	4562.00	currency	manual	draft	5721	\N	\N	\N	{"ioId": 5721, "owId": 2148, "ioName": "movie campaign", "ioEndTime": 1751760000000, "ioStatusId": 1, "ioStartTime": 1751673600000, "ioTimeZoneId": 29, "ioTotalBudget": 4562, "createdByUowId": 41148, "ioBudgetTypeId": 1, "isIoPrioritise": false, "modifiedByUowId": 41148, "ioCurrentPriority": null, "ioTotalImpressions": null, "ioLastPriorityShift": null, "ioNextPerformanceCheck": null, "isAutoSumIoTotalBudget": false, "ioBudgetDistributionMethodId": 1}	2025-07-04 08:57:27.359+00	2025-07-04 08:57:34.57+00
deb91c78-cef9-4b29-922f-2468de48ced6	55846b19-57b3-47f3-8daf-3176242a7961	600c8a3d-cbd3-40c6-afc0-cc8c247d289b	Test3	test3	2025-07-06 00:00:00+00	2025-07-13 00:00:00+00	423	646.00	currency	manual	draft	5722	\N	\N	\N	{"ioId": 5722, "owId": 2148, "ioName": "Test3", "ioEndTime": 1752364800000, "ioStatusId": 1, "ioStartTime": 1751760000000, "ioTimeZoneId": 423, "ioTotalBudget": 646, "createdByUowId": 41148, "ioBudgetTypeId": 1, "isIoPrioritise": false, "modifiedByUowId": 41148, "ioCurrentPriority": null, "ioTotalImpressions": null, "ioLastPriorityShift": null, "ioNextPerformanceCheck": null, "isAutoSumIoTotalBudget": false, "ioBudgetDistributionMethodId": 1}	2025-07-04 09:07:05.439+00	2025-07-04 09:07:17.476+00
f2a6ff14-1e20-46d7-83ea-d6583d86d0f9	4afa1f6f-7abd-4fab-b9e0-b99f3008629b	240b27c0-0c2d-47c2-9715-4ba4081085fc	news ads2	No description provided.	2025-07-04 00:00:00+00	2025-07-05 00:00:00+00	29	45897.00	currency	manual	draft	\N	\N	\N	\N	{}	2025-07-04 09:09:45.062+00	2025-07-04 09:09:45.062+00
9e9c1feb-9478-4969-9419-1be86b87e051	4afa1f6f-7abd-4fab-b9e0-b99f3008629b	240b27c0-0c2d-47c2-9715-4ba4081085fc	news ads3	te	2025-07-05 00:00:00+00	2025-07-05 00:00:00+00	29	4562.00	currency	manual	draft	\N	\N	\N	\N	{}	2025-07-04 09:10:52.657+00	2025-07-04 09:10:52.657+00
83f59565-e4fd-4927-8ae1-7859a00ccc2e	55846b19-57b3-47f3-8daf-3176242a7961	600c8a3d-cbd3-40c6-afc0-cc8c247d289b	test 4	test4	2025-07-09 00:00:00+00	2025-07-20 00:00:00+00	423	653.00	currency	manual	draft	\N	\N	\N	\N	{}	2025-07-04 09:12:16.167+00	2025-07-04 09:12:16.167+00
a4b1111b-2089-415d-b00b-1a382a267872	55846b19-57b3-47f3-8daf-3176242a7961	600c8a3d-cbd3-40c6-afc0-cc8c247d289b	test 4	test4	2025-07-09 00:00:00+00	2025-07-20 00:00:00+00	423	653.00	currency	manual	draft	5723	\N	\N	\N	{"ioId": 5723, "owId": 2148, "ioName": "test 4", "ioEndTime": 1752969600000, "ioStatusId": 1, "ioStartTime": 1752019200000, "ioTimeZoneId": 423, "ioTotalBudget": 653, "createdByUowId": 41148, "ioBudgetTypeId": 1, "isIoPrioritise": false, "modifiedByUowId": 41148, "ioCurrentPriority": null, "ioTotalImpressions": null, "ioLastPriorityShift": null, "ioNextPerformanceCheck": null, "isAutoSumIoTotalBudget": false, "ioBudgetDistributionMethodId": 1}	2025-07-04 09:13:15.829+00	2025-07-04 09:13:24.93+00
0c26f474-b2db-4b7c-bc7a-ac3aa8009021	9b341360-11fb-4bca-b4b8-6a5dc9e58419	bdad0a7d-21ca-4433-a9bf-11debe4b6891	ION_07_test	test desc	2025-07-08 00:00:00+00	2025-07-13 00:00:00+00	29	4549.00	currency	manual	draft	5731	\N	\N	\N	"ION_07_test saved successfully."	2025-07-07 10:45:31.611+00	2025-07-07 10:46:40.434+00
18709087-76b0-4fa7-a435-974bca7093b2	4afa1f6f-7abd-4fab-b9e0-b99f3008629b	240b27c0-0c2d-47c2-9715-4ba4081085fc	news ads5	test	2025-07-05 00:00:00+00	2025-07-06 00:00:00+00	29	4562.00	currency	manual	draft	5724	\N	\N	\N	"news ads5 saved successfully."	2025-07-04 09:20:09.357+00	2025-07-04 09:41:52.584+00
1f4e35cb-e015-4022-8d12-805b07aeb862	4afa1f6f-7abd-4fab-b9e0-b99f3008629b	240b27c0-0c2d-47c2-9715-4ba4081085fc	build test 2	res	2025-07-05 00:00:00+00	2025-07-06 00:00:00+00	423	4568.00	currency	manual	draft	5726	\N	\N	\N	"build test 2 saved successfully."	2025-07-04 11:26:53.139+00	2025-07-04 11:27:49.74+00
15a6b1d1-e049-4999-8a94-62c5898b432d	3581f795-474f-4d6e-bc91-d83925439456	bce6c949-bfa4-49fb-97fe-5fbfd2bd7e1a	New IO2	test	2025-07-05 00:00:00+00	2025-07-13 00:00:00+00	423	1234.00	currency	manual	draft	5728	\N	\N	\N	"New IO2 saved successfully."	2025-07-04 16:23:40.566+00	2025-07-04 16:25:56.713+00
f94ab475-5fdf-40ed-b730-8969bb281851	9113ff08-0bb6-4428-9079-909c44b9e50c	5b565642-745c-4758-aca8-b6417cf94d37	Test1	test1	2025-07-07 00:00:00+00	2025-07-13 00:00:00+00	29	43343.00	currency	manual	draft	\N	\N	\N	\N	{}	2025-07-07 10:19:27.259+00	2025-07-07 10:19:27.259+00
6f8d0cf1-d82e-432f-982c-5258447b8505	2bd688ce-805f-46ab-8748-91e138f0cb2b	a4daad9b-636d-40c2-839a-e907b7090415	new user i7	test	2025-07-05 00:00:00+00	2025-07-06 00:00:00+00	29	4563.00	currency	manual	draft	5727	\N	\N	\N	"new user i7 saved successfully."	2025-07-04 11:45:24.3+00	2025-07-04 11:46:08.947+00
311c7890-e1d8-445c-95ba-806434045d75	2bd688ce-805f-46ab-8748-91e138f0cb2b	a4daad9b-636d-40c2-839a-e907b7090415	movie campaigns	test	2025-07-07 00:00:00+00	2025-07-08 00:00:00+00	29	8965.00	currency	manual	draft	\N	\N	\N	\N	{}	2025-07-07 12:05:06.914+00	2025-07-07 12:05:06.914+00
5b05a08c-6ee5-4698-9420-f3a1ecf688b8	9113ff08-0bb6-4428-9079-909c44b9e50c	5b565642-745c-4758-aca8-b6417cf94d37	test2	test2	2025-07-08 00:00:00+00	2025-07-13 00:00:00+00	29	2344.00	currency	manual	draft	5730	\N	\N	\N	{"ioId": 5730, "owId": 2148, "ioName": "test2", "ioEndTime": 1752364800000, "ioStatusId": 1, "ioStartTime": 1751932800000, "ioTimeZoneId": 29, "ioTotalBudget": 2344, "createdByUowId": 41148, "ioBudgetTypeId": 1, "isIoPrioritise": false, "modifiedByUowId": 41148, "ioCurrentPriority": null, "ioTotalImpressions": null, "ioLastPriorityShift": null, "ioNextPerformanceCheck": null, "isAutoSumIoTotalBudget": false, "ioBudgetDistributionMethodId": 1}	2025-07-07 10:21:08.878+00	2025-07-07 10:21:14.389+00
5d4a64ca-1a78-41dd-97f9-62fbbb696847	d5f3c148-72db-4168-90c9-5d3178b5e435	3d04d309-fe74-4fca-aefa-d555528094ae	New_io	dmeo  text	2025-07-07 00:00:00+00	2025-07-10 00:00:00+00	29	1000.00	currency	manual	draft	\N	\N	\N	\N	{}	2025-07-07 12:08:49.058+00	2025-07-07 12:08:49.058+00
f5abe3bc-19fd-4521-ad78-795608d390bf	d5f3c148-72db-4168-90c9-5d3178b5e435	3d04d309-fe74-4fca-aefa-d555528094ae	io-test-new	test	2025-07-08 00:00:00+00	2025-07-11 00:00:00+00	423	451.00	currency	manual	draft	5733	\N	\N	\N	{"ioId": 5733, "owId": 2148, "ioName": "io-test-new", "ioEndTime": 1752192000000, "ioStatusId": 1, "ioStartTime": 1751932800000, "ioTimeZoneId": 423, "ioTotalBudget": 451, "createdByUowId": 41148, "ioBudgetTypeId": 1, "isIoPrioritise": false, "modifiedByUowId": 41148, "ioCurrentPriority": null, "ioTotalImpressions": null, "ioLastPriorityShift": null, "ioNextPerformanceCheck": null, "isAutoSumIoTotalBudget": false, "ioBudgetDistributionMethodId": 1}	2025-07-07 12:26:25.23+00	2025-07-07 12:26:30.035+00
5b570802-5d42-4772-92f2-7454d568a40b	46193251-355f-4801-98fc-d7cc3e24995b	02c728e6-84df-4f27-a8b7-b0ff6c6db382	new io	test	2025-07-06 00:00:00+00	2025-07-13 00:00:00+00	423	4543.00	currency	manual	draft	5725	\N	\N	\N	"new io saved successfully."	2025-07-04 09:36:16.277+00	2025-07-04 10:24:30.667+00
9ca81a1f-cd33-4b92-91dc-799d11ec5e6a	4afa1f6f-7abd-4fab-b9e0-b99f3008629b	240b27c0-0c2d-47c2-9715-4ba4081085fc	build test	test	2025-07-04 00:00:00+00	2025-07-05 00:00:00+00	29	7896.00	currency	manual	draft	\N	\N	\N	\N	{}	2025-07-04 11:23:20.393+00	2025-07-04 11:23:20.393+00
841dcf9a-6c5a-4510-b79e-d8e22cc4b66b	2bd688ce-805f-46ab-8748-91e138f0cb2b	a4daad9b-636d-40c2-839a-e907b7090415	news	test	2025-07-11 00:00:00+00	2025-07-13 00:00:00+00	423	4256.00	currency	manual	draft	5732	\N	\N	\N	{"ioId": 5732, "owId": 2148, "ioName": "news", "ioEndTime": 1752364800000, "ioStatusId": 1, "ioStartTime": 1752192000000, "ioTimeZoneId": 423, "ioTotalBudget": 4256, "createdByUowId": 41148, "ioBudgetTypeId": 1, "isIoPrioritise": false, "modifiedByUowId": 41148, "ioCurrentPriority": null, "ioTotalImpressions": null, "ioLastPriorityShift": null, "ioNextPerformanceCheck": null, "isAutoSumIoTotalBudget": false, "ioBudgetDistributionMethodId": 1}	2025-07-07 12:11:43.125+00	2025-07-07 12:11:48.269+00
efbb9697-2c74-4a8e-8dfb-e030a36cb25f	d5f3c148-72db-4168-90c9-5d3178b5e435	3d04d309-fe74-4fca-aefa-d555528094ae	New_IO_2	test	2025-07-07 00:00:00+00	2025-07-13 00:00:00+00	423	4654.00	currency	manual	draft	\N	\N	\N	\N	{}	2025-07-07 12:13:29.68+00	2025-07-07 12:13:29.68+00
5af1f00f-28a5-431c-8cad-2d387f7ead92	d5f3c148-72db-4168-90c9-5d3178b5e435	3d04d309-fe74-4fca-aefa-d555528094ae	test_io	test	2025-07-07 00:00:00+00	2025-07-12 00:00:00+00	423	1234.00	currency	manual	draft	\N	\N	\N	\N	{}	2025-07-07 12:14:34.443+00	2025-07-07 12:14:34.443+00
c31ff7ce-e846-41d7-9a1a-a5390007a30f	d5f3c148-72db-4168-90c9-5d3178b5e435	3d04d309-fe74-4fca-aefa-d555528094ae	io-test-1	test	2025-07-07 00:00:00+00	2025-07-08 00:00:00+00	423	126.00	currency	manual	draft	\N	\N	\N	\N	{}	2025-07-07 12:18:28.34+00	2025-07-07 12:18:28.34+00
f36fc278-89a6-421d-9921-aa69bfd69228	c16f51b4-00df-4c3c-9cd7-13e98f623d89	68d0cff2-88f7-4afa-89f8-0b1670a4e4af	mj io	demo 	2025-07-07 00:00:00+00	2025-07-11 00:00:00+00	423	2000.00	currency	manual	draft	\N	\N	\N	\N	{}	2025-07-07 13:01:36.029+00	2025-07-07 13:01:36.029+00
5c151380-21cf-4398-a4e0-9a3daaa8691d	c16f51b4-00df-4c3c-9cd7-13e98f623d89	68d0cff2-88f7-4afa-89f8-0b1670a4e4af	io mj	fsdfsdf	2025-07-07 00:00:00+00	2025-07-09 00:00:00+00	423	2000.00	currency	manual	draft	\N	\N	\N	\N	{}	2025-07-07 13:06:56.252+00	2025-07-07 13:06:56.252+00
bace1645-5fa6-4f84-b6d1-c1e5f398f1b7	c84e4db7-b419-498f-bddf-2bdc42a948c8	425a2d0e-b8f5-40c1-9ff6-dc2749073206	srb io	test	2025-07-07 00:00:00+00	2025-07-13 00:00:00+00	423	1234.00	currency	manual	draft	\N	\N	\N	\N	{}	2025-07-07 13:34:53.836+00	2025-07-07 13:34:53.836+00
0d23d137-163e-4f4b-b20f-7e28f37e8e73	2ee92b63-9c1e-4d64-a395-1b7e955cf40a	76e256c8-6bc7-49db-ba72-2fbacf5e1e13	news io	test	2025-07-08 00:00:00+00	2025-07-09 00:00:00+00	423	236.00	currency	manual	draft	5734	\N	\N	\N	{"ioId": 5734, "owId": 2148, "ioName": "news io", "ioEndTime": 1752019200000, "ioStatusId": 1, "ioStartTime": 1751932800000, "ioTimeZoneId": 423, "ioTotalBudget": 236, "createdByUowId": 41148, "ioBudgetTypeId": 1, "isIoPrioritise": false, "modifiedByUowId": 41148, "ioCurrentPriority": null, "ioTotalImpressions": null, "ioLastPriorityShift": null, "ioNextPerformanceCheck": null, "isAutoSumIoTotalBudget": false, "ioBudgetDistributionMethodId": 1}	2025-07-07 13:35:30.693+00	2025-07-07 13:35:35.656+00
697977b1-53f1-4202-9b86-7e097efafbd6	c84e4db7-b419-498f-bddf-2bdc42a948c8	425a2d0e-b8f5-40c1-9ff6-dc2749073206	io srb	test io	2025-07-07 00:00:00+00	2025-07-13 00:00:00+00	423	1234.00	currency	manual	draft	\N	\N	\N	\N	{}	2025-07-07 13:38:02.486+00	2025-07-07 13:38:02.486+00
dc32c92e-2a7d-4d19-81f6-3b1a1ba2b249	c84e4db7-b419-498f-bddf-2bdc42a948c8	425a2d0e-b8f5-40c1-9ff6-dc2749073206	iqm io	test	2025-07-07 00:00:00+00	2025-07-13 00:00:00+00	29	1324.00	currency	manual	draft	\N	\N	\N	\N	{}	2025-07-07 13:39:08.4+00	2025-07-07 13:39:08.4+00
1d3bba18-fad2-422f-acca-58d37680d71a	c84e4db7-b419-498f-bddf-2bdc42a948c8	425a2d0e-b8f5-40c1-9ff6-dc2749073206	io iqm	TEST	2025-07-07 00:00:00+00	2025-07-13 00:00:00+00	29	1354.00	currency	manual	draft	\N	\N	\N	\N	{}	2025-07-07 13:40:45.82+00	2025-07-07 13:40:45.82+00
71a00c36-2082-421f-a3ee-3d8b26755819	c84e4db7-b419-498f-bddf-2bdc42a948c8	425a2d0e-b8f5-40c1-9ff6-dc2749073206	test io	test	2025-07-08 00:00:00+00	2025-07-13 00:00:00+00	423	1345.00	currency	manual	draft	\N	\N	\N	\N	{}	2025-07-07 13:41:50.033+00	2025-07-07 13:41:50.033+00
87a0df01-17de-40d0-bb15-ad6962328f82	96e3ef66-536a-47be-bc12-00e6fe4168ac	f8431e17-dba7-4581-844a-ac6b4d4117c9	io test	test here	2025-07-10 00:00:00+00	2025-07-13 00:00:00+00	29	4321.00	currency	manual	draft	\N	\N	\N	\N	{}	2025-07-07 13:46:08.618+00	2025-07-07 13:46:08.618+00
69f85ab7-57cd-4b4e-bb24-314cc1a64ed9	6a6a836d-0a3d-499f-8f37-7f958307a587	24975ca2-6aed-4a8f-8656-519069e1f613	io-biswa5	test	2025-07-08 00:00:00+00	2025-07-12 00:00:00+00	423	123.00	currency	manual	draft	\N	\N	\N	\N	{}	2025-07-07 14:12:16.222+00	2025-07-07 14:16:03.802+00
505bc84c-4c2b-4d4a-9c68-4ef6b5c528cd	6a6a836d-0a3d-499f-8f37-7f958307a587	24975ca2-6aed-4a8f-8656-519069e1f613	test iqm	No description provided.	2025-07-11 00:00:00+00	2025-07-12 00:00:00+00	423	126.00	currency	manual	draft	5769	\N	\N	\N	{"ioId": 5769, "owId": 2148, "ioName": "test iqm", "ioEndTime": 1752278400000, "ioStatusId": 1, "ioStartTime": 1752192000000, "ioTimeZoneId": 423, "ioTotalBudget": 126, "createdByUowId": 41148, "ioBudgetTypeId": 1, "isIoPrioritise": false, "modifiedByUowId": 41148, "ioCurrentPriority": null, "ioTotalImpressions": null, "ioLastPriorityShift": null, "ioNextPerformanceCheck": null, "isAutoSumIoTotalBudget": false, "ioBudgetDistributionMethodId": 1}	2025-07-10 09:20:24.062+00	2025-07-10 09:20:27.588+00
77ed846c-0167-4c42-82fa-33412c13d493	6a6a836d-0a3d-499f-8f37-7f958307a587	24975ca2-6aed-4a8f-8656-519069e1f613	test io ad4	test	2025-07-08 00:00:00+00	2025-07-11 00:00:00+00	29	4562.00	currency	manual	draft	5744	\N	\N	\N	{"ioId": 5744, "owId": 2148, "ioName": "test io ad", "ioEndTime": 1752192000000, "ioStatusId": 1, "ioStartTime": 1751932800000, "ioTimeZoneId": 29, "ioTotalBudget": 4562, "createdByUowId": 41148, "ioBudgetTypeId": 1, "isIoPrioritise": false, "modifiedByUowId": 41148, "ioCurrentPriority": null, "ioTotalImpressions": null, "ioLastPriorityShift": null, "ioNextPerformanceCheck": null, "isAutoSumIoTotalBudget": false, "ioBudgetDistributionMethodId": 1}	2025-07-07 16:11:44.238+00	2025-07-07 16:12:08.727+00
58ef6fb8-b2dd-4501-8b41-2505233f93da	6a6a836d-0a3d-499f-8f37-7f958307a587	24975ca2-6aed-4a8f-8656-519069e1f613	testing io	test	2025-07-07 00:00:00+00	2025-07-09 00:00:00+00	21	123.00	currency	manual	draft	\N	\N	\N	\N	{}	2025-07-07 17:09:01.276+00	2025-07-07 17:09:01.276+00
9a80f4f5-62ae-40cb-af81-9e464a4164c9	545f9f32-b213-43b6-8324-17f95a3d3133	b00682e7-0c79-45f3-b9c2-e3e0abe13058	ION_07_test	test desc	2025-07-08 00:00:00+00	2025-07-13 00:00:00+00	29	1234.00	currency	manual	draft	\N	\N	\N	\N	{}	2025-07-07 14:07:04.211+00	2025-07-07 14:34:10.331+00
cab394dd-7d71-4528-9f42-799a51516221	545f9f32-b213-43b6-8324-17f95a3d3133	b00682e7-0c79-45f3-b9c2-e3e0abe13058	ion new	test	2025-07-09 00:00:00+00	2025-07-13 00:00:00+00	29	3265.00	currency	manual	draft	\N	\N	\N	\N	{}	2025-07-07 14:38:01.388+00	2025-07-07 14:38:01.388+00
86619dd1-2194-423d-9401-565a5bf9ab40	545f9f32-b213-43b6-8324-17f95a3d3133	b00682e7-0c79-45f3-b9c2-e3e0abe13058	ion new	test	2025-07-09 00:00:00+00	2025-07-13 00:00:00+00	29	3265.00	currency	manual	draft	\N	\N	\N	\N	{"ioId": 5741, "owId": 2148, "ioName": "ion new", "ioEndTime": 1752364800000, "ioStatusId": 1, "ioStartTime": 1752019200000, "ioTimeZoneId": 29, "ioTotalBudget": 3265, "createdByUowId": 41148, "ioBudgetTypeId": 1, "isIoPrioritise": false, "modifiedByUowId": 41148, "ioCurrentPriority": null, "ioTotalImpressions": null, "ioLastPriorityShift": null, "ioNextPerformanceCheck": null, "isAutoSumIoTotalBudget": false, "ioBudgetDistributionMethodId": 1}	2025-07-07 14:39:45.644+00	2025-07-07 14:39:51.186+00
7dd0314d-3ce0-4167-964f-c7897390fef1	545f9f32-b213-43b6-8324-17f95a3d3133	b00682e7-0c79-45f3-b9c2-e3e0abe13058	Test3	test	2025-07-08 00:00:00+00	2025-07-20 00:00:00+00	423	6666.00	currency	manual	draft	5742	\N	\N	\N	{"ioId": 5742, "owId": 2148, "ioName": "Test2", "ioEndTime": 1752969600000, "ioStatusId": 1, "ioStartTime": 1752278400000, "ioTimeZoneId": 423, "ioTotalBudget": 6546, "createdByUowId": 41148, "ioBudgetTypeId": 1, "isIoPrioritise": false, "modifiedByUowId": 41148, "ioCurrentPriority": null, "ioTotalImpressions": null, "ioLastPriorityShift": null, "ioNextPerformanceCheck": null, "isAutoSumIoTotalBudget": false, "ioBudgetDistributionMethodId": 1}	2025-07-07 14:42:02.495+00	2025-07-07 15:01:20.134+00
0cb88b49-5048-4b9c-96f2-f0798c743cdd	6a6a836d-0a3d-499f-8f37-7f958307a587	24975ca2-6aed-4a8f-8656-519069e1f613	Biswajit test	No description provided.	2025-07-08 00:00:00+00	2025-07-12 00:00:00+00	433	123.00	currency	manual	draft	5747	\N	\N	\N	{"ioId": 5747, "owId": 2148, "ioName": "Biswajit test", "ioEndTime": 1752278400000, "ioStatusId": 1, "ioStartTime": 1751932800000, "ioTimeZoneId": 433, "ioTotalBudget": 123, "createdByUowId": 41148, "ioBudgetTypeId": 1, "isIoPrioritise": false, "modifiedByUowId": 41148, "ioCurrentPriority": null, "ioTotalImpressions": null, "ioLastPriorityShift": null, "ioNextPerformanceCheck": null, "isAutoSumIoTotalBudget": false, "ioBudgetDistributionMethodId": 1}	2025-07-07 17:10:02.639+00	2025-07-07 17:10:05.983+00
4f611a5d-3161-4e13-a179-ab0463dc1025	545f9f32-b213-43b6-8324-17f95a3d3133	b00682e7-0c79-45f3-b9c2-e3e0abe13058	ION_9_Test	test desc	2025-07-11 00:00:00+00	2025-07-24 00:00:00+00	21	15555.00	currency	manual	draft	5759	\N	\N	\N	{"ioId": 5759, "owId": 2148, "ioName": "ION_9_Test", "ioEndTime": 1753315200000, "ioStatusId": 1, "ioStartTime": 1752192000000, "ioTimeZoneId": 21, "ioTotalBudget": 15555, "createdByUowId": 41148, "ioBudgetTypeId": 1, "isIoPrioritise": false, "modifiedByUowId": 41148, "ioCurrentPriority": null, "ioTotalImpressions": null, "ioLastPriorityShift": null, "ioNextPerformanceCheck": null, "isAutoSumIoTotalBudget": false, "ioBudgetDistributionMethodId": 1}	2025-07-09 12:31:14.046+00	2025-07-09 12:31:17.374+00
018aea9c-61fb-4a81-b6df-8b78daf8e526	6a6a836d-0a3d-499f-8f37-7f958307a587	24975ca2-6aed-4a8f-8656-519069e1f613	new test io	test	2025-07-10 00:00:00+00	2025-07-13 00:00:00+00	29	145.00	currency	manual	draft	\N	\N	\N	\N	{}	2025-07-10 09:17:18.048+00	2025-07-10 09:17:18.048+00
4584370a-ba7a-4e73-8bdd-d84e5fab470a	6a6a836d-0a3d-499f-8f37-7f958307a587	24975ca2-6aed-4a8f-8656-519069e1f613	tst io new	test	2025-07-10 00:00:00+00	2025-07-12 00:00:00+00	29	452.00	currency	manual	draft	\N	\N	\N	\N	{}	2025-07-10 09:18:54.148+00	2025-07-10 09:18:54.148+00
1b6e26e3-a9df-4119-8b7d-2a333f69fd42	6a6a836d-0a3d-499f-8f37-7f958307a587	24975ca2-6aed-4a8f-8656-519069e1f613	market io	test	2025-07-11 00:00:00+00	2025-07-13 00:00:00+00	423	453.00	currency	manual	draft	5770	\N	\N	\N	{"ioId": 5770, "owId": 2148, "ioName": "market io", "ioEndTime": 1752364800000, "ioStatusId": 1, "ioStartTime": 1752192000000, "ioTimeZoneId": 423, "ioTotalBudget": 453, "createdByUowId": 41148, "ioBudgetTypeId": 1, "isIoPrioritise": false, "modifiedByUowId": 41148, "ioCurrentPriority": null, "ioTotalImpressions": null, "ioLastPriorityShift": null, "ioNextPerformanceCheck": null, "isAutoSumIoTotalBudget": false, "ioBudgetDistributionMethodId": 1}	2025-07-10 13:42:02.437+00	2025-07-10 13:42:05.71+00
cd3b2fcd-700c-4da4-b805-a7615b8296c8	d68a6f7a-c306-45e1-a841-ee293f50352c	e855d5be-8ff1-4a85-9392-0c6973c5c9d7	movie campaigns	test	2025-07-25 00:00:00+00	2025-07-27 00:00:00+00	423	995.00	impressions	manual	draft	\N	\N	\N	\N	{}	2025-07-25 05:29:10.344+00	2025-07-25 05:29:10.344+00
e2869f49-2f61-4890-9b79-19f0084b04a8	c16f51b4-00df-4c3c-9cd7-13e98f623d89	68d0cff2-88f7-4afa-89f8-0b1670a4e4af	test iom	No description provided.	2025-07-25 00:00:00+00	2025-08-10 00:00:00+00	433	3000.00	currency	manual	draft	\N	\N	\N	\N	{}	2025-07-25 14:26:17.096+00	2025-07-25 14:26:17.096+00
47caa0e8-8fb2-4dfe-b55c-fef08c7f5f1e	c16f51b4-00df-4c3c-9cd7-13e98f623d89	68d0cff2-88f7-4afa-89f8-0b1670a4e4af	new io order	No description provided.	2025-07-25 00:00:00+00	2025-08-10 00:00:00+00	433	20000.00	currency	manual	draft	\N	\N	\N	\N	{}	2025-07-25 14:31:50.008+00	2025-07-25 14:31:50.008+00
bd3ad837-c336-48c7-ac16-bc6aa9e6775f	cff2417c-c6d6-4a5c-8c57-cc2e06693064	821c054d-5ff4-4758-b4fb-ac0842eb3206	leats io	No description provided.	2025-07-25 00:00:00+00	2025-08-09 00:00:00+00	29	5000.00	currency	manual	draft	\N	\N	\N	\N	{}	2025-07-25 14:37:28.551+00	2025-07-25 14:37:28.551+00
\.


--
-- Data for Name: campaigns; Type: TABLE DATA; Schema: public; Owner: postgres
--

COPY "public"."campaigns" ("id", "org_id", "created_by", "name", "description", "objective", "start_date", "end_date", "timezone_id", "budget", "daily_budget", "status", "enabled_platforms", "created_at", "updated_at", "insertion_order_id", "category_id", "tags", "bid_strategy", "day_parting", "draft_data", "flighting_schedule", "kpi_targets", "last_edited_at", "last_edited_by", "last_edited_step", "platform_budgets", "step_completed", "submitted_at", "submitted_by") FROM stdin;
874141b8-9021-416f-861c-8db536da5e1e	d5f3c148-72db-4168-90c9-5d3178b5e435	3d04d309-fe74-4fca-aefa-d555528094ae	New campaign	Test description	awareness	2025-07-03 00:00:00+00	2025-07-08 00:00:00+00	Africa/Abidjan	1782.00	\N	draft	["OTT"]	2025-07-02 10:04:55.564+00	2025-07-03 10:10:48.221+00	510ad1d8-1c19-4388-b81e-0be7febe0b8e	ebbe7ce4-4ee8-4998-926f-93c7bc03e9c3	{new}	\N	\N	\N	\N	\N	2025-07-03 10:10:48.219+00	3d04d309-fe74-4fca-aefa-d555528094ae	basic_info	\N	1	\N	\N
71e58a96-91b0-4997-887b-997082a652b4	bb6d62f7-1328-4f40-b230-adfcdba49745	be0922b5-598d-46f5-9092-83431681a7dc	tesing campaign	test	awareness	2025-07-03 00:00:00+00	2025-07-04 00:00:00+00	Africa/Accra	1504.00	0.00	draft	["OTT"]	2025-07-03 15:25:40.323+00	2025-07-03 16:58:38.438+00	3d062e1c-dd5a-4e49-8c6e-60d627cb70f0	ebbe7ce4-4ee8-4998-926f-93c7bc03e9c3	{}	\N	\N	\N	\N	\N	2025-07-03 16:58:38.434+00	be0922b5-598d-46f5-9092-83431681a7dc	platforms	\N	2	\N	\N
71db8d95-8457-4ef5-b55e-0e13abd2b49d	545f9f32-b213-43b6-8324-17f95a3d3133	b00682e7-0c79-45f3-b9c2-e3e0abe13058	New campaign	test desc	consideration	2025-07-08 00:00:00+00	2025-07-16 00:00:00+00	29	\N	\N	draft	["OTT"]	2025-07-08 08:59:00.814+00	2025-07-08 09:44:52.531+00	7dd0314d-3ce0-4167-964f-c7897390fef1	ebbe7ce4-4ee8-4998-926f-93c7bc03e9c3	{}	\N	\N	\N	\N	\N	2025-07-08 08:59:00.812+00	b00682e7-0c79-45f3-b9c2-e3e0abe13058	platforms	\N	2	\N	\N
ccd62627-78bb-4e33-aff5-b17ca81048b5	fcb7f88c-6f3c-4a3c-9768-2760dac115b1	6c606592-973b-48fe-a459-7368e775dfc5	facebook campaign	test	consideration	2025-07-04 00:00:00+00	2025-07-05 00:00:00+00	Africa/Abidjan	1395.00	\N	draft	["OTT"]	2025-07-02 10:51:20.747+00	2025-07-03 14:54:59.502+00	bec9e4f7-784c-4c32-bd2e-7223b67053f7	69f52ebc-487f-4b7c-9302-70767d524789	{}	\N	\N	\N	\N	\N	2025-07-03 14:54:59.499+00	6c606592-973b-48fe-a459-7368e775dfc5	platforms	\N	2	\N	\N
af47797a-e757-42f3-8a4d-72430685eb4c	6a6a836d-0a3d-499f-8f37-7f958307a587	24975ca2-6aed-4a8f-8656-519069e1f613	test campaign	test	awareness	2025-07-08 00:00:00+00	2025-07-10 00:00:00+00	423	2554.00	0.00	draft	["OTT"]	2025-07-07 14:24:43.81+00	2025-07-07 15:29:11.167+00	69f85ab7-57cd-4b4e-bb24-314cc1a64ed9	ebbe7ce4-4ee8-4998-926f-93c7bc03e9c3	{}	\N	\N	\N	\N	\N	2025-07-07 15:29:11.165+00	24975ca2-6aed-4a8f-8656-519069e1f613	platformConfig	\N	3	\N	\N
189bcf57-05b3-4f15-842d-1d1f0416d7dc	4afa1f6f-7abd-4fab-b9e0-b99f3008629b	240b27c0-0c2d-47c2-9715-4ba4081085fc	test	test	awareness	2025-07-04 00:00:00+00	2025-07-06 00:00:00+00	Africa/Accra	8000.00	800.00	draft	["OTT"]	2025-07-04 11:29:29.647+00	2025-07-04 11:30:38.515+00	1f4e35cb-e015-4022-8d12-805b07aeb862	69f52ebc-487f-4b7c-9302-70767d524789	{}	\N	\N	\N	\N	\N	2025-07-04 11:30:22.228+00	240b27c0-0c2d-47c2-9715-4ba4081085fc	platformConfig	\N	3	\N	\N
1d560a0a-8ba9-4f61-9bbf-c06ae8225a15	6a6a836d-0a3d-499f-8f37-7f958307a587	24975ca2-6aed-4a8f-8656-519069e1f613	facebook campaign	\N	\N	\N	\N	\N	\N	\N	draft	[]	2025-07-07 16:12:44.314+00	2025-07-07 16:12:44.314+00	77ed846c-0167-4c42-82fa-33412c13d493	ebbe7ce4-4ee8-4998-926f-93c7bc03e9c3	{}	\N	\N	\N	\N	\N	2025-07-07 16:12:44.312+00	24975ca2-6aed-4a8f-8656-519069e1f613	basic_info	\N	0	\N	\N
600dd757-4f55-40dd-9481-2b3fbc1fee16	6a6a836d-0a3d-499f-8f37-7f958307a587	24975ca2-6aed-4a8f-8656-519069e1f613	testin	\N	\N	\N	\N	\N	\N	\N	draft	[]	2025-07-07 17:05:45.385+00	2025-07-07 17:05:45.385+00	77ed846c-0167-4c42-82fa-33412c13d493	ebbe7ce4-4ee8-4998-926f-93c7bc03e9c3	{}	\N	\N	\N	\N	\N	2025-07-07 17:05:45.384+00	24975ca2-6aed-4a8f-8656-519069e1f613	basic_info	\N	0	\N	\N
18337b0b-7d46-4750-bc51-3b1d1ec282cb	545f9f32-b213-43b6-8324-17f95a3d3133	b00682e7-0c79-45f3-b9c2-e3e0abe13058	test campaign	test	consideration	2025-07-08 00:00:00+00	2025-07-12 00:00:00+00	29	\N	\N	draft	["OTT"]	2025-07-07 17:25:53.927+00	2025-07-08 08:45:37.381+00	7dd0314d-3ce0-4167-964f-c7897390fef1	69f52ebc-487f-4b7c-9302-70767d524789	{test}	\N	\N	\N	\N	\N	2025-07-07 17:25:53.919+00	b00682e7-0c79-45f3-b9c2-e3e0abe13058	platforms	\N	2	\N	\N
64ad0190-8fb4-45fb-ad4d-0d6997525d59	46193251-355f-4801-98fc-d7cc3e24995b	3d04d309-fe74-4fca-aefa-d555528094ae	New campaign 6	dummy	consideration	2025-07-03 00:00:00+00	2025-07-07 00:00:00+00	Africa/Accra	2000.00	1000.00	draft	["OTT"]	2025-07-03 16:50:24.877+00	2025-07-03 16:59:02.977+00	e1b72dd6-b1d2-496b-b78a-2c7c4b94f117	ebbe7ce4-4ee8-4998-926f-93c7bc03e9c3	{red}	\N	\N	\N	\N	\N	2025-07-03 16:58:57.598+00	3d04d309-fe74-4fca-aefa-d555528094ae	platformConfig	\N	3	\N	\N
fbee155d-717b-4ed4-b455-a44cfb4a9d04	fcb7f88c-6f3c-4a3c-9768-2760dac115b1	6c606592-973b-48fe-a459-7368e775dfc5	tesing campaign	test	consideration	2025-07-03 00:00:00+00	2025-07-04 00:00:00+00	Africa/Accra	1249.00	\N	draft	["OTT"]	2025-07-01 16:27:28.138+00	2025-07-02 09:56:06.584+00	f07b1d20-fbe0-4a73-a747-ade55cd22fd3	ebbe7ce4-4ee8-4998-926f-93c7bc03e9c3	{test}	\N	\N	\N	\N	\N	2025-07-02 09:56:06.578+00	6c606592-973b-48fe-a459-7368e775dfc5	platforms	\N	2	\N	\N
418ee0cb-2da1-40bb-8b2e-6f8f70b90547	46193251-355f-4801-98fc-d7cc3e24995b	02c728e6-84df-4f27-a8b7-b0ff6c6db382	Political campaign	test description	awareness	2025-07-08 00:00:00+00	2025-07-11 00:00:00+00	America/Manaus	3089.00	1234.00	draft	["OTT"]	2025-07-04 09:45:04.821+00	2025-07-04 11:49:23.417+00	5b570802-5d42-4772-92f2-7454d568a40b	69f52ebc-487f-4b7c-9302-70767d524789	{test}	\N	\N	\N	\N	\N	2025-07-04 11:49:23.415+00	02c728e6-84df-4f27-a8b7-b0ff6c6db382	platforms	\N	2	\N	\N
ccdfa5e9-72aa-42c1-8307-6036f425e353	d5f3c148-72db-4168-90c9-5d3178b5e435	3d04d309-fe74-4fca-aefa-d555528094ae	New campaign	Test description	awareness	2025-07-04 00:00:00+00	2025-07-07 00:00:00+00	Africa/Abidjan	123.00	123.00	draft	["OTT"]	2025-07-03 15:40:25.836+00	2025-07-03 16:08:24.57+00	3e555667-0360-4da2-90cf-4dedf81f6da7	69f52ebc-487f-4b7c-9302-70767d524789	{test}	\N	\N	\N	\N	\N	2025-07-03 16:08:18.386+00	3d04d309-fe74-4fca-aefa-d555528094ae	platformConfig	\N	3	\N	\N
0413489e-2f23-4adb-97e3-8c40f7755892	545f9f32-b213-43b6-8324-17f95a3d3133	b00682e7-0c79-45f3-b9c2-e3e0abe13058	Image campaign	test desc	consideration	2025-07-11 00:00:00+00	2025-07-16 00:00:00+00	21	15555.00	100.00	draft	["OTT"]	2025-07-09 12:32:00.726+00	2025-07-09 12:34:32.94+00	4f611a5d-3161-4e13-a179-ab0463dc1025	ebbe7ce4-4ee8-4998-926f-93c7bc03e9c3	{test}	\N	\N	\N	\N	\N	2025-07-09 12:32:00.725+00	b00682e7-0c79-45f3-b9c2-e3e0abe13058	platformConfig	\N	3	\N	\N
0ba3e63e-816f-46b4-b48e-e602d622bec9	545f9f32-b213-43b6-8324-17f95a3d3133	b00682e7-0c79-45f3-b9c2-e3e0abe13058	new campaign 2	tesrt	consideration	2025-07-10 00:00:00+00	2025-07-12 00:00:00+00	423	\N	\N	draft	[]	2025-07-08 09:46:57.698+00	2025-07-08 10:17:13.556+00	7dd0314d-3ce0-4167-964f-c7897390fef1	ebbe7ce4-4ee8-4998-926f-93c7bc03e9c3	{}	\N	\N	\N	\N	\N	2025-07-08 09:46:57.692+00	b00682e7-0c79-45f3-b9c2-e3e0abe13058	basic_info	\N	1	\N	\N
ec7b3b52-06c5-4a01-b213-a7b7bc7dc518	3581f795-474f-4d6e-bc91-d83925439456	bce6c949-bfa4-49fb-97fe-5fbfd2bd7e1a	Political campaign	Test desc	awareness	2025-07-08 00:00:00+00	2025-07-11 00:00:00+00	29	123.00	12.00	draft	["OTT"]	2025-07-04 16:26:19.457+00	2025-07-07 12:21:32.351+00	15a6b1d1-e049-4999-8a94-62c5898b432d	69f52ebc-487f-4b7c-9302-70767d524789	{test}	\N	\N	\N	\N	\N	2025-07-04 16:41:05.337+00	bce6c949-bfa4-49fb-97fe-5fbfd2bd7e1a	platforms	\N	2	\N	\N
30d33c1b-6eab-41a8-86f7-531d6ea11acf	9b341360-11fb-4bca-b4b8-6a5dc9e58419	bdad0a7d-21ca-4433-a9bf-11debe4b6891	CMP_07_political	political campaign for us only	awareness	2025-07-08 00:00:00+00	2025-07-12 00:00:00+00	Africa/Asmara	1000.00	100.00	draft	["OTT"]	2025-07-07 10:47:10.428+00	2025-07-07 10:58:00.114+00	0c26f474-b2db-4b7c-bc7a-ac3aa8009021	69f52ebc-487f-4b7c-9302-70767d524789	{test}	\N	\N	\N	\N	\N	2025-07-07 10:48:51.584+00	bdad0a7d-21ca-4433-a9bf-11debe4b6891	platformConfig	\N	3	\N	\N
7be4e08d-9f88-4ea2-be51-9cfef6ae8ca7	4afa1f6f-7abd-4fab-b9e0-b99f3008629b	240b27c0-0c2d-47c2-9715-4ba4081085fc	test	test	awareness	2025-07-04 00:00:00+00	2025-07-05 00:00:00+00	Asia/Aden	8000.00	800.00	draft	["OTT"]	2025-07-04 09:25:35.27+00	2025-07-04 10:52:32.529+00	18709087-76b0-4fa7-a435-974bca7093b2	ebbe7ce4-4ee8-4998-926f-93c7bc03e9c3	{}	\N	\N	\N	\N	\N	2025-07-04 10:52:29.569+00	240b27c0-0c2d-47c2-9715-4ba4081085fc	platformConfig	\N	3	\N	\N
d638fe84-d2c3-4b81-9850-37b55e465757	3581f795-474f-4d6e-bc91-d83925439456	bce6c949-bfa4-49fb-97fe-5fbfd2bd7e1a	test	\N	\N	\N	\N	\N	\N	\N	draft	[]	2025-07-07 12:32:00.737+00	2025-07-07 12:32:00.737+00	15a6b1d1-e049-4999-8a94-62c5898b432d	ebbe7ce4-4ee8-4998-926f-93c7bc03e9c3	{}	\N	\N	\N	\N	\N	2025-07-07 12:32:00.734+00	bce6c949-bfa4-49fb-97fe-5fbfd2bd7e1a	basic_info	\N	0	\N	\N
3012fa4b-3cea-4e76-8f33-6307e6bc11be	2bd688ce-805f-46ab-8748-91e138f0cb2b	a4daad9b-636d-40c2-839a-e907b7090415	test	test	awareness	2025-07-08 00:00:00+00	2025-07-10 00:00:00+00	Africa/Abidjan	1354.00	500.00	draft	["OTT"]	2025-07-04 11:47:05.704+00	2025-07-07 11:44:15.865+00	6f8d0cf1-d82e-432f-982c-5258447b8505	69f52ebc-487f-4b7c-9302-70767d524789	{}	\N	\N	\N	\N	\N	2025-07-07 11:15:04.127+00	a4daad9b-636d-40c2-839a-e907b7090415	platforms	\N	2	\N	\N
3ac59c55-4bdd-4ae2-a0d5-3cb783039b9f	6a6a836d-0a3d-499f-8f37-7f958307a587	24975ca2-6aed-4a8f-8656-519069e1f613	ok	test	consideration	2025-07-18 00:00:00+00	2025-07-19 00:00:00+00	433	5000.00	500.00	draft	["OTT"]	2025-07-07 17:10:50.585+00	2025-07-10 08:55:45.736+00	0cb88b49-5048-4b9c-96f2-f0798c743cdd	ebbe7ce4-4ee8-4998-926f-93c7bc03e9c3	{}	\N	\N	\N	\N	\N	2025-07-08 17:30:31.335+00	24975ca2-6aed-4a8f-8656-519069e1f613	platformConfig	\N	3	\N	\N
aca53970-7292-4ffb-be25-7e939b0b8ca9	545f9f32-b213-43b6-8324-17f95a3d3133	b00682e7-0c79-45f3-b9c2-e3e0abe13058	campaign3	test	consideration	2025-07-15 00:00:00+00	2025-07-18 00:00:00+00	423	23.00	1234.00	draft	["OTT"]	2025-07-08 10:19:01.642+00	2025-07-08 11:40:11.487+00	7dd0314d-3ce0-4167-964f-c7897390fef1	ebbe7ce4-4ee8-4998-926f-93c7bc03e9c3	{}	\N	\N	\N	\N	\N	2025-07-08 10:58:58.308+00	b00682e7-0c79-45f3-b9c2-e3e0abe13058	platformConfig	\N	3	\N	\N
dcfdf36f-45e1-429b-ba86-ae3189af33f6	545f9f32-b213-43b6-8324-17f95a3d3133	b00682e7-0c79-45f3-b9c2-e3e0abe13058	campaign4	test desc	consideration	2025-07-10 00:00:00+00	2025-07-17 00:00:00+00	423	12345.00	1234.00	draft	["OTT"]	2025-07-08 11:50:54.659+00	2025-07-09 11:52:51.228+00	7dd0314d-3ce0-4167-964f-c7897390fef1	69f52ebc-487f-4b7c-9302-70767d524789	{}	\N	\N	\N	\N	\N	2025-07-08 11:50:54.657+00	b00682e7-0c79-45f3-b9c2-e3e0abe13058	platformConfig	\N	3	\N	\N
ef44fa31-e706-4caf-8a64-7fd48515e2dc	c16f51b4-00df-4c3c-9cd7-13e98f623d89	68d0cff2-88f7-4afa-89f8-0b1670a4e4af	New campaign	ddddd	consideration	2025-07-08 00:00:00+00	2025-07-11 00:00:00+00	Africa/Blantyre	0.00	0.00	draft	["OTT"]	2025-07-08 12:54:01.964+00	2025-07-08 12:54:51.579+00	5c151380-21cf-4398-a4e0-9a3daaa8691d	97ddb266-6486-4390-b6e4-5ceac561e772	{}	\N	\N	\N	\N	\N	2025-07-08 12:54:49.019+00	68d0cff2-88f7-4afa-89f8-0b1670a4e4af	platformConfig	\N	3	\N	\N
1da47c15-a250-4b76-a799-ec9b762ac54a	545f9f32-b213-43b6-8324-17f95a3d3133	b00682e7-0c79-45f3-b9c2-e3e0abe13058	Video campaign	test description	consideration	2025-07-12 00:00:00+00	2025-07-15 00:00:00+00	21	10000.00	100.00	draft	["OTT"]	2025-07-09 12:58:13.313+00	2025-07-09 13:35:25.139+00	4f611a5d-3161-4e13-a179-ab0463dc1025	ebbe7ce4-4ee8-4998-926f-93c7bc03e9c3	{}	\N	\N	\N	\N	\N	2025-07-09 12:58:13.311+00	b00682e7-0c79-45f3-b9c2-e3e0abe13058	platformConfig	\N	3	\N	\N
dafc4adc-ec43-4b83-99e9-48614fcfe44e	545f9f32-b213-43b6-8324-17f95a3d3133	b00682e7-0c79-45f3-b9c2-e3e0abe13058	Audio Campaign	test desc	consideration	2025-07-14 00:00:00+00	2025-07-15 00:00:00+00	21	1300.00	130.00	draft	["OTT"]	2025-07-09 13:41:32.031+00	2025-07-09 13:58:35.856+00	4f611a5d-3161-4e13-a179-ab0463dc1025	ebbe7ce4-4ee8-4998-926f-93c7bc03e9c3	{}	\N	\N	\N	\N	\N	2025-07-09 13:41:32.03+00	b00682e7-0c79-45f3-b9c2-e3e0abe13058	platformConfig	\N	3	\N	\N
f8b2b515-62b7-4810-8be2-7a410442fe09	545f9f32-b213-43b6-8324-17f95a3d3133	b00682e7-0c79-45f3-b9c2-e3e0abe13058	HTML campaign	test desc	consideration	2025-07-11 00:00:00+00	2025-07-12 00:00:00+00	21	2000.00	500.00	draft	["OTT"]	2025-07-09 14:01:59.575+00	2025-07-10 13:09:25.23+00	4f611a5d-3161-4e13-a179-ab0463dc1025	ebbe7ce4-4ee8-4998-926f-93c7bc03e9c3	{}	\N	\N	\N	\N	\N	2025-07-09 14:01:59.573+00	b00682e7-0c79-45f3-b9c2-e3e0abe13058	platformConfig	\N	3	\N	\N
84c97357-9ed6-40f4-8a7f-38910938125c	6a6a836d-0a3d-499f-8f37-7f958307a587	24975ca2-6aed-4a8f-8656-519069e1f613	test camp	test	consideration	2025-07-11 00:00:00+00	2025-07-12 00:00:00+00	423	5000.00	500.00	draft	["OTT"]	2025-07-10 09:21:52.667+00	2025-07-10 13:23:42.415+00	505bc84c-4c2b-4d4a-9c68-4ef6b5c528cd	69f52ebc-487f-4b7c-9302-70767d524789	{}	\N	\N	\N	\N	\N	2025-07-10 09:21:52.664+00	24975ca2-6aed-4a8f-8656-519069e1f613	platforms	\N	2	\N	\N
09486da4-10d1-47e7-b3dd-1348459255de	6a6a836d-0a3d-499f-8f37-7f958307a587	24975ca2-6aed-4a8f-8656-519069e1f613	test 2	tesrt	consideration	2025-07-11 00:00:00+00	2025-07-12 00:00:00+00	423	6000.00	500.00	draft	["OTT"]	2025-07-10 10:03:41.387+00	2025-07-10 12:18:30.591+00	505bc84c-4c2b-4d4a-9c68-4ef6b5c528cd	ebbe7ce4-4ee8-4998-926f-93c7bc03e9c3	{}	\N	\N	\N	\N	\N	2025-07-10 10:03:41.385+00	24975ca2-6aed-4a8f-8656-519069e1f613	platformConfig	\N	3	\N	\N
ca4533e1-5f70-4a19-bbcd-1e4159ed9cee	6a6a836d-0a3d-499f-8f37-7f958307a587	24975ca2-6aed-4a8f-8656-519069e1f613	marketing camp	test	awareness	2025-07-11 00:00:00+00	2025-07-13 00:00:00+00	423	7000.00	600.00	draft	["OTT"]	2025-07-10 13:42:46.063+00	2025-07-11 09:45:52.174+00	1b6e26e3-a9df-4119-8b7d-2a333f69fd42	ebbe7ce4-4ee8-4998-926f-93c7bc03e9c3	{}	\N	\N	\N	\N	\N	2025-07-10 13:42:46.061+00	24975ca2-6aed-4a8f-8656-519069e1f613	platformConfig	\N	3	\N	\N
c04fd7cf-7959-4315-aab8-ba59566a072a	545f9f32-b213-43b6-8324-17f95a3d3133	b00682e7-0c79-45f3-b9c2-e3e0abe13058	New campaign	desc	engagement	2025-07-11 00:00:00+00	2025-07-14 00:00:00+00	21	2000.00	500.00	draft	["OTT"]	2025-07-09 14:36:31.98+00	2025-07-11 11:38:18.695+00	4f611a5d-3161-4e13-a179-ab0463dc1025	ebbe7ce4-4ee8-4998-926f-93c7bc03e9c3	{}	\N	\N	\N	\N	\N	2025-07-09 14:36:31.978+00	b00682e7-0c79-45f3-b9c2-e3e0abe13058	platformConfig	\N	3	\N	\N
d5dd284c-5acb-46f7-b095-34861d6f877b	6a6a836d-0a3d-499f-8f37-7f958307a587	24975ca2-6aed-4a8f-8656-519069e1f613	test	test	awareness	2025-07-10 00:00:00+00	2025-07-11 00:00:00+00	433	5000.00	500.00	draft	["OTT"]	2025-07-10 09:13:19.345+00	2025-07-10 09:14:16.35+00	0cb88b49-5048-4b9c-96f2-f0798c743cdd	ebbe7ce4-4ee8-4998-926f-93c7bc03e9c3	{}	\N	\N	\N	\N	\N	2025-07-10 09:13:19.344+00	24975ca2-6aed-4a8f-8656-519069e1f613	platformConfig	\N	3	\N	\N
caf0cbb8-4a0f-47b1-8e72-a4a74b701cc5	6a6a836d-0a3d-499f-8f37-7f958307a587	24975ca2-6aed-4a8f-8656-519069e1f613	test	\N	\N	\N	\N	\N	\N	\N	draft	[]	2025-07-10 09:15:06.942+00	2025-07-10 09:15:06.942+00	58ef6fb8-b2dd-4501-8b41-2505233f93da	ebbe7ce4-4ee8-4998-926f-93c7bc03e9c3	{}	\N	\N	\N	\N	\N	2025-07-10 09:15:06.938+00	24975ca2-6aed-4a8f-8656-519069e1f613	basic_info	\N	0	\N	\N
c1528e0f-d48d-44e3-8f68-1938a1f36af6	545f9f32-b213-43b6-8324-17f95a3d3133	b00682e7-0c79-45f3-b9c2-e3e0abe13058	Political Campaign	test here	conversion	2025-07-15 00:00:00+00	2025-07-18 00:00:00+00	21	10000.00	100.00	draft	["OTT"]	2025-07-11 11:39:26.581+00	2025-07-15 10:03:49.288+00	4f611a5d-3161-4e13-a179-ab0463dc1025	ebbe7ce4-4ee8-4998-926f-93c7bc03e9c3	{}	\N	\N	\N	\N	\N	2025-07-11 11:39:26.577+00	b00682e7-0c79-45f3-b9c2-e3e0abe13058	platformConfig	\N	3	\N	\N
87ab5681-2967-4ab1-83fa-413c3e262fd8	6a6a836d-0a3d-499f-8f37-7f958307a587	24975ca2-6aed-4a8f-8656-519069e1f613	ok	huy	awareness	2025-07-11 00:00:00+00	2025-07-12 00:00:00+00	423	0.00	0.00	draft	["OTT"]	2025-07-10 13:24:09.36+00	2025-07-10 13:29:22.64+00	505bc84c-4c2b-4d4a-9c68-4ef6b5c528cd	ebbe7ce4-4ee8-4998-926f-93c7bc03e9c3	{}	\N	\N	\N	\N	\N	2025-07-10 13:24:09.358+00	24975ca2-6aed-4a8f-8656-519069e1f613	platformConfig	\N	3	\N	\N
1105db51-e162-4ae2-8595-f47a38cdcf2b	d68a6f7a-c306-45e1-a841-ee293f50352c	e855d5be-8ff1-4a85-9392-0c6973c5c9d7	tesing campaign	test	engagement	2025-07-25 00:00:00+00	2025-07-27 00:00:00+00	29	1000.00	200.00	draft	["OTT"]	2025-07-25 05:30:30.018+00	2025-07-25 05:35:35.435+00	cd3b2fcd-700c-4da4-b805-a7615b8296c8	97ddb266-6486-4390-b6e4-5ceac561e772	{tst}	\N	\N	\N	\N	\N	2025-07-25 05:30:30.017+00	e855d5be-8ff1-4a85-9392-0c6973c5c9d7	platformConfig	\N	3	\N	\N
\.


--
-- Data for Name: platform_configurations; Type: TABLE DATA; Schema: public; Owner: postgres
--

COPY "public"."platform_configurations" ("id", "org_id", "platform", "account_id", "workspace_id", "business_manager_id", "api_credentials", "default_settings", "status", "last_sync_at", "expires_at", "created_at", "updated_at") FROM stdin;
\.


--
-- Data for Name: platform_specific_campaigns; Type: TABLE DATA; Schema: public; Owner: postgres
--

COPY "public"."platform_specific_campaigns" ("id", "campaign_id", "platform_configuration_id", "platform", "platform_campaign_id", "status", "platform_status", "budget", "daily_budget", "platform_specific_data", "error_message", "last_synced_at", "server_logs", "created_at", "updated_at") FROM stdin;
\.


--
-- Data for Name: ad_sets; Type: TABLE DATA; Schema: public; Owner: postgres
--

COPY "public"."ad_sets" ("id", "platform_specific_campaign_id", "platform", "platform_ad_set_id", "name", "targeting", "optimization_goal", "bid_strategy", "bid_amount", "budget", "daily_budget", "status", "platform_specific_fields", "server_logs", "created_at", "updated_at") FROM stdin;
\.


--
-- Data for Name: creatives; Type: TABLE DATA; Schema: public; Owner: postgres
--

COPY "public"."creatives" ("id", "org_id", "created_by", "name", "description", "type", "status", "creative_data", "created_at", "updated_at", "is_variant", "parent_creative_id", "platform_compatibility", "variant_type") FROM stdin;
b79a7c6c-7ff1-4072-8e75-9fc2e807e993	d5f3c148-72db-4168-90c9-5d3178b5e435	3d04d309-fe74-4fca-aefa-d555528094ae	img	\N	image	pending	{"iqm": {"I001": {"clickUrl": "http://localhost:3000/", "creativeName": "img", "imageDetails": {"pixelUrl": "", "creativeWidth": 1200, "creativeHeight": 1080}, "creativeSource": "creatives/d5f3c148-72db-4168-90c9-5d3178b5e435/3d04d309-fe74-4fca-aefa-d555528094ae/image/b79a7c6c-7ff1-4072-8e75-9fc2e807e993/original/meta_feed_1200x1080_b79a7c6c-7ff1-4072-8e75-9fc2e807e993.jpg", "creativeSourceType": "FILE", "externalCreativeId": "cpulse_b79a7c6c-7ff1-4072-8e75-9fc2e807e993", "platformCreativeTypeId": 1}}, "r2Path": "creatives/d5f3c148-72db-4168-90c9-5d3178b5e435/3d04d309-fe74-4fca-aefa-d555528094ae/image/b79a7c6c-7ff1-4072-8e75-9fc2e807e993/original/meta_feed_1200x1080_b79a7c6c-7ff1-4072-8e75-9fc2e807e993.jpg", "validation": {"valid": true, "errors": [], "warnings": []}, "originalInput": {"name": "img", "orgId": "d5f3c148-72db-4168-90c9-5d3178b5e435", "width": 1200, "adType": "feed", "height": 1080, "clickUrl": "http://localhost:3000/", "platform": "meta", "createdBy": "3d04d309-fe74-4fca-aefa-d555528094ae", "creativeType": "image"}, "actualDimensions": {"width": 1200, "height": 1080}, "mediaExtractionWarnings": []}	2025-07-03 10:14:32.405+00	2025-07-03 10:14:32.405+00	f	\N	\N	\N
f9c23a01-0cfb-4625-b2ff-432b92038e0a	fcb7f88c-6f3c-4a3c-9768-2760dac115b1	6c606592-973b-48fe-a459-7368e775dfc5	banner1	\N	image	pending	{"iqm": {"I001": {"clickUrl": "http://localhost:3000/campaign", "creativeName": "banner1", "imageDetails": {"pixelUrl": "", "creativeWidth": 1625, "creativeHeight": 1100}, "creativeSource": "creatives/fcb7f88c-6f3c-4a3c-9768-2760dac115b1/6c606592-973b-48fe-a459-7368e775dfc5/image/f9c23a01-0cfb-4625-b2ff-432b92038e0a/original/meta_feed_1625x1100_f9c23a01-0cfb-4625-b2ff-432b92038e0a.png", "creativeSourceType": "FILE", "externalCreativeId": "cpulse_f9c23a01-0cfb-4625-b2ff-432b92038e0a", "platformCreativeTypeId": 1}}, "r2Path": "creatives/fcb7f88c-6f3c-4a3c-9768-2760dac115b1/6c606592-973b-48fe-a459-7368e775dfc5/image/f9c23a01-0cfb-4625-b2ff-432b92038e0a/original/meta_feed_1625x1100_f9c23a01-0cfb-4625-b2ff-432b92038e0a.png", "validation": {"valid": true, "errors": [], "warnings": []}, "originalInput": {"name": "banner1", "orgId": "fcb7f88c-6f3c-4a3c-9768-2760dac115b1", "width": 1625, "adType": "feed", "height": 1100, "clickUrl": "http://localhost:3000/campaign", "platform": "meta", "createdBy": "6c606592-973b-48fe-a459-7368e775dfc5", "creativeType": "image"}, "actualDimensions": {"width": 1625, "height": 1100}, "mediaExtractionWarnings": []}	2025-07-03 12:05:46.901+00	2025-07-03 12:05:46.901+00	f	\N	\N	\N
af4e5164-9851-4849-b639-fbe716d9dd71	fcb7f88c-6f3c-4a3c-9768-2760dac115b1	6c606592-973b-48fe-a459-7368e775dfc5	 my sales image	\N	image	pending	{"iqm": {"I001": {"clickUrl": "http://example", "creativeName": " my sales image", "imageDetails": {"pixelUrl": "", "creativeWidth": 1625, "creativeHeight": 1100}, "creativeSource": "creatives/fcb7f88c-6f3c-4a3c-9768-2760dac115b1/6c606592-973b-48fe-a459-7368e775dfc5/image/af4e5164-9851-4849-b639-fbe716d9dd71/original/meta_feed_1625x1100_af4e5164-9851-4849-b639-fbe716d9dd71.png", "creativeSourceType": "FILE", "externalCreativeId": "cpulse_af4e5164-9851-4849-b639-fbe716d9dd71", "platformCreativeTypeId": 1}}, "r2Path": "creatives/fcb7f88c-6f3c-4a3c-9768-2760dac115b1/6c606592-973b-48fe-a459-7368e775dfc5/image/af4e5164-9851-4849-b639-fbe716d9dd71/original/meta_feed_1625x1100_af4e5164-9851-4849-b639-fbe716d9dd71.png", "validation": {"valid": true, "errors": [], "warnings": []}, "originalInput": {"name": " my sales image", "orgId": "fcb7f88c-6f3c-4a3c-9768-2760dac115b1", "width": 1625, "adType": "feed", "height": 1100, "clickUrl": "http://example", "platform": "meta", "createdBy": "6c606592-973b-48fe-a459-7368e775dfc5", "creativeType": "image"}, "actualDimensions": {"width": 1625, "height": 1100}, "mediaExtractionWarnings": []}	2025-07-03 12:33:54.093+00	2025-07-03 12:33:54.093+00	f	\N	\N	\N
bdc0e16f-c8e2-4688-9225-03796682c5d4	fcb7f88c-6f3c-4a3c-9768-2760dac115b1	6c606592-973b-48fe-a459-7368e775dfc5	test	\N	image	pending	{"iqm": {"I001": {"clickUrl": "http://example.com", "creativeName": "test", "imageDetails": {"pixelUrl": "", "creativeWidth": 1200, "creativeHeight": 1080}, "creativeSource": "creatives/fcb7f88c-6f3c-4a3c-9768-2760dac115b1/6c606592-973b-48fe-a459-7368e775dfc5/image/bdc0e16f-c8e2-4688-9225-03796682c5d4/original/meta_feed_1200x1080_bdc0e16f-c8e2-4688-9225-03796682c5d4.jpg", "creativeSourceType": "FILE", "externalCreativeId": "cpulse_bdc0e16f-c8e2-4688-9225-03796682c5d4", "platformCreativeTypeId": 1}}, "r2Path": "creatives/fcb7f88c-6f3c-4a3c-9768-2760dac115b1/6c606592-973b-48fe-a459-7368e775dfc5/image/bdc0e16f-c8e2-4688-9225-03796682c5d4/original/meta_feed_1200x1080_bdc0e16f-c8e2-4688-9225-03796682c5d4.jpg", "validation": {"valid": true, "errors": [], "warnings": []}, "originalInput": {"name": "test", "orgId": "fcb7f88c-6f3c-4a3c-9768-2760dac115b1", "width": 1200, "adType": "feed", "height": 1080, "clickUrl": "http://example.com", "platform": "meta", "createdBy": "6c606592-973b-48fe-a459-7368e775dfc5", "creativeType": "image"}, "actualDimensions": {"width": 1200, "height": 1080}, "mediaExtractionWarnings": []}	2025-07-03 12:37:30.296+00	2025-07-03 12:37:30.296+00	f	\N	\N	\N
051496fc-8149-4624-aa55-42bcf3922e12	fcb7f88c-6f3c-4a3c-9768-2760dac115b1	6c606592-973b-48fe-a459-7368e775dfc5	one	\N	image	pending	{"iqm": {"I001": {"clickUrl": "https://example.com", "creativeName": "one", "imageDetails": {"pixelUrl": "", "creativeWidth": 1200, "creativeHeight": 1080}, "creativeSource": "creatives/fcb7f88c-6f3c-4a3c-9768-2760dac115b1/6c606592-973b-48fe-a459-7368e775dfc5/image/051496fc-8149-4624-aa55-42bcf3922e12/original/meta_feed_1200x1080_051496fc-8149-4624-aa55-42bcf3922e12.jpg", "creativeSourceType": "FILE", "externalCreativeId": "cpulse_051496fc-8149-4624-aa55-42bcf3922e12", "platformCreativeTypeId": 1}}, "r2Path": "creatives/fcb7f88c-6f3c-4a3c-9768-2760dac115b1/6c606592-973b-48fe-a459-7368e775dfc5/image/051496fc-8149-4624-aa55-42bcf3922e12/original/meta_feed_1200x1080_051496fc-8149-4624-aa55-42bcf3922e12.jpg", "validation": {"valid": true, "errors": [], "warnings": []}, "originalInput": {"name": "one", "orgId": "fcb7f88c-6f3c-4a3c-9768-2760dac115b1", "width": 1200, "adType": "feed", "height": 1080, "clickUrl": "https://example.com", "platform": "meta", "createdBy": "6c606592-973b-48fe-a459-7368e775dfc5", "creativeType": "image"}, "actualDimensions": {"width": 1200, "height": 1080}, "mediaExtractionWarnings": []}	2025-07-03 12:58:35.982+00	2025-07-03 12:58:35.982+00	f	\N	\N	\N
9fa2de33-aabe-4421-8ae5-856940047a23	fcb7f88c-6f3c-4a3c-9768-2760dac115b1	6c606592-973b-48fe-a459-7368e775dfc5	two	\N	image	pending	{"iqm": {"I001": {"clickUrl": "https://example.com", "creativeName": "two", "imageDetails": {"pixelUrl": "", "creativeWidth": 1625, "creativeHeight": 1100}, "creativeSource": "creatives/fcb7f88c-6f3c-4a3c-9768-2760dac115b1/6c606592-973b-48fe-a459-7368e775dfc5/image/9fa2de33-aabe-4421-8ae5-856940047a23/original/meta_feed_1625x1100_9fa2de33-aabe-4421-8ae5-856940047a23.png", "creativeSourceType": "FILE", "externalCreativeId": "cpulse_9fa2de33-aabe-4421-8ae5-856940047a23", "platformCreativeTypeId": 1}}, "r2Path": "creatives/fcb7f88c-6f3c-4a3c-9768-2760dac115b1/6c606592-973b-48fe-a459-7368e775dfc5/image/9fa2de33-aabe-4421-8ae5-856940047a23/original/meta_feed_1625x1100_9fa2de33-aabe-4421-8ae5-856940047a23.png", "validation": {"valid": true, "errors": [], "warnings": []}, "originalInput": {"name": "two", "orgId": "fcb7f88c-6f3c-4a3c-9768-2760dac115b1", "width": 1625, "adType": "feed", "height": 1100, "clickUrl": "https://example.com", "platform": "meta", "createdBy": "6c606592-973b-48fe-a459-7368e775dfc5", "creativeType": "image"}, "actualDimensions": {"width": 1625, "height": 1100}, "mediaExtractionWarnings": []}	2025-07-03 12:58:43.5+00	2025-07-03 12:58:43.5+00	f	\N	\N	\N
f8fc5420-7f8f-4e1b-9d2c-ab4278783f3c	fcb7f88c-6f3c-4a3c-9768-2760dac115b1	6c606592-973b-48fe-a459-7368e775dfc5	digital	\N	image	pending	{"iqm": {"I001": {"clickUrl": "http://example.com", "creativeName": "digital", "imageDetails": {"pixelUrl": "", "creativeWidth": 1200, "creativeHeight": 1080}, "creativeSource": "creatives/fcb7f88c-6f3c-4a3c-9768-2760dac115b1/6c606592-973b-48fe-a459-7368e775dfc5/image/f8fc5420-7f8f-4e1b-9d2c-ab4278783f3c/original/meta_feed_1200x1080_f8fc5420-7f8f-4e1b-9d2c-ab4278783f3c.jpg", "creativeSourceType": "FILE", "externalCreativeId": "cpulse_f8fc5420-7f8f-4e1b-9d2c-ab4278783f3c", "platformCreativeTypeId": 1}}, "r2Path": "creatives/fcb7f88c-6f3c-4a3c-9768-2760dac115b1/6c606592-973b-48fe-a459-7368e775dfc5/image/f8fc5420-7f8f-4e1b-9d2c-ab4278783f3c/original/meta_feed_1200x1080_f8fc5420-7f8f-4e1b-9d2c-ab4278783f3c.jpg", "validation": {"valid": true, "errors": [], "warnings": []}, "originalInput": {"name": "digital", "orgId": "fcb7f88c-6f3c-4a3c-9768-2760dac115b1", "width": 1200, "adType": "feed", "height": 1080, "clickUrl": "http://example.com", "platform": "meta", "createdBy": "6c606592-973b-48fe-a459-7368e775dfc5", "creativeType": "image"}, "actualDimensions": {"width": 1200, "height": 1080}, "mediaExtractionWarnings": []}	2025-07-03 13:33:12.397+00	2025-07-03 13:33:12.397+00	f	\N	\N	\N
d750cf7a-8477-4124-a36e-0227d59c9d52	fcb7f88c-6f3c-4a3c-9768-2760dac115b1	6c606592-973b-48fe-a459-7368e775dfc5	digital2	\N	image	pending	{"iqm": {"I001": {"clickUrl": "http://example.com", "creativeName": "digital2", "imageDetails": {"pixelUrl": "", "creativeWidth": 1200, "creativeHeight": 1080}, "creativeSource": "creatives/fcb7f88c-6f3c-4a3c-9768-2760dac115b1/6c606592-973b-48fe-a459-7368e775dfc5/image/d750cf7a-8477-4124-a36e-0227d59c9d52/original/meta_feed_1200x1080_d750cf7a-8477-4124-a36e-0227d59c9d52.jpg", "creativeSourceType": "FILE", "externalCreativeId": "cpulse_d750cf7a-8477-4124-a36e-0227d59c9d52", "platformCreativeTypeId": 1}}, "r2Path": "creatives/fcb7f88c-6f3c-4a3c-9768-2760dac115b1/6c606592-973b-48fe-a459-7368e775dfc5/image/d750cf7a-8477-4124-a36e-0227d59c9d52/original/meta_feed_1200x1080_d750cf7a-8477-4124-a36e-0227d59c9d52.jpg", "validation": {"valid": true, "errors": [], "warnings": []}, "originalInput": {"name": "digital2", "orgId": "fcb7f88c-6f3c-4a3c-9768-2760dac115b1", "width": 1200, "adType": "feed", "height": 1080, "clickUrl": "http://example.com", "platform": "meta", "createdBy": "6c606592-973b-48fe-a459-7368e775dfc5", "creativeType": "image"}, "actualDimensions": {"width": 1200, "height": 1080}, "mediaExtractionWarnings": []}	2025-07-03 13:34:19.692+00	2025-07-03 13:34:19.692+00	f	\N	\N	\N
55d38131-560d-4fe7-a0cd-89d11079d549	fcb7f88c-6f3c-4a3c-9768-2760dac115b1	6c606592-973b-48fe-a459-7368e775dfc5	testing digital	\N	image	pending	{"iqm": {"I001": {"clickUrl": "http://example.com", "creativeName": "testing digital", "imageDetails": {"pixelUrl": "", "creativeWidth": 1200, "creativeHeight": 1080}, "creativeSource": "creatives/fcb7f88c-6f3c-4a3c-9768-2760dac115b1/6c606592-973b-48fe-a459-7368e775dfc5/image/55d38131-560d-4fe7-a0cd-89d11079d549/original/meta_feed_1200x1080_55d38131-560d-4fe7-a0cd-89d11079d549.jpg", "creativeSourceType": "FILE", "externalCreativeId": "cpulse_55d38131-560d-4fe7-a0cd-89d11079d549", "platformCreativeTypeId": 1}}, "r2Path": "creatives/fcb7f88c-6f3c-4a3c-9768-2760dac115b1/6c606592-973b-48fe-a459-7368e775dfc5/image/55d38131-560d-4fe7-a0cd-89d11079d549/original/meta_feed_1200x1080_55d38131-560d-4fe7-a0cd-89d11079d549.jpg", "validation": {"valid": true, "errors": [], "warnings": []}, "originalInput": {"name": "testing digital", "orgId": "fcb7f88c-6f3c-4a3c-9768-2760dac115b1", "width": 1200, "adType": "feed", "height": 1080, "clickUrl": "http://example.com", "platform": "meta", "createdBy": "6c606592-973b-48fe-a459-7368e775dfc5", "creativeType": "image"}, "actualDimensions": {"width": 1200, "height": 1080}, "mediaExtractionWarnings": []}	2025-07-03 13:42:41.744+00	2025-07-03 13:42:41.744+00	f	\N	\N	\N
5e15057c-2ece-428e-93c3-55bd4f7e6651	fcb7f88c-6f3c-4a3c-9768-2760dac115b1	6c606592-973b-48fe-a459-7368e775dfc5	final test	\N	image	pending	{"iqm": {"I001": {"clickUrl": "http://example.com", "creativeName": "final test", "imageDetails": {"pixelUrl": "", "creativeWidth": 1200, "creativeHeight": 1080}, "creativeSource": "creatives/fcb7f88c-6f3c-4a3c-9768-2760dac115b1/6c606592-973b-48fe-a459-7368e775dfc5/image/5e15057c-2ece-428e-93c3-55bd4f7e6651/original/meta_feed_1200x1080_5e15057c-2ece-428e-93c3-55bd4f7e6651.jpg", "creativeSourceType": "FILE", "externalCreativeId": "cpulse_5e15057c-2ece-428e-93c3-55bd4f7e6651", "platformCreativeTypeId": 1}}, "r2Path": "creatives/fcb7f88c-6f3c-4a3c-9768-2760dac115b1/6c606592-973b-48fe-a459-7368e775dfc5/image/5e15057c-2ece-428e-93c3-55bd4f7e6651/original/meta_feed_1200x1080_5e15057c-2ece-428e-93c3-55bd4f7e6651.jpg", "validation": {"valid": true, "errors": [], "warnings": []}, "originalInput": {"name": "final test", "orgId": "fcb7f88c-6f3c-4a3c-9768-2760dac115b1", "width": 1200, "adType": "feed", "height": 1080, "clickUrl": "http://example.com", "platform": "meta", "createdBy": "6c606592-973b-48fe-a459-7368e775dfc5", "creativeType": "image"}, "actualDimensions": {"width": 1200, "height": 1080}, "mediaExtractionWarnings": []}	2025-07-03 13:52:18.783+00	2025-07-03 13:52:18.783+00	f	\N	\N	\N
d603a474-8c21-4528-90e7-adcea1006ea8	fcb7f88c-6f3c-4a3c-9768-2760dac115b1	6c606592-973b-48fe-a459-7368e775dfc5	test2	\N	image	pending	{"iqm": {"I001": {"clickUrl": "http://example.com", "creativeName": "test2", "imageDetails": {"pixelUrl": "", "creativeWidth": 1200, "creativeHeight": 1080}, "creativeSource": "creatives/fcb7f88c-6f3c-4a3c-9768-2760dac115b1/6c606592-973b-48fe-a459-7368e775dfc5/image/d603a474-8c21-4528-90e7-adcea1006ea8/original/meta_feed_1200x1080_d603a474-8c21-4528-90e7-adcea1006ea8.jpg", "creativeSourceType": "FILE", "externalCreativeId": "cpulse_d603a474-8c21-4528-90e7-adcea1006ea8", "platformCreativeTypeId": 1}}, "r2Path": "creatives/fcb7f88c-6f3c-4a3c-9768-2760dac115b1/6c606592-973b-48fe-a459-7368e775dfc5/image/d603a474-8c21-4528-90e7-adcea1006ea8/original/meta_feed_1200x1080_d603a474-8c21-4528-90e7-adcea1006ea8.jpg", "validation": {"valid": true, "errors": [], "warnings": []}, "originalInput": {"name": "test2", "orgId": "fcb7f88c-6f3c-4a3c-9768-2760dac115b1", "width": 1200, "adType": "feed", "height": 1080, "clickUrl": "http://example.com", "platform": "meta", "createdBy": "6c606592-973b-48fe-a459-7368e775dfc5", "creativeType": "image"}, "actualDimensions": {"width": 1200, "height": 1080}, "mediaExtractionWarnings": []}	2025-07-03 13:52:27.164+00	2025-07-03 13:52:27.164+00	f	\N	\N	\N
c98a4d97-ce3b-41b1-bcf8-f5d506d59101	d5f3c148-72db-4168-90c9-5d3178b5e435	3d04d309-fe74-4fca-aefa-d555528094ae	img	\N	image	pending	{"iqm": {"I001": {"clickUrl": "http://localhost:3000/", "creativeName": "img", "imageDetails": {"pixelUrl": "", "creativeWidth": 1200, "creativeHeight": 1080}, "creativeSource": "creatives/d5f3c148-72db-4168-90c9-5d3178b5e435/3d04d309-fe74-4fca-aefa-d555528094ae/image/c98a4d97-ce3b-41b1-bcf8-f5d506d59101/original/meta_feed_1200x1080_c98a4d97-ce3b-41b1-bcf8-f5d506d59101.jpg", "creativeSourceType": "FILE", "externalCreativeId": "cpulse_c98a4d97-ce3b-41b1-bcf8-f5d506d59101", "platformCreativeTypeId": 1}}, "r2Path": "creatives/d5f3c148-72db-4168-90c9-5d3178b5e435/3d04d309-fe74-4fca-aefa-d555528094ae/image/c98a4d97-ce3b-41b1-bcf8-f5d506d59101/original/meta_feed_1200x1080_c98a4d97-ce3b-41b1-bcf8-f5d506d59101.jpg", "validation": {"valid": true, "errors": [], "warnings": []}, "originalInput": {"name": "img", "orgId": "d5f3c148-72db-4168-90c9-5d3178b5e435", "width": 1200, "adType": "feed", "height": 1080, "clickUrl": "http://localhost:3000/", "platform": "meta", "createdBy": "3d04d309-fe74-4fca-aefa-d555528094ae", "creativeType": "image"}, "actualDimensions": {"width": 1200, "height": 1080}, "mediaExtractionWarnings": []}	2025-07-03 15:58:27.281+00	2025-07-03 15:58:27.281+00	f	\N	\N	\N
f948c541-85dc-467c-b56a-f6542ee74f75	d5f3c148-72db-4168-90c9-5d3178b5e435	3d04d309-fe74-4fca-aefa-d555528094ae	img	\N	image	pending	{"iqm": {"I001": {"clickUrl": "http://localhost:3000/", "creativeName": "img", "imageDetails": {"pixelUrl": "", "creativeWidth": 1200, "creativeHeight": 1080}, "creativeSource": "creatives/d5f3c148-72db-4168-90c9-5d3178b5e435/3d04d309-fe74-4fca-aefa-d555528094ae/image/f948c541-85dc-467c-b56a-f6542ee74f75/original/meta_feed_1200x1080_f948c541-85dc-467c-b56a-f6542ee74f75.jpg", "creativeSourceType": "FILE", "externalCreativeId": "cpulse_f948c541-85dc-467c-b56a-f6542ee74f75", "platformCreativeTypeId": 1}}, "r2Path": "creatives/d5f3c148-72db-4168-90c9-5d3178b5e435/3d04d309-fe74-4fca-aefa-d555528094ae/image/f948c541-85dc-467c-b56a-f6542ee74f75/original/meta_feed_1200x1080_f948c541-85dc-467c-b56a-f6542ee74f75.jpg", "validation": {"valid": true, "errors": [], "warnings": []}, "originalInput": {"name": "img", "orgId": "d5f3c148-72db-4168-90c9-5d3178b5e435", "width": 1200, "adType": "feed", "height": 1080, "clickUrl": "http://localhost:3000/", "platform": "meta", "createdBy": "3d04d309-fe74-4fca-aefa-d555528094ae", "creativeType": "image"}, "actualDimensions": {"width": 1200, "height": 1080}, "mediaExtractionWarnings": []}	2025-07-03 15:59:41.505+00	2025-07-03 15:59:41.505+00	f	\N	\N	\N
103968ac-3895-454c-ab39-3f631d7c099b	d5f3c148-72db-4168-90c9-5d3178b5e435	3d04d309-fe74-4fca-aefa-d555528094ae	img	\N	image	pending	{"iqm": {"I001": {"clickUrl": "http://example.com", "creativeName": "img", "imageDetails": {"pixelUrl": "", "creativeWidth": 1200, "creativeHeight": 1080}, "creativeSource": "creatives/d5f3c148-72db-4168-90c9-5d3178b5e435/3d04d309-fe74-4fca-aefa-d555528094ae/image/103968ac-3895-454c-ab39-3f631d7c099b/original/meta_feed_1200x1080_103968ac-3895-454c-ab39-3f631d7c099b.jpg", "creativeSourceType": "FILE", "externalCreativeId": "cpulse_103968ac-3895-454c-ab39-3f631d7c099b", "platformCreativeTypeId": 1}}, "r2Path": "creatives/d5f3c148-72db-4168-90c9-5d3178b5e435/3d04d309-fe74-4fca-aefa-d555528094ae/image/103968ac-3895-454c-ab39-3f631d7c099b/original/meta_feed_1200x1080_103968ac-3895-454c-ab39-3f631d7c099b.jpg", "validation": {"valid": true, "errors": [], "warnings": []}, "originalInput": {"name": "img", "orgId": "d5f3c148-72db-4168-90c9-5d3178b5e435", "width": 1200, "adType": "feed", "height": 1080, "clickUrl": "http://example.com", "platform": "meta", "createdBy": "3d04d309-fe74-4fca-aefa-d555528094ae", "creativeType": "image"}, "actualDimensions": {"width": 1200, "height": 1080}, "mediaExtractionWarnings": []}	2025-07-03 16:00:30.713+00	2025-07-03 16:00:30.713+00	f	\N	\N	\N
fe397698-6a97-433c-ad47-6523dc4a0b43	d5f3c148-72db-4168-90c9-5d3178b5e435	3d04d309-fe74-4fca-aefa-d555528094ae	2mb-jpg-example-file_imresizer	\N	image	pending	{"iqm": {"I001": {"clickUrl": "https://example.com", "creativeName": "2mb-jpg-example-file_imresizer", "imageDetails": {"pixelUrl": "https://example.com", "creativeWidth": 4278, "creativeHeight": 2407}, "creativeSource": "creatives/d5f3c148-72db-4168-90c9-5d3178b5e435/3d04d309-fe74-4fca-aefa-d555528094ae/image/fe397698-6a97-433c-ad47-6523dc4a0b43/original/meta_feed_4278x2407_fe397698-6a97-433c-ad47-6523dc4a0b43.jpg", "creativeSourceType": "FILE", "externalCreativeId": "cpulse_fe397698-6a97-433c-ad47-6523dc4a0b43", "platformCreativeTypeId": 1}}, "r2Path": "creatives/d5f3c148-72db-4168-90c9-5d3178b5e435/3d04d309-fe74-4fca-aefa-d555528094ae/image/fe397698-6a97-433c-ad47-6523dc4a0b43/original/meta_feed_4278x2407_fe397698-6a97-433c-ad47-6523dc4a0b43.jpg", "validation": {"valid": true, "errors": [], "warnings": []}, "originalInput": {"name": "2mb-jpg-example-file_imresizer", "orgId": "d5f3c148-72db-4168-90c9-5d3178b5e435", "width": 4278, "adType": "feed", "height": 2407, "clickUrl": "https://example.com", "pixelUrl": "https://example.com", "platform": "meta", "createdBy": "3d04d309-fe74-4fca-aefa-d555528094ae", "creativeType": "image"}, "actualDimensions": {"width": 4278, "height": 2407}, "mediaExtractionWarnings": []}	2025-07-03 16:59:48.068+00	2025-07-03 16:59:48.068+00	f	\N	\N	\N
ca9c83ce-7559-41ff-a854-23e99dc43299	46193251-355f-4801-98fc-d7cc3e24995b	02c728e6-84df-4f27-a8b7-b0ff6c6db382	img	\N	image	pending	{"iqm": {"I001": {"clickUrl": "https://example.com", "creativeName": "img", "imageDetails": {"pixelUrl": "", "creativeWidth": 1200, "creativeHeight": 1080}, "creativeSource": "creatives/46193251-355f-4801-98fc-d7cc3e24995b/02c728e6-84df-4f27-a8b7-b0ff6c6db382/image/ca9c83ce-7559-41ff-a854-23e99dc43299/original/meta_feed_1200x1080_ca9c83ce-7559-41ff-a854-23e99dc43299.jpg", "creativeSourceType": "FILE", "externalCreativeId": "cpulse_ca9c83ce-7559-41ff-a854-23e99dc43299", "platformCreativeTypeId": 1}}, "r2Path": "creatives/46193251-355f-4801-98fc-d7cc3e24995b/02c728e6-84df-4f27-a8b7-b0ff6c6db382/image/ca9c83ce-7559-41ff-a854-23e99dc43299/original/meta_feed_1200x1080_ca9c83ce-7559-41ff-a854-23e99dc43299.jpg", "validation": {"valid": true, "errors": [], "warnings": []}, "originalInput": {"name": "img", "orgId": "46193251-355f-4801-98fc-d7cc3e24995b", "width": 1200, "adType": "feed", "height": 1080, "clickUrl": "https://example.com", "platform": "meta", "createdBy": "02c728e6-84df-4f27-a8b7-b0ff6c6db382", "creativeType": "image"}, "actualDimensions": {"width": 1200, "height": 1080}, "mediaExtractionWarnings": []}	2025-07-04 09:57:29.819+00	2025-07-04 09:57:29.819+00	f	\N	\N	\N
5bf6f055-e819-4f86-a453-70706dd65996	4afa1f6f-7abd-4fab-b9e0-b99f3008629b	240b27c0-0c2d-47c2-9715-4ba4081085fc	build test	\N	image	pending	{"iqm": {"I001": {"clickUrl": "http://examplebuild.com", "creativeName": "build test", "imageDetails": {"pixelUrl": "", "creativeWidth": 1200, "creativeHeight": 1080}, "creativeSource": "creatives/4afa1f6f-7abd-4fab-b9e0-b99f3008629b/240b27c0-0c2d-47c2-9715-4ba4081085fc/image/5bf6f055-e819-4f86-a453-70706dd65996/original/meta_feed_1200x1080_5bf6f055-e819-4f86-a453-70706dd65996.jpg", "creativeSourceType": "FILE", "externalCreativeId": "cpulse_5bf6f055-e819-4f86-a453-70706dd65996", "platformCreativeTypeId": 1}}, "r2Path": "creatives/4afa1f6f-7abd-4fab-b9e0-b99f3008629b/240b27c0-0c2d-47c2-9715-4ba4081085fc/image/5bf6f055-e819-4f86-a453-70706dd65996/original/meta_feed_1200x1080_5bf6f055-e819-4f86-a453-70706dd65996.jpg", "validation": {"valid": true, "errors": [], "warnings": []}, "originalInput": {"name": "build test", "orgId": "4afa1f6f-7abd-4fab-b9e0-b99f3008629b", "width": 1200, "adType": "feed", "height": 1080, "clickUrl": "http://examplebuild.com", "platform": "meta", "createdBy": "240b27c0-0c2d-47c2-9715-4ba4081085fc", "creativeType": "image"}, "actualDimensions": {"width": 1200, "height": 1080}, "mediaExtractionWarnings": []}	2025-07-04 11:31:24.79+00	2025-07-04 11:31:24.79+00	f	\N	\N	\N
982ae22b-28a7-46ca-8e81-dd7c403f6266	2bd688ce-805f-46ab-8748-91e138f0cb2b	a4daad9b-636d-40c2-839a-e907b7090415	new user test	\N	image	pending	{"iqm": {"I001": {"clickUrl": "http://example.com", "creativeName": "new user test", "imageDetails": {"pixelUrl": "", "creativeWidth": 1200, "creativeHeight": 1080}, "creativeSource": "creatives/2bd688ce-805f-46ab-8748-91e138f0cb2b/a4daad9b-636d-40c2-839a-e907b7090415/image/982ae22b-28a7-46ca-8e81-dd7c403f6266/original/meta_feed_1200x1080_982ae22b-28a7-46ca-8e81-dd7c403f6266.jpg", "creativeSourceType": "FILE", "externalCreativeId": "cpulse_982ae22b-28a7-46ca-8e81-dd7c403f6266", "platformCreativeTypeId": 1}}, "r2Path": "creatives/2bd688ce-805f-46ab-8748-91e138f0cb2b/a4daad9b-636d-40c2-839a-e907b7090415/image/982ae22b-28a7-46ca-8e81-dd7c403f6266/original/meta_feed_1200x1080_982ae22b-28a7-46ca-8e81-dd7c403f6266.jpg", "validation": {"valid": true, "errors": [], "warnings": []}, "originalInput": {"name": "new user test", "orgId": "2bd688ce-805f-46ab-8748-91e138f0cb2b", "width": 1200, "adType": "feed", "height": 1080, "clickUrl": "http://example.com", "platform": "meta", "createdBy": "a4daad9b-636d-40c2-839a-e907b7090415", "creativeType": "image"}, "actualDimensions": {"width": 1200, "height": 1080}, "mediaExtractionWarnings": []}	2025-07-04 11:52:18.103+00	2025-07-04 11:52:18.103+00	f	\N	\N	\N
a9b0a62f-4f08-4b23-a7c8-ac8d28b48187	2bd688ce-805f-46ab-8748-91e138f0cb2b	a4daad9b-636d-40c2-839a-e907b7090415	testing video	\N	video	pending	{"iqm": {"V001": {"clickUrl": "http://localhost:3000/", "creativeName": "testing video", "videoDetails": {"duration": 14, "pixelUrl": "", "creativeWidth": 0, "creativeHeight": 0}, "creativeSource": "creatives/2bd688ce-805f-46ab-8748-91e138f0cb2b/a4daad9b-636d-40c2-839a-e907b7090415/video/a9b0a62f-4f08-4b23-a7c8-ac8d28b48187/original/meta_feed_14s_a9b0a62f-4f08-4b23-a7c8-ac8d28b48187.mp4", "creativeSourceType": "FILE", "externalCreativeId": "cpulse_a9b0a62f-4f08-4b23-a7c8-ac8d28b48187", "platformCreativeTypeId": 9}}, "r2Path": "creatives/2bd688ce-805f-46ab-8748-91e138f0cb2b/a4daad9b-636d-40c2-839a-e907b7090415/video/a9b0a62f-4f08-4b23-a7c8-ac8d28b48187/original/meta_feed_14s_a9b0a62f-4f08-4b23-a7c8-ac8d28b48187.mp4", "validation": {"valid": true, "errors": [], "warnings": []}, "originalInput": {"name": "testing video", "orgId": "2bd688ce-805f-46ab-8748-91e138f0cb2b", "adType": "feed", "clickUrl": "http://localhost:3000/", "duration": 14, "platform": "meta", "createdBy": "a4daad9b-636d-40c2-839a-e907b7090415", "creativeType": "video"}, "actualDuration": 14, "actualDimensions": null, "mediaExtractionWarnings": []}	2025-07-04 14:01:03.959+00	2025-07-04 14:01:03.959+00	f	\N	\N	\N
0a168885-7fc5-4773-abe3-5ad70e099947	2bd688ce-805f-46ab-8748-91e138f0cb2b	a4daad9b-636d-40c2-839a-e907b7090415	iqm test	\N	video	pending	{"iqm": {"V001": {"clickUrl": "http://example.com", "creativeName": "iqm test", "videoDetails": {"duration": 14, "pixelUrl": "", "creativeWidth": 0, "creativeHeight": 0}, "creativeSource": "creatives/2bd688ce-805f-46ab-8748-91e138f0cb2b/a4daad9b-636d-40c2-839a-e907b7090415/video/0a168885-7fc5-4773-abe3-5ad70e099947/original/meta_feed_14s_0a168885-7fc5-4773-abe3-5ad70e099947.mp4", "creativeSourceType": "FILE", "externalCreativeId": "cpulse_0a168885-7fc5-4773-abe3-5ad70e099947", "platformCreativeTypeId": 9}}, "r2Path": "creatives/2bd688ce-805f-46ab-8748-91e138f0cb2b/a4daad9b-636d-40c2-839a-e907b7090415/video/0a168885-7fc5-4773-abe3-5ad70e099947/original/meta_feed_14s_0a168885-7fc5-4773-abe3-5ad70e099947.mp4", "validation": {"valid": true, "errors": [], "warnings": []}, "originalInput": {"name": "iqm test", "orgId": "2bd688ce-805f-46ab-8748-91e138f0cb2b", "adType": "feed", "clickUrl": "http://example.com", "duration": 14, "platform": "meta", "createdBy": "a4daad9b-636d-40c2-839a-e907b7090415", "creativeType": "video"}, "actualDuration": 14, "actualDimensions": null, "mediaExtractionWarnings": []}	2025-07-04 14:03:18.687+00	2025-07-04 14:03:18.687+00	f	\N	\N	\N
68ff53b1-5441-4167-bddb-255dd0acb6fd	2bd688ce-805f-46ab-8748-91e138f0cb2b	a4daad9b-636d-40c2-839a-e907b7090415	test video	\N	video	pending	{"iqm": {"V001": {"clickUrl": "http://example.com", "creativeName": "test video", "videoDetails": {"duration": 14, "pixelUrl": "", "creativeWidth": 0, "creativeHeight": 0}, "creativeSource": "creatives/2bd688ce-805f-46ab-8748-91e138f0cb2b/a4daad9b-636d-40c2-839a-e907b7090415/video/68ff53b1-5441-4167-bddb-255dd0acb6fd/original/meta_feed_14s_68ff53b1-5441-4167-bddb-255dd0acb6fd.mp4", "creativeSourceType": "FILE", "externalCreativeId": "cpulse_68ff53b1-5441-4167-bddb-255dd0acb6fd", "platformCreativeTypeId": 9}}, "r2Path": "creatives/2bd688ce-805f-46ab-8748-91e138f0cb2b/a4daad9b-636d-40c2-839a-e907b7090415/video/68ff53b1-5441-4167-bddb-255dd0acb6fd/original/meta_feed_14s_68ff53b1-5441-4167-bddb-255dd0acb6fd.mp4", "validation": {"valid": true, "errors": [], "warnings": []}, "originalInput": {"name": "test video", "orgId": "2bd688ce-805f-46ab-8748-91e138f0cb2b", "adType": "feed", "clickUrl": "http://example.com", "duration": 14, "platform": "meta", "createdBy": "a4daad9b-636d-40c2-839a-e907b7090415", "creativeType": "video"}, "actualDuration": 14, "actualDimensions": null, "mediaExtractionWarnings": []}	2025-07-04 14:18:48.321+00	2025-07-04 14:18:48.321+00	f	\N	\N	\N
b2421645-a662-4345-b222-f69c6dc5bf4c	2bd688ce-805f-46ab-8748-91e138f0cb2b	a4daad9b-636d-40c2-839a-e907b7090415	file_example_MP3_1MG	\N	audio	pending	{"iqm": {"A001": {"clickUrl": "http://localhost/", "audioDetails": {"duration": 57.983265, "pixelUrl": ""}, "creativeName": "file_example_MP3_1MG", "creativeSource": "creatives/2bd688ce-805f-46ab-8748-91e138f0cb2b/a4daad9b-636d-40c2-839a-e907b7090415/audio/b2421645-a662-4345-b222-f69c6dc5bf4c/original/iqm_audio_57.983265s_b2421645-a662-4345-b222-f69c6dc5bf4c.mp3", "creativeSourceType": "FILE", "externalCreativeId": "cpulse_b2421645-a662-4345-b222-f69c6dc5bf4c", "platformCreativeTypeId": 3}}, "r2Path": "creatives/2bd688ce-805f-46ab-8748-91e138f0cb2b/a4daad9b-636d-40c2-839a-e907b7090415/audio/b2421645-a662-4345-b222-f69c6dc5bf4c/original/iqm_audio_57.983265s_b2421645-a662-4345-b222-f69c6dc5bf4c.mp3", "validation": {"valid": true, "errors": [], "warnings": []}, "originalInput": {"name": "file_example_MP3_1MG", "orgId": "2bd688ce-805f-46ab-8748-91e138f0cb2b", "adType": "audio", "clickUrl": "http://localhost/", "duration": 57.983265, "platform": "iqm", "createdBy": "a4daad9b-636d-40c2-839a-e907b7090415", "creativeType": "audio"}, "actualDuration": 57.983265, "actualDimensions": null, "mediaExtractionWarnings": []}	2025-07-04 15:04:24.243+00	2025-07-04 15:04:24.243+00	f	\N	\N	\N
90f4b148-3520-45dc-982f-2378323a0e6f	2bd688ce-805f-46ab-8748-91e138f0cb2b	a4daad9b-636d-40c2-839a-e907b7090415	file_example_MP3_1MG	\N	audio	pending	{"iqm": {"A001": {"clickUrl": "http://example.com", "audioDetails": {"duration": 57.983265, "pixelUrl": ""}, "creativeName": "file_example_MP3_1MG", "creativeSource": "creatives/2bd688ce-805f-46ab-8748-91e138f0cb2b/a4daad9b-636d-40c2-839a-e907b7090415/audio/90f4b148-3520-45dc-982f-2378323a0e6f/original/iqm_audio_57.983265s_90f4b148-3520-45dc-982f-2378323a0e6f.mp3", "creativeSourceType": "FILE", "externalCreativeId": "cpulse_90f4b148-3520-45dc-982f-2378323a0e6f", "platformCreativeTypeId": 3}}, "r2Path": "creatives/2bd688ce-805f-46ab-8748-91e138f0cb2b/a4daad9b-636d-40c2-839a-e907b7090415/audio/90f4b148-3520-45dc-982f-2378323a0e6f/original/iqm_audio_57.983265s_90f4b148-3520-45dc-982f-2378323a0e6f.mp3", "validation": {"valid": true, "errors": [], "warnings": []}, "originalInput": {"name": "file_example_MP3_1MG", "orgId": "2bd688ce-805f-46ab-8748-91e138f0cb2b", "adType": "audio", "clickUrl": "http://example.com", "duration": 57.983265, "platform": "iqm", "createdBy": "a4daad9b-636d-40c2-839a-e907b7090415", "creativeType": "audio"}, "actualDuration": 57.983265, "actualDimensions": null, "mediaExtractionWarnings": []}	2025-07-04 15:06:50.259+00	2025-07-04 15:06:50.259+00	f	\N	\N	\N
ba6722b3-419d-44f0-8fb9-32ba6cdca1fe	3581f795-474f-4d6e-bc91-d83925439456	bce6c949-bfa4-49fb-97fe-5fbfd2bd7e1a	img	\N	image	pending	{"iqm": {"I001": {"clickUrl": "http://example.com", "creativeName": "img", "imageDetails": {"pixelUrl": "", "creativeWidth": 1200, "creativeHeight": 1080}, "creativeSource": "creatives/3581f795-474f-4d6e-bc91-d83925439456/bce6c949-bfa4-49fb-97fe-5fbfd2bd7e1a/image/ba6722b3-419d-44f0-8fb9-32ba6cdca1fe/original/meta_feed_1200x1080_ba6722b3-419d-44f0-8fb9-32ba6cdca1fe.jpg", "creativeSourceType": "FILE", "externalCreativeId": "cpulse_ba6722b3-419d-44f0-8fb9-32ba6cdca1fe", "platformCreativeTypeId": 1}}, "r2Path": "creatives/3581f795-474f-4d6e-bc91-d83925439456/bce6c949-bfa4-49fb-97fe-5fbfd2bd7e1a/image/ba6722b3-419d-44f0-8fb9-32ba6cdca1fe/original/meta_feed_1200x1080_ba6722b3-419d-44f0-8fb9-32ba6cdca1fe.jpg", "validation": {"valid": true, "errors": [], "warnings": []}, "originalInput": {"name": "img", "orgId": "3581f795-474f-4d6e-bc91-d83925439456", "width": 1200, "adType": "feed", "height": 1080, "clickUrl": "http://example.com", "platform": "meta", "createdBy": "bce6c949-bfa4-49fb-97fe-5fbfd2bd7e1a", "creativeType": "image"}, "actualDimensions": {"width": 1200, "height": 1080}, "mediaExtractionWarnings": []}	2025-07-04 16:48:14.547+00	2025-07-04 16:48:14.547+00	f	\N	\N	\N
7d3aabe7-cfee-4bb2-b65f-4def86239743	2bd688ce-805f-46ab-8748-91e138f0cb2b	a4daad9b-636d-40c2-839a-e907b7090415	4763824-uhd_3840_2160_24fps	\N	video	pending	{"iqm": {"V001": {"clickUrl": "http://example.com", "creativeName": "4763824-uhd_3840_2160_24fps", "videoDetails": {"duration": 14, "pixelUrl": "", "creativeWidth": 0, "creativeHeight": 0}, "creativeSource": "creatives/2bd688ce-805f-46ab-8748-91e138f0cb2b/a4daad9b-636d-40c2-839a-e907b7090415/video/7d3aabe7-cfee-4bb2-b65f-4def86239743/original/meta_feed_14s_7d3aabe7-cfee-4bb2-b65f-4def86239743.mp4", "creativeSourceType": "FILE", "externalCreativeId": "cpulse_7d3aabe7-cfee-4bb2-b65f-4def86239743", "platformCreativeTypeId": 9}}, "r2Path": "creatives/2bd688ce-805f-46ab-8748-91e138f0cb2b/a4daad9b-636d-40c2-839a-e907b7090415/video/7d3aabe7-cfee-4bb2-b65f-4def86239743/original/meta_feed_14s_7d3aabe7-cfee-4bb2-b65f-4def86239743.mp4", "validation": {"valid": true, "errors": [], "warnings": []}, "originalInput": {"name": "4763824-uhd_3840_2160_24fps", "orgId": "2bd688ce-805f-46ab-8748-91e138f0cb2b", "adType": "feed", "clickUrl": "http://example.com", "duration": 14, "platform": "meta", "createdBy": "a4daad9b-636d-40c2-839a-e907b7090415", "creativeType": "video"}, "actualDuration": 14, "actualDimensions": null, "mediaExtractionWarnings": []}	2025-07-04 17:01:46.371+00	2025-07-04 17:01:46.371+00	f	\N	\N	\N
8a946698-7348-45a4-8863-5b06c3ecf9d1	2bd688ce-805f-46ab-8748-91e138f0cb2b	a4daad9b-636d-40c2-839a-e907b7090415	test audio	\N	audio	pending	{"iqm": {"A001": {"clickUrl": "http://example.com", "audioDetails": {"duration": 57.983265, "pixelUrl": ""}, "creativeName": "test audio", "creativeSource": "creatives/2bd688ce-805f-46ab-8748-91e138f0cb2b/a4daad9b-636d-40c2-839a-e907b7090415/audio/8a946698-7348-45a4-8863-5b06c3ecf9d1/original/iqm_audio_57.983265s_8a946698-7348-45a4-8863-5b06c3ecf9d1.mp3", "creativeSourceType": "FILE", "externalCreativeId": "cpulse_8a946698-7348-45a4-8863-5b06c3ecf9d1", "platformCreativeTypeId": 3}}, "r2Path": "creatives/2bd688ce-805f-46ab-8748-91e138f0cb2b/a4daad9b-636d-40c2-839a-e907b7090415/audio/8a946698-7348-45a4-8863-5b06c3ecf9d1/original/iqm_audio_57.983265s_8a946698-7348-45a4-8863-5b06c3ecf9d1.mp3", "validation": {"valid": true, "errors": [], "warnings": []}, "originalInput": {"name": "test audio", "orgId": "2bd688ce-805f-46ab-8748-91e138f0cb2b", "adType": "audio", "clickUrl": "http://example.com", "duration": 57.983265, "platform": "iqm", "createdBy": "a4daad9b-636d-40c2-839a-e907b7090415", "creativeType": "audio"}, "actualDuration": 57.983265, "actualDimensions": null, "mediaExtractionWarnings": []}	2025-07-04 17:03:04.272+00	2025-07-04 17:03:04.272+00	f	\N	\N	\N
ae87ca5e-5770-4371-909b-2337caf4d61b	2bd688ce-805f-46ab-8748-91e138f0cb2b	a4daad9b-636d-40c2-839a-e907b7090415	test	\N	image	pending	{"iqm": {"I001": {"clickUrl": "http://example.com", "creativeName": "test", "imageDetails": {"pixelUrl": "", "creativeWidth": 1920, "creativeHeight": 1277}, "creativeSource": "creatives/2bd688ce-805f-46ab-8748-91e138f0cb2b/a4daad9b-636d-40c2-839a-e907b7090415/image/ae87ca5e-5770-4371-909b-2337caf4d61b/original/meta_feed_1920x1277_ae87ca5e-5770-4371-909b-2337caf4d61b.jpg", "creativeSourceType": "FILE", "externalCreativeId": "cpulse_ae87ca5e-5770-4371-909b-2337caf4d61b", "platformCreativeTypeId": 1}}, "r2Path": "creatives/2bd688ce-805f-46ab-8748-91e138f0cb2b/a4daad9b-636d-40c2-839a-e907b7090415/image/ae87ca5e-5770-4371-909b-2337caf4d61b/original/meta_feed_1920x1277_ae87ca5e-5770-4371-909b-2337caf4d61b.jpg", "validation": {"valid": true, "errors": [], "warnings": []}, "originalInput": {"name": "test", "orgId": "2bd688ce-805f-46ab-8748-91e138f0cb2b", "width": 1920, "adType": "feed", "height": 1277, "clickUrl": "http://example.com", "platform": "meta", "createdBy": "a4daad9b-636d-40c2-839a-e907b7090415", "creativeType": "image"}, "actualDimensions": {"width": 1920, "height": 1277}, "mediaExtractionWarnings": []}	2025-07-07 09:42:22.847+00	2025-07-07 09:42:22.847+00	f	\N	\N	\N
928d8152-0720-4625-b643-c4dbb0fbefe4	9b341360-11fb-4bca-b4b8-6a5dc9e58419	bdad0a7d-21ca-4433-a9bf-11debe4b6891	img	\N	image	pending	{"iqm": {"I001": {"clickUrl": "https://example.com", "creativeName": "img", "imageDetails": {"pixelUrl": "", "creativeWidth": 1200, "creativeHeight": 1080}, "creativeSource": "creatives/9b341360-11fb-4bca-b4b8-6a5dc9e58419/bdad0a7d-21ca-4433-a9bf-11debe4b6891/image/928d8152-0720-4625-b643-c4dbb0fbefe4/original/meta_feed_1200x1080_928d8152-0720-4625-b643-c4dbb0fbefe4.jpg", "creativeSourceType": "FILE", "externalCreativeId": "cpulse_928d8152-0720-4625-b643-c4dbb0fbefe4", "platformCreativeTypeId": 1}}, "r2Path": "creatives/9b341360-11fb-4bca-b4b8-6a5dc9e58419/bdad0a7d-21ca-4433-a9bf-11debe4b6891/image/928d8152-0720-4625-b643-c4dbb0fbefe4/original/meta_feed_1200x1080_928d8152-0720-4625-b643-c4dbb0fbefe4.jpg", "validation": {"valid": true, "errors": [], "warnings": []}, "originalInput": {"name": "img", "orgId": "9b341360-11fb-4bca-b4b8-6a5dc9e58419", "width": 1200, "adType": "feed", "height": 1080, "clickUrl": "https://example.com", "platform": "meta", "createdBy": "bdad0a7d-21ca-4433-a9bf-11debe4b6891", "creativeType": "image"}, "actualDimensions": {"width": 1200, "height": 1080}, "mediaExtractionWarnings": []}	2025-07-07 10:52:46.633+00	2025-07-07 10:52:46.633+00	f	\N	\N	\N
854533cb-917b-4d9b-b7ab-22d073cf9f6b	6a6a836d-0a3d-499f-8f37-7f958307a587	24975ca2-6aed-4a8f-8656-519069e1f613	concert test	\N	image	pending	{"iqm": {"I001": {"clickUrl": "http://example.com", "creativeName": "concert test", "imageDetails": {"pixelUrl": "", "creativeWidth": 1920, "creativeHeight": 1277}, "creativeSource": "creatives/6a6a836d-0a3d-499f-8f37-7f958307a587/24975ca2-6aed-4a8f-8656-519069e1f613/image/854533cb-917b-4d9b-b7ab-22d073cf9f6b/original/meta_feed_1920x1277_854533cb-917b-4d9b-b7ab-22d073cf9f6b.jpg", "creativeSourceType": "FILE", "externalCreativeId": "cpulse_854533cb-917b-4d9b-b7ab-22d073cf9f6b", "platformCreativeTypeId": 1}}, "r2Path": "creatives/6a6a836d-0a3d-499f-8f37-7f958307a587/24975ca2-6aed-4a8f-8656-519069e1f613/image/854533cb-917b-4d9b-b7ab-22d073cf9f6b/original/meta_feed_1920x1277_854533cb-917b-4d9b-b7ab-22d073cf9f6b.jpg", "validation": {"valid": true, "errors": [], "warnings": []}, "originalInput": {"name": "concert test", "orgId": "6a6a836d-0a3d-499f-8f37-7f958307a587", "width": 1920, "adType": "feed", "height": 1277, "clickUrl": "http://example.com", "platform": "meta", "createdBy": "24975ca2-6aed-4a8f-8656-519069e1f613", "creativeType": "image"}, "actualDimensions": {"width": 1920, "height": 1277}, "mediaExtractionWarnings": []}	2025-07-07 15:16:57.033+00	2025-07-07 15:16:57.033+00	f	\N	\N	\N
57986a09-3baf-4755-8bae-b3bda7f41101	6a6a836d-0a3d-499f-8f37-7f958307a587	24975ca2-6aed-4a8f-8656-519069e1f613	test08	\N	image	pending	{"iqm": {"I001": {"clickUrl": "http://example.com", "creativeName": "test08", "imageDetails": {"pixelUrl": "", "creativeWidth": 1920, "creativeHeight": 1277}, "creativeSource": "creatives/6a6a836d-0a3d-499f-8f37-7f958307a587/24975ca2-6aed-4a8f-8656-519069e1f613/image/57986a09-3baf-4755-8bae-b3bda7f41101/original/meta_feed_1920x1277_57986a09-3baf-4755-8bae-b3bda7f41101.jpg", "creativeSourceType": "FILE", "externalCreativeId": "cpulse_57986a09-3baf-4755-8bae-b3bda7f41101", "platformCreativeTypeId": 1}}, "r2Path": "creatives/6a6a836d-0a3d-499f-8f37-7f958307a587/24975ca2-6aed-4a8f-8656-519069e1f613/image/57986a09-3baf-4755-8bae-b3bda7f41101/original/meta_feed_1920x1277_57986a09-3baf-4755-8bae-b3bda7f41101.jpg", "validation": {"valid": true, "errors": [], "warnings": []}, "originalInput": {"name": "test08", "orgId": "6a6a836d-0a3d-499f-8f37-7f958307a587", "width": 1920, "adType": "feed", "height": 1277, "clickUrl": "http://example.com", "platform": "meta", "createdBy": "24975ca2-6aed-4a8f-8656-519069e1f613", "creativeType": "image"}, "actualDimensions": {"width": 1920, "height": 1277}, "mediaExtractionWarnings": []}	2025-07-08 11:08:14.612+00	2025-07-08 11:08:14.612+00	f	\N	\N	\N
9e8fb176-a53a-48b9-b6d8-caad35b67d63	6a6a836d-0a3d-499f-8f37-7f958307a587	24975ca2-6aed-4a8f-8656-519069e1f613	Html Campaign	\N	html	pending	{"iqm": {"H001": {"clickUrl": "https://example.com/landing", "creativeName": "Html Campaign", "creativeSource": "<!DOCTYPE html>\\n<html lang=\\"en\\">\\n<head>\\n  <meta charset=\\"UTF-8\\">\\n  <title>Colored Divs and Text</title>\\n</head>\\n<body style=\\"margin: 0; padding: 0; font-family: sans-serif;\\">\\n\\n  <div style=\\"width: 100%; padding: 20px; background-color: #4f46e5; color: white; text-align: center;\\">\\n    <h1 style=\\"margin: 0;\\">Welcome to the Colorful Page</h1>\\n  </div>\\n\\n  <div style=\\"padding: 30px; background-color: #f9fafb; text-align: center;\\">\\n    <p style=\\"font-size: 18px; color: #111827;\\">\\n      This is a simple page using only basic HTML tags and some inline styles. There are no images here!\\n    </p>\\n  </div>\\n\\n  <div style=\\"padding: 30px; background-color: #e0f2fe; text-align: center;\\">\\n    <p style=\\"font-size: 16px; color: #0c4a6e;\\">\\n      You can add more sections like this to show colorful content using <code>&lt;div&gt;</code> and <code>&lt;p&gt;</code> tags.\\n    </p>\\n  </div>\\n\\n</body>\\n</html>", "creativeSourceType": "HTML", "externalCreativeId": "cpulse_9e8fb176-a53a-48b9-b6d8-caad35b67d63", "platformCreativeTypeId": 13}}, "r2Path": "creatives/6a6a836d-0a3d-499f-8f37-7f958307a587/24975ca2-6aed-4a8f-8656-519069e1f613/html/9e8fb176-a53a-48b9-b6d8-caad35b67d63/original/iqm_banner_original_9e8fb176-a53a-48b9-b6d8-caad35b67d63.html", "validation": {"valid": true, "errors": [], "warnings": []}, "originalInput": {"name": "Html Campaign", "orgId": "6a6a836d-0a3d-499f-8f37-7f958307a587", "adType": "banner", "clickUrl": "https://example.com/landing", "platform": "iqm", "createdBy": "24975ca2-6aed-4a8f-8656-519069e1f613", "htmlContent": "<!DOCTYPE html>\\n<html lang=\\"en\\">\\n<head>\\n  <meta charset=\\"UTF-8\\">\\n  <title>Colored Divs and Text</title>\\n</head>\\n<body style=\\"margin: 0; padding: 0; font-family: sans-serif;\\">\\n\\n  <div style=\\"width: 100%; padding: 20px; background-color: #4f46e5; color: white; text-align: center;\\">\\n    <h1 style=\\"margin: 0;\\">Welcome to the Colorful Page</h1>\\n  </div>\\n\\n  <div style=\\"padding: 30px; background-color: #f9fafb; text-align: center;\\">\\n    <p style=\\"font-size: 18px; color: #111827;\\">\\n      This is a simple page using only basic HTML tags and some inline styles. There are no images here!\\n    </p>\\n  </div>\\n\\n  <div style=\\"padding: 30px; background-color: #e0f2fe; text-align: center;\\">\\n    <p style=\\"font-size: 16px; color: #0c4a6e;\\">\\n      You can add more sections like this to show colorful content using <code>&lt;div&gt;</code> and <code>&lt;p&gt;</code> tags.\\n    </p>\\n  </div>\\n\\n</body>\\n</html>", "creativeType": "html"}, "actualDimensions": null, "extractedHtmlContent": "<!DOCTYPE html>\\n<html lang=\\"en\\">\\n<head>\\n  <meta charset=\\"UTF-8\\">\\n  <title>Colored Divs and Text</title>\\n</head>\\n<body style=\\"margin: 0; padding: 0; font-family: sans-serif;\\">\\n\\n  <div style=\\"width: 100%; padding: 20px; background-color: #4f46e5; color: white; text-align: center;\\">\\n    <h1 style=\\"margin: 0;\\">Welcome to the Colorful Page</h1>\\n  </div>\\n\\n  <div style=\\"padding: 30px; background-color: #f9fafb; text-align: center;\\">\\n    <p style=\\"font-size: 18px; color: #111827;\\">\\n      This is a simple page using only basic HTML tags and some inline styles. There are no images here!\\n    </p>\\n  </div>\\n\\n  <div style=\\"padding: 30px; background-color: #e0f2fe; text-align: center;\\">\\n    <p style=\\"font-size: 16px; color: #0c4a6e;\\">\\n      You can add more sections like this to show colorful content using <code>&lt;div&gt;</code> and <code>&lt;p&gt;</code> tags.\\n    </p>\\n  </div>\\n\\n</body>\\n</html>", "mediaExtractionWarnings": []}	2025-07-08 12:41:32.477+00	2025-07-08 12:41:32.477+00	f	\N	\N	\N
e3504c02-83a0-40ba-bc79-bd7e9dface4b	6a6a836d-0a3d-499f-8f37-7f958307a587	24975ca2-6aed-4a8f-8656-519069e1f613	iqm-ad	\N	html	pending	{"iqm": {"H001": {"clickUrl": "http://example.com", "creativeName": "iqm-ad", "creativeSource": "<!DOCTYPE html>\\n<html lang=\\"en\\">\\n<head>\\n  <meta charset=\\"UTF-8\\" />\\n  <meta name=\\"viewport\\" content=\\"width=device-width, initial-scale=1.0\\" />\\n  <title>IQM Political Ad</title>\\n</head>\\n<body>\\n  <a href=\\"https://iqm.com/political?utm_medium=rtb&utm_campaign=wreckathon-2024-play-1\\" target=\\"_blank\\" rel=\\"noopener noreferrer\\">\\n    <img src=\\"https://cdn-cfy-p0.iqm.com/wreckathon/2024/Images/w24-728x90-P.jpg\\" alt=\\"Wreckathon 2024 Banner\\" style=\\"display:block; border:0;\\" />\\n  </a>\\n</body>\\n</html>\\n", "creativeSourceType": "HTML", "externalCreativeId": "cpulse_e3504c02-83a0-40ba-bc79-bd7e9dface4b", "platformCreativeTypeId": 13}}, "r2Path": "creatives/6a6a836d-0a3d-499f-8f37-7f958307a587/24975ca2-6aed-4a8f-8656-519069e1f613/html/e3504c02-83a0-40ba-bc79-bd7e9dface4b/original/iqm_banner_original_e3504c02-83a0-40ba-bc79-bd7e9dface4b.html", "validation": {"valid": true, "errors": [], "warnings": []}, "originalInput": {"name": "iqm-ad", "orgId": "6a6a836d-0a3d-499f-8f37-7f958307a587", "adType": "banner", "clickUrl": "http://example.com", "platform": "iqm", "createdBy": "24975ca2-6aed-4a8f-8656-519069e1f613", "htmlContent": "<!DOCTYPE html>\\n<html lang=\\"en\\">\\n<head>\\n  <meta charset=\\"UTF-8\\" />\\n  <meta name=\\"viewport\\" content=\\"width=device-width, initial-scale=1.0\\" />\\n  <title>IQM Political Ad</title>\\n</head>\\n<body>\\n  <a href=\\"https://iqm.com/political?utm_medium=rtb&utm_campaign=wreckathon-2024-play-1\\" target=\\"_blank\\" rel=\\"noopener noreferrer\\">\\n    <img src=\\"https://cdn-cfy-p0.iqm.com/wreckathon/2024/Images/w24-728x90-P.jpg\\" alt=\\"Wreckathon 2024 Banner\\" style=\\"display:block; border:0;\\" />\\n  </a>\\n</body>\\n</html>\\n", "creativeType": "html"}, "actualDimensions": null, "extractedHtmlContent": "<!DOCTYPE html>\\n<html lang=\\"en\\">\\n<head>\\n  <meta charset=\\"UTF-8\\" />\\n  <meta name=\\"viewport\\" content=\\"width=device-width, initial-scale=1.0\\" />\\n  <title>IQM Political Ad</title>\\n</head>\\n<body>\\n  <a href=\\"https://iqm.com/political?utm_medium=rtb&utm_campaign=wreckathon-2024-play-1\\" target=\\"_blank\\" rel=\\"noopener noreferrer\\">\\n    <img src=\\"https://cdn-cfy-p0.iqm.com/wreckathon/2024/Images/w24-728x90-P.jpg\\" alt=\\"Wreckathon 2024 Banner\\" style=\\"display:block; border:0;\\" />\\n  </a>\\n</body>\\n</html>\\n", "mediaExtractionWarnings": []}	2025-07-08 13:14:42.016+00	2025-07-08 13:14:42.016+00	f	\N	\N	\N
294ba041-b7fd-4c72-b076-e8bc3b914702	6a6a836d-0a3d-499f-8f37-7f958307a587	24975ca2-6aed-4a8f-8656-519069e1f613	colorful_page_no_image	\N	html	pending	{"iqm": {"H001": {"clickUrl": "http://localhost/", "creativeName": "colorful_page_no_image", "creativeSource": "<!DOCTYPE html>\\n<html lang=\\"en\\">\\n<head>\\n  <meta charset=\\"UTF-8\\">\\n  <title>Colored Divs and Text</title>\\n</head>\\n<body style=\\"margin: 0; padding: 0; font-family: sans-serif;\\">\\n\\n  <div style=\\"width: 100%; padding: 20px; background-color: #4f46e5; color: white; text-align: center;\\">\\n    <h1 style=\\"margin: 0;\\">Welcome to the Colorful Page</h1>\\n  </div>\\n\\n  <div style=\\"padding: 30px; background-color: #f9fafb; text-align: center;\\">\\n    <p style=\\"font-size: 18px; color: #111827;\\">\\n      This is a simple page using only basic HTML tags and some inline styles. There are no images here!\\n    </p>\\n  </div>\\n\\n  <div style=\\"padding: 30px; background-color: #e0f2fe; text-align: center;\\">\\n    <p style=\\"font-size: 16px; color: #0c4a6e;\\">\\n      You can add more sections like this to show colorful content using <code>&lt;div&gt;</code> and <code>&lt;p&gt;</code> tags.\\n    </p>\\n  </div>\\n\\n</body>\\n</html>", "creativeSourceType": "HTML", "externalCreativeId": "cpulse_294ba041-b7fd-4c72-b076-e8bc3b914702", "platformCreativeTypeId": 13}}, "r2Path": "creatives/6a6a836d-0a3d-499f-8f37-7f958307a587/24975ca2-6aed-4a8f-8656-519069e1f613/html/294ba041-b7fd-4c72-b076-e8bc3b914702/original/iqm_banner_original_294ba041-b7fd-4c72-b076-e8bc3b914702.html", "validation": {"valid": true, "errors": [], "warnings": []}, "originalInput": {"name": "colorful_page_no_image", "orgId": "6a6a836d-0a3d-499f-8f37-7f958307a587", "adType": "banner", "clickUrl": "http://localhost/", "platform": "iqm", "createdBy": "24975ca2-6aed-4a8f-8656-519069e1f613", "htmlContent": "<!DOCTYPE html>\\n<html lang=\\"en\\">\\n<head>\\n  <meta charset=\\"UTF-8\\">\\n  <title>Colored Divs and Text</title>\\n</head>\\n<body style=\\"margin: 0; padding: 0; font-family: sans-serif;\\">\\n\\n  <div style=\\"width: 100%; padding: 20px; background-color: #4f46e5; color: white; text-align: center;\\">\\n    <h1 style=\\"margin: 0;\\">Welcome to the Colorful Page</h1>\\n  </div>\\n\\n  <div style=\\"padding: 30px; background-color: #f9fafb; text-align: center;\\">\\n    <p style=\\"font-size: 18px; color: #111827;\\">\\n      This is a simple page using only basic HTML tags and some inline styles. There are no images here!\\n    </p>\\n  </div>\\n\\n  <div style=\\"padding: 30px; background-color: #e0f2fe; text-align: center;\\">\\n    <p style=\\"font-size: 16px; color: #0c4a6e;\\">\\n      You can add more sections like this to show colorful content using <code>&lt;div&gt;</code> and <code>&lt;p&gt;</code> tags.\\n    </p>\\n  </div>\\n\\n</body>\\n</html>", "creativeType": "html"}, "actualDimensions": null, "extractedHtmlContent": "<!DOCTYPE html>\\n<html lang=\\"en\\">\\n<head>\\n  <meta charset=\\"UTF-8\\">\\n  <title>Colored Divs and Text</title>\\n</head>\\n<body style=\\"margin: 0; padding: 0; font-family: sans-serif;\\">\\n\\n  <div style=\\"width: 100%; padding: 20px; background-color: #4f46e5; color: white; text-align: center;\\">\\n    <h1 style=\\"margin: 0;\\">Welcome to the Colorful Page</h1>\\n  </div>\\n\\n  <div style=\\"padding: 30px; background-color: #f9fafb; text-align: center;\\">\\n    <p style=\\"font-size: 18px; color: #111827;\\">\\n      This is a simple page using only basic HTML tags and some inline styles. There are no images here!\\n    </p>\\n  </div>\\n\\n  <div style=\\"padding: 30px; background-color: #e0f2fe; text-align: center;\\">\\n    <p style=\\"font-size: 16px; color: #0c4a6e;\\">\\n      You can add more sections like this to show colorful content using <code>&lt;div&gt;</code> and <code>&lt;p&gt;</code> tags.\\n    </p>\\n  </div>\\n\\n</body>\\n</html>", "mediaExtractionWarnings": []}	2025-07-08 13:26:28.424+00	2025-07-08 13:26:28.424+00	f	\N	\N	\N
3d7eb79a-0185-40c0-b5be-d4bb707df6aa	6a6a836d-0a3d-499f-8f37-7f958307a587	24975ca2-6aed-4a8f-8656-519069e1f613	test ok	\N	image	pending	{"iqm": {"I001": {"clickUrl": "http://example.com", "creativeName": "test ok", "imageDetails": {"pixelUrl": "", "creativeWidth": 1920, "creativeHeight": 1277}, "creativeSource": "creatives/6a6a836d-0a3d-499f-8f37-7f958307a587/24975ca2-6aed-4a8f-8656-519069e1f613/image/3d7eb79a-0185-40c0-b5be-d4bb707df6aa/original/meta_feed_1920x1277_3d7eb79a-0185-40c0-b5be-d4bb707df6aa.jpg", "creativeSourceType": "FILE", "externalCreativeId": "cpulse_3d7eb79a-0185-40c0-b5be-d4bb707df6aa", "platformCreativeTypeId": 1}}, "r2Path": "creatives/6a6a836d-0a3d-499f-8f37-7f958307a587/24975ca2-6aed-4a8f-8656-519069e1f613/image/3d7eb79a-0185-40c0-b5be-d4bb707df6aa/original/meta_feed_1920x1277_3d7eb79a-0185-40c0-b5be-d4bb707df6aa.jpg", "validation": {"valid": true, "errors": [], "warnings": []}, "originalInput": {"name": "test ok", "orgId": "6a6a836d-0a3d-499f-8f37-7f958307a587", "width": 1920, "adType": "feed", "height": 1277, "clickUrl": "http://example.com", "platform": "meta", "createdBy": "24975ca2-6aed-4a8f-8656-519069e1f613", "creativeType": "image"}, "actualDimensions": {"width": 1920, "height": 1277}, "mediaExtractionWarnings": []}	2025-07-08 13:27:06.677+00	2025-07-08 13:27:06.677+00	f	\N	\N	\N
0bb69a40-b779-4677-a66c-435217f03e21	6a6a836d-0a3d-499f-8f37-7f958307a587	24975ca2-6aed-4a8f-8656-519069e1f613	iqm-x	\N	html	pending	{"iqm": {"H001": {"clickUrl": "http://localhost/", "creativeName": "iqm-x", "creativeSource": "<!DOCTYPE html>\\n<html lang=\\"en\\">\\n<head>\\n  <meta charset=\\"UTF-8\\" />\\n  <meta name=\\"viewport\\" content=\\"width=device-width, initial-scale=1.0\\" />\\n  <title>IQM Political Ad</title>\\n</head>\\n<body>\\n  <a href=\\"https://iqm.com/political?utm_medium=rtb&utm_campaign=wreckathon-2024-play-1\\" target=\\"_blank\\" rel=\\"noopener noreferrer\\">\\n    <img src=\\"https://cdn-cfy-p0.iqm.com/wreckathon/2024/Images/w24-728x90-P.jpg\\" alt=\\"Wreckathon 2024 Banner\\" style=\\"display:block; border:0;\\" />\\n  </a>\\n</body>\\n</html>\\n", "creativeSourceType": "HTML", "externalCreativeId": "cpulse_0bb69a40-b779-4677-a66c-435217f03e21", "platformCreativeTypeId": 13}}, "r2Path": "creatives/6a6a836d-0a3d-499f-8f37-7f958307a587/24975ca2-6aed-4a8f-8656-519069e1f613/html/0bb69a40-b779-4677-a66c-435217f03e21/original/iqm_banner_original_0bb69a40-b779-4677-a66c-435217f03e21.html", "validation": {"valid": true, "errors": [], "warnings": []}, "originalInput": {"name": "iqm-x", "orgId": "6a6a836d-0a3d-499f-8f37-7f958307a587", "adType": "banner", "clickUrl": "http://localhost/", "platform": "iqm", "createdBy": "24975ca2-6aed-4a8f-8656-519069e1f613", "htmlContent": "<!DOCTYPE html>\\n<html lang=\\"en\\">\\n<head>\\n  <meta charset=\\"UTF-8\\" />\\n  <meta name=\\"viewport\\" content=\\"width=device-width, initial-scale=1.0\\" />\\n  <title>IQM Political Ad</title>\\n</head>\\n<body>\\n  <a href=\\"https://iqm.com/political?utm_medium=rtb&utm_campaign=wreckathon-2024-play-1\\" target=\\"_blank\\" rel=\\"noopener noreferrer\\">\\n    <img src=\\"https://cdn-cfy-p0.iqm.com/wreckathon/2024/Images/w24-728x90-P.jpg\\" alt=\\"Wreckathon 2024 Banner\\" style=\\"display:block; border:0;\\" />\\n  </a>\\n</body>\\n</html>\\n", "creativeType": "html"}, "actualDimensions": null, "extractedHtmlContent": "<!DOCTYPE html>\\n<html lang=\\"en\\">\\n<head>\\n  <meta charset=\\"UTF-8\\" />\\n  <meta name=\\"viewport\\" content=\\"width=device-width, initial-scale=1.0\\" />\\n  <title>IQM Political Ad</title>\\n</head>\\n<body>\\n  <a href=\\"https://iqm.com/political?utm_medium=rtb&utm_campaign=wreckathon-2024-play-1\\" target=\\"_blank\\" rel=\\"noopener noreferrer\\">\\n    <img src=\\"https://cdn-cfy-p0.iqm.com/wreckathon/2024/Images/w24-728x90-P.jpg\\" alt=\\"Wreckathon 2024 Banner\\" style=\\"display:block; border:0;\\" />\\n  </a>\\n</body>\\n</html>\\n", "mediaExtractionWarnings": []}	2025-07-08 13:32:40.854+00	2025-07-08 13:32:40.854+00	f	\N	\N	\N
c66d93f4-4af2-440e-9179-9c71ad894422	6a6a836d-0a3d-499f-8f37-7f958307a587	24975ca2-6aed-4a8f-8656-519069e1f613	testing html	\N	html	pending	{"iqm": {"H001": {"clickUrl": "https://example.com/landing", "creativeName": "testing html", "creativeSource": "<!DOCTYPE html>\\n<html lang=\\"en\\">\\n<head>\\n  <meta charset=\\"UTF-8\\" />\\n  <meta name=\\"viewport\\" content=\\"width=device-width, initial-scale=1.0\\" />\\n  <title>IQM Political Ad</title>\\n</head>\\n<body>\\n  <a href=\\"https://iqm.com/political?utm_medium=rtb&utm_campaign=wreckathon-2024-play-1\\" target=\\"_blank\\" rel=\\"noopener noreferrer\\">\\n    <img src=\\"https://cdn-cfy-p0.iqm.com/wreckathon/2024/Images/w24-728x90-P.jpg\\" alt=\\"Wreckathon 2024 Banner\\" style=\\"display:block; border:0;\\" />\\n  </a>\\n</body>\\n</html>\\n", "creativeSourceType": "HTML", "externalCreativeId": "cpulse_c66d93f4-4af2-440e-9179-9c71ad894422", "platformCreativeTypeId": 13}}, "r2Path": "creatives/6a6a836d-0a3d-499f-8f37-7f958307a587/24975ca2-6aed-4a8f-8656-519069e1f613/html/c66d93f4-4af2-440e-9179-9c71ad894422/original/iqm_banner_original_c66d93f4-4af2-440e-9179-9c71ad894422.html", "validation": {"valid": true, "errors": [], "warnings": []}, "originalInput": {"name": "testing html", "orgId": "6a6a836d-0a3d-499f-8f37-7f958307a587", "adType": "banner", "clickUrl": "https://example.com/landing", "platform": "iqm", "createdBy": "24975ca2-6aed-4a8f-8656-519069e1f613", "htmlContent": "<!DOCTYPE html>\\n<html lang=\\"en\\">\\n<head>\\n  <meta charset=\\"UTF-8\\" />\\n  <meta name=\\"viewport\\" content=\\"width=device-width, initial-scale=1.0\\" />\\n  <title>IQM Political Ad</title>\\n</head>\\n<body>\\n  <a href=\\"https://iqm.com/political?utm_medium=rtb&utm_campaign=wreckathon-2024-play-1\\" target=\\"_blank\\" rel=\\"noopener noreferrer\\">\\n    <img src=\\"https://cdn-cfy-p0.iqm.com/wreckathon/2024/Images/w24-728x90-P.jpg\\" alt=\\"Wreckathon 2024 Banner\\" style=\\"display:block; border:0;\\" />\\n  </a>\\n</body>\\n</html>\\n", "creativeType": "html"}, "actualDimensions": null, "extractedHtmlContent": "<!DOCTYPE html>\\n<html lang=\\"en\\">\\n<head>\\n  <meta charset=\\"UTF-8\\" />\\n  <meta name=\\"viewport\\" content=\\"width=device-width, initial-scale=1.0\\" />\\n  <title>IQM Political Ad</title>\\n</head>\\n<body>\\n  <a href=\\"https://iqm.com/political?utm_medium=rtb&utm_campaign=wreckathon-2024-play-1\\" target=\\"_blank\\" rel=\\"noopener noreferrer\\">\\n    <img src=\\"https://cdn-cfy-p0.iqm.com/wreckathon/2024/Images/w24-728x90-P.jpg\\" alt=\\"Wreckathon 2024 Banner\\" style=\\"display:block; border:0;\\" />\\n  </a>\\n</body>\\n</html>\\n", "mediaExtractionWarnings": []}	2025-07-08 13:42:14.841+00	2025-07-08 13:42:14.841+00	f	\N	\N	\N
f28fa9dd-d90f-4e2d-827d-6746a00f284f	6a6a836d-0a3d-499f-8f37-7f958307a587	24975ca2-6aed-4a8f-8656-519069e1f613	testing html1	\N	html	pending	{"iqm": {"H001": {"clickUrl": "https://example.com/landing", "creativeName": "testing html1", "creativeSource": "<!DOCTYPE html>\\n<html lang=\\"en\\">\\n<head>\\n  <meta charset=\\"UTF-8\\" />\\n  <meta name=\\"viewport\\" content=\\"width=device-width, initial-scale=1.0\\" />\\n  <title>IQM Political Ad</title>\\n</head>\\n<body>\\n  <a href=\\"https://iqm.com/political?utm_medium=rtb&utm_campaign=wreckathon-2024-play-1\\" target=\\"_blank\\" rel=\\"noopener noreferrer\\">\\n    <img src=\\"https://cdn-cfy-p0.iqm.com/wreckathon/2024/Images/w24-728x90-P.jpg\\" alt=\\"Wreckathon 2024 Banner\\" style=\\"display:block; border:0;\\" />\\n  </a>\\n</body>\\n</html>\\n", "creativeSourceType": "HTML", "externalCreativeId": "cpulse_f28fa9dd-d90f-4e2d-827d-6746a00f284f", "platformCreativeTypeId": 13}}, "r2Path": "creatives/6a6a836d-0a3d-499f-8f37-7f958307a587/24975ca2-6aed-4a8f-8656-519069e1f613/html/f28fa9dd-d90f-4e2d-827d-6746a00f284f/original/iqm_banner_original_f28fa9dd-d90f-4e2d-827d-6746a00f284f.html", "validation": {"valid": true, "errors": [], "warnings": []}, "originalInput": {"name": "testing html1", "orgId": "6a6a836d-0a3d-499f-8f37-7f958307a587", "adType": "banner", "clickUrl": "https://example.com/landing", "platform": "iqm", "createdBy": "24975ca2-6aed-4a8f-8656-519069e1f613", "htmlContent": "<!DOCTYPE html>\\n<html lang=\\"en\\">\\n<head>\\n  <meta charset=\\"UTF-8\\" />\\n  <meta name=\\"viewport\\" content=\\"width=device-width, initial-scale=1.0\\" />\\n  <title>IQM Political Ad</title>\\n</head>\\n<body>\\n  <a href=\\"https://iqm.com/political?utm_medium=rtb&utm_campaign=wreckathon-2024-play-1\\" target=\\"_blank\\" rel=\\"noopener noreferrer\\">\\n    <img src=\\"https://cdn-cfy-p0.iqm.com/wreckathon/2024/Images/w24-728x90-P.jpg\\" alt=\\"Wreckathon 2024 Banner\\" style=\\"display:block; border:0;\\" />\\n  </a>\\n</body>\\n</html>\\n", "creativeType": "html"}, "actualDimensions": null, "extractedHtmlContent": "<!DOCTYPE html>\\n<html lang=\\"en\\">\\n<head>\\n  <meta charset=\\"UTF-8\\" />\\n  <meta name=\\"viewport\\" content=\\"width=device-width, initial-scale=1.0\\" />\\n  <title>IQM Political Ad</title>\\n</head>\\n<body>\\n  <a href=\\"https://iqm.com/political?utm_medium=rtb&utm_campaign=wreckathon-2024-play-1\\" target=\\"_blank\\" rel=\\"noopener noreferrer\\">\\n    <img src=\\"https://cdn-cfy-p0.iqm.com/wreckathon/2024/Images/w24-728x90-P.jpg\\" alt=\\"Wreckathon 2024 Banner\\" style=\\"display:block; border:0;\\" />\\n  </a>\\n</body>\\n</html>\\n", "mediaExtractionWarnings": []}	2025-07-08 13:45:49.523+00	2025-07-08 13:45:49.523+00	f	\N	\N	\N
659cafde-f2ea-4daf-9f8d-8ac997bc0248	545f9f32-b213-43b6-8324-17f95a3d3133	b00682e7-0c79-45f3-b9c2-e3e0abe13058	img	\N	image	pending	{"iqm": {"I001": {"clickUrl": "https://example.com", "creativeName": "img", "imageDetails": {"pixelUrl": "", "creativeWidth": 1200, "creativeHeight": 1080}, "creativeSource": "creatives/545f9f32-b213-43b6-8324-17f95a3d3133/b00682e7-0c79-45f3-b9c2-e3e0abe13058/image/659cafde-f2ea-4daf-9f8d-8ac997bc0248/original/meta_feed_1200x1080_659cafde-f2ea-4daf-9f8d-8ac997bc0248.jpg", "creativeSourceType": "FILE", "externalCreativeId": "cpulse_659cafde-f2ea-4daf-9f8d-8ac997bc0248", "platformCreativeTypeId": 1}}, "r2Path": "creatives/545f9f32-b213-43b6-8324-17f95a3d3133/b00682e7-0c79-45f3-b9c2-e3e0abe13058/image/659cafde-f2ea-4daf-9f8d-8ac997bc0248/original/meta_feed_1200x1080_659cafde-f2ea-4daf-9f8d-8ac997bc0248.jpg", "validation": {"valid": true, "errors": [], "warnings": []}, "originalInput": {"name": "img", "orgId": "545f9f32-b213-43b6-8324-17f95a3d3133", "width": 1200, "adType": "feed", "height": 1080, "clickUrl": "https://example.com", "platform": "meta", "createdBy": "b00682e7-0c79-45f3-b9c2-e3e0abe13058", "creativeType": "image"}, "actualDimensions": {"width": 1200, "height": 1080}, "mediaExtractionWarnings": []}	2025-07-08 15:03:51.451+00	2025-07-08 15:03:51.451+00	f	\N	\N	\N
6c3649dd-8311-4006-810c-34867c3c139c	545f9f32-b213-43b6-8324-17f95a3d3133	b00682e7-0c79-45f3-b9c2-e3e0abe13058	img	\N	image	pending	{"iqm": {"I001": {"clickUrl": "https://example.com", "creativeName": "img", "imageDetails": {"pixelUrl": "", "creativeWidth": 1200, "creativeHeight": 1080}, "creativeSource": "creatives/545f9f32-b213-43b6-8324-17f95a3d3133/b00682e7-0c79-45f3-b9c2-e3e0abe13058/image/6c3649dd-8311-4006-810c-34867c3c139c/original/meta_feed_1200x1080_6c3649dd-8311-4006-810c-34867c3c139c.jpg", "creativeSourceType": "FILE", "externalCreativeId": "cpulse_6c3649dd-8311-4006-810c-34867c3c139c", "platformCreativeTypeId": 1}}, "r2Path": "creatives/545f9f32-b213-43b6-8324-17f95a3d3133/b00682e7-0c79-45f3-b9c2-e3e0abe13058/image/6c3649dd-8311-4006-810c-34867c3c139c/original/meta_feed_1200x1080_6c3649dd-8311-4006-810c-34867c3c139c.jpg", "validation": {"valid": true, "errors": [], "warnings": []}, "originalInput": {"name": "img", "orgId": "545f9f32-b213-43b6-8324-17f95a3d3133", "width": 1200, "adType": "feed", "height": 1080, "clickUrl": "https://example.com", "platform": "meta", "createdBy": "b00682e7-0c79-45f3-b9c2-e3e0abe13058", "creativeType": "image"}, "actualDimensions": {"width": 1200, "height": 1080}, "mediaExtractionWarnings": []}	2025-07-08 16:52:10.546+00	2025-07-08 16:52:10.546+00	f	\N	\N	\N
b8928869-2e70-4ac7-a131-51ca4590c2c3	6a6a836d-0a3d-499f-8f37-7f958307a587	24975ca2-6aed-4a8f-8656-519069e1f613	creative test	\N	image	pending	{"iqm": {"I001": {"clickUrl": "http://example.com", "creativeName": "creative test", "imageDetails": {"pixelUrl": "", "creativeWidth": 1920, "creativeHeight": 1277}, "creativeSource": "creatives/6a6a836d-0a3d-499f-8f37-7f958307a587/24975ca2-6aed-4a8f-8656-519069e1f613/image/b8928869-2e70-4ac7-a131-51ca4590c2c3/original/meta_feed_1920x1277_b8928869-2e70-4ac7-a131-51ca4590c2c3.jpg", "creativeSourceType": "FILE", "externalCreativeId": "cpulse_b8928869-2e70-4ac7-a131-51ca4590c2c3", "platformCreativeTypeId": 1}}, "r2Path": "creatives/6a6a836d-0a3d-499f-8f37-7f958307a587/24975ca2-6aed-4a8f-8656-519069e1f613/image/b8928869-2e70-4ac7-a131-51ca4590c2c3/original/meta_feed_1920x1277_b8928869-2e70-4ac7-a131-51ca4590c2c3.jpg", "validation": {"valid": true, "errors": [], "warnings": []}, "originalInput": {"name": "creative test", "orgId": "6a6a836d-0a3d-499f-8f37-7f958307a587", "width": 1920, "adType": "feed", "height": 1277, "clickUrl": "http://example.com", "platform": "meta", "createdBy": "24975ca2-6aed-4a8f-8656-519069e1f613", "creativeType": "image"}, "actualDimensions": {"width": 1920, "height": 1277}, "mediaExtractionWarnings": []}	2025-07-08 17:20:40.505+00	2025-07-08 17:20:40.505+00	f	\N	\N	\N
cc7adf85-36f2-4670-bf12-b846de20ffb6	545f9f32-b213-43b6-8324-17f95a3d3133	b00682e7-0c79-45f3-b9c2-e3e0abe13058	img	\N	image	pending	{"iqm": {"I001": {"clickUrl": "https://example.com", "creativeName": "img", "imageDetails": {"pixelUrl": "", "creativeWidth": 1200, "creativeHeight": 1080}, "creativeSource": "creatives/545f9f32-b213-43b6-8324-17f95a3d3133/b00682e7-0c79-45f3-b9c2-e3e0abe13058/image/cc7adf85-36f2-4670-bf12-b846de20ffb6/original/meta_feed_1200x1080_cc7adf85-36f2-4670-bf12-b846de20ffb6.jpg", "creativeSourceType": "FILE", "externalCreativeId": "cpulse_cc7adf85-36f2-4670-bf12-b846de20ffb6", "platformCreativeTypeId": 1}}, "r2Path": "creatives/545f9f32-b213-43b6-8324-17f95a3d3133/b00682e7-0c79-45f3-b9c2-e3e0abe13058/image/cc7adf85-36f2-4670-bf12-b846de20ffb6/original/meta_feed_1200x1080_cc7adf85-36f2-4670-bf12-b846de20ffb6.jpg", "validation": {"valid": true, "errors": [], "warnings": []}, "originalInput": {"name": "img", "orgId": "545f9f32-b213-43b6-8324-17f95a3d3133", "width": 1200, "adType": "feed", "height": 1080, "clickUrl": "https://example.com", "platform": "meta", "createdBy": "b00682e7-0c79-45f3-b9c2-e3e0abe13058", "creativeType": "image"}, "actualDimensions": {"width": 1200, "height": 1080}, "mediaExtractionWarnings": []}	2025-07-09 09:01:33.387+00	2025-07-09 09:01:33.387+00	f	\N	\N	\N
e3186788-d509-4f91-916c-e2ee410db942	545f9f32-b213-43b6-8324-17f95a3d3133	b00682e7-0c79-45f3-b9c2-e3e0abe13058	img	\N	image	pending	{"iqm": {"I001": {"clickUrl": "https://example.com", "creativeName": "img", "imageDetails": {"pixelUrl": "", "creativeWidth": 1200, "creativeHeight": 1080}, "creativeSource": "creatives/545f9f32-b213-43b6-8324-17f95a3d3133/b00682e7-0c79-45f3-b9c2-e3e0abe13058/image/e3186788-d509-4f91-916c-e2ee410db942/original/meta_feed_1200x1080_e3186788-d509-4f91-916c-e2ee410db942.jpg", "creativeSourceType": "FILE", "externalCreativeId": "cpulse_e3186788-d509-4f91-916c-e2ee410db942", "platformCreativeTypeId": 1}}, "r2Path": "creatives/545f9f32-b213-43b6-8324-17f95a3d3133/b00682e7-0c79-45f3-b9c2-e3e0abe13058/image/e3186788-d509-4f91-916c-e2ee410db942/original/meta_feed_1200x1080_e3186788-d509-4f91-916c-e2ee410db942.jpg", "validation": {"valid": true, "errors": [], "warnings": []}, "originalInput": {"name": "img", "orgId": "545f9f32-b213-43b6-8324-17f95a3d3133", "width": 1200, "adType": "feed", "height": 1080, "clickUrl": "https://example.com", "platform": "meta", "createdBy": "b00682e7-0c79-45f3-b9c2-e3e0abe13058", "creativeType": "image"}, "actualDimensions": {"width": 1200, "height": 1080}, "mediaExtractionWarnings": []}	2025-07-09 09:13:34.509+00	2025-07-09 09:13:34.509+00	f	\N	\N	\N
2f866d06-2ac9-4b20-8429-91505d1418fe	545f9f32-b213-43b6-8324-17f95a3d3133	b00682e7-0c79-45f3-b9c2-e3e0abe13058	img	\N	image	pending	{"iqm": {"I001": {"clickUrl": "https://example.com", "creativeName": "img", "imageDetails": {"pixelUrl": "", "creativeWidth": 1200, "creativeHeight": 1080}, "creativeSource": "creatives/545f9f32-b213-43b6-8324-17f95a3d3133/b00682e7-0c79-45f3-b9c2-e3e0abe13058/image/2f866d06-2ac9-4b20-8429-91505d1418fe/original/meta_feed_1200x1080_2f866d06-2ac9-4b20-8429-91505d1418fe.jpg", "creativeSourceType": "FILE", "externalCreativeId": "cpulse_2f866d06-2ac9-4b20-8429-91505d1418fe", "platformCreativeTypeId": 1}}, "r2Path": "creatives/545f9f32-b213-43b6-8324-17f95a3d3133/b00682e7-0c79-45f3-b9c2-e3e0abe13058/image/2f866d06-2ac9-4b20-8429-91505d1418fe/original/meta_feed_1200x1080_2f866d06-2ac9-4b20-8429-91505d1418fe.jpg", "validation": {"valid": true, "errors": [], "warnings": []}, "originalInput": {"name": "img", "orgId": "545f9f32-b213-43b6-8324-17f95a3d3133", "width": 1200, "adType": "feed", "height": 1080, "clickUrl": "https://example.com", "platform": "meta", "createdBy": "b00682e7-0c79-45f3-b9c2-e3e0abe13058", "creativeType": "image"}, "actualDimensions": {"width": 1200, "height": 1080}, "mediaExtractionWarnings": []}	2025-07-09 09:17:01.061+00	2025-07-09 09:17:01.061+00	f	\N	\N	\N
0e96db90-23a4-4b1e-b415-02a60810f4c3	545f9f32-b213-43b6-8324-17f95a3d3133	b00682e7-0c79-45f3-b9c2-e3e0abe13058	locking system (1)	\N	image	pending	{"iqm": {"I001": {"clickUrl": "https://example.com", "creativeName": "locking system (1)", "imageDetails": {"pixelUrl": "", "creativeWidth": 1200, "creativeHeight": 1800}, "creativeSource": "creatives/545f9f32-b213-43b6-8324-17f95a3d3133/b00682e7-0c79-45f3-b9c2-e3e0abe13058/image/0e96db90-23a4-4b1e-b415-02a60810f4c3/original/meta_feed_1200x1800_0e96db90-23a4-4b1e-b415-02a60810f4c3.png", "creativeSourceType": "FILE", "externalCreativeId": "cpulse_0e96db90-23a4-4b1e-b415-02a60810f4c3", "platformCreativeTypeId": 1}}, "r2Path": "creatives/545f9f32-b213-43b6-8324-17f95a3d3133/b00682e7-0c79-45f3-b9c2-e3e0abe13058/image/0e96db90-23a4-4b1e-b415-02a60810f4c3/original/meta_feed_1200x1800_0e96db90-23a4-4b1e-b415-02a60810f4c3.png", "validation": {"valid": true, "errors": [], "warnings": []}, "originalInput": {"name": "locking system (1)", "orgId": "545f9f32-b213-43b6-8324-17f95a3d3133", "width": 1200, "adType": "feed", "height": 1800, "clickUrl": "https://example.com", "platform": "meta", "createdBy": "b00682e7-0c79-45f3-b9c2-e3e0abe13058", "creativeType": "image"}, "actualDimensions": {"width": 1200, "height": 1800}, "mediaExtractionWarnings": []}	2025-07-09 12:39:56.278+00	2025-07-09 12:39:56.278+00	f	\N	\N	\N
30af9cf4-3b16-4aeb-8467-649b0b95c7e5	545f9f32-b213-43b6-8324-17f95a3d3133	b00682e7-0c79-45f3-b9c2-e3e0abe13058	video	\N	video	pending	{"iqm": {"V001": {"clickUrl": "https://example.com", "creativeName": "video", "videoDetails": {"duration": 5, "pixelUrl": "", "creativeWidth": 0, "creativeHeight": 0}, "creativeSource": "creatives/545f9f32-b213-43b6-8324-17f95a3d3133/b00682e7-0c79-45f3-b9c2-e3e0abe13058/video/30af9cf4-3b16-4aeb-8467-649b0b95c7e5/original/meta_feed_5s_30af9cf4-3b16-4aeb-8467-649b0b95c7e5.mp4", "creativeSourceType": "FILE", "externalCreativeId": "cpulse_30af9cf4-3b16-4aeb-8467-649b0b95c7e5", "platformCreativeTypeId": 9}}, "r2Path": "creatives/545f9f32-b213-43b6-8324-17f95a3d3133/b00682e7-0c79-45f3-b9c2-e3e0abe13058/video/30af9cf4-3b16-4aeb-8467-649b0b95c7e5/original/meta_feed_5s_30af9cf4-3b16-4aeb-8467-649b0b95c7e5.mp4", "validation": {"valid": true, "errors": [], "warnings": []}, "originalInput": {"name": "video", "orgId": "545f9f32-b213-43b6-8324-17f95a3d3133", "adType": "feed", "clickUrl": "https://example.com", "duration": 5, "platform": "meta", "createdBy": "b00682e7-0c79-45f3-b9c2-e3e0abe13058", "creativeType": "video"}, "actualDuration": 5, "actualDimensions": null, "mediaExtractionWarnings": []}	2025-07-09 13:22:53.976+00	2025-07-09 13:22:53.976+00	f	\N	\N	\N
eebeeb4c-17aa-4bbe-b6fb-f0edd35367a0	545f9f32-b213-43b6-8324-17f95a3d3133	b00682e7-0c79-45f3-b9c2-e3e0abe13058	audio	\N	audio	pending	{"iqm": {"A001": {"clickUrl": "https://example.com", "audioDetails": {"duration": 42.008345, "pixelUrl": ""}, "creativeName": "audio", "creativeSource": "creatives/545f9f32-b213-43b6-8324-17f95a3d3133/b00682e7-0c79-45f3-b9c2-e3e0abe13058/audio/eebeeb4c-17aa-4bbe-b6fb-f0edd35367a0/original/iqm_audio_42.008345s_eebeeb4c-17aa-4bbe-b6fb-f0edd35367a0.mp3", "creativeSourceType": "FILE", "externalCreativeId": "cpulse_eebeeb4c-17aa-4bbe-b6fb-f0edd35367a0", "platformCreativeTypeId": 3}}, "r2Path": "creatives/545f9f32-b213-43b6-8324-17f95a3d3133/b00682e7-0c79-45f3-b9c2-e3e0abe13058/audio/eebeeb4c-17aa-4bbe-b6fb-f0edd35367a0/original/iqm_audio_42.008345s_eebeeb4c-17aa-4bbe-b6fb-f0edd35367a0.mp3", "validation": {"valid": true, "errors": [], "warnings": []}, "originalInput": {"name": "audio", "orgId": "545f9f32-b213-43b6-8324-17f95a3d3133", "adType": "audio", "clickUrl": "https://example.com", "duration": 42.008345, "platform": "iqm", "createdBy": "b00682e7-0c79-45f3-b9c2-e3e0abe13058", "creativeType": "audio"}, "actualDuration": 42.008345, "actualDimensions": null, "mediaExtractionWarnings": []}	2025-07-09 13:44:52.102+00	2025-07-09 13:44:52.102+00	f	\N	\N	\N
e5a4df4f-2498-4fd0-9fc8-f5efa69747d7	545f9f32-b213-43b6-8324-17f95a3d3133	b00682e7-0c79-45f3-b9c2-e3e0abe13058	iqm-ad	\N	html	pending	{"iqm": {"H001": {"clickUrl": "https://example.com", "creativeName": "iqm-ad", "creativeSource": "<!DOCTYPE html>\\n<html lang=\\"en\\">\\n<head>\\n  <meta charset=\\"UTF-8\\" />\\n  <meta name=\\"viewport\\" content=\\"width=device-width, initial-scale=1.0\\" />\\n  <title>IQM Political Ad</title>\\n</head>\\n<body>\\n  <a href=\\"https://iqm.com/political?utm_medium=rtb&utm_campaign=wreckathon-2024-play-1\\" target=\\"_blank\\" rel=\\"noopener noreferrer\\">\\n    <img src=\\"https://cdn-cfy-p0.iqm.com/wreckathon/2024/Images/w24-728x90-P.jpg\\" alt=\\"Wreckathon 2024 Banner\\" style=\\"display:block; border:0;\\" />\\n  </a>\\n</body>\\n</html>\\n", "creativeSourceType": "HTML", "externalCreativeId": "cpulse_e5a4df4f-2498-4fd0-9fc8-f5efa69747d7", "platformCreativeTypeId": 13}}, "r2Path": "creatives/545f9f32-b213-43b6-8324-17f95a3d3133/b00682e7-0c79-45f3-b9c2-e3e0abe13058/html/e5a4df4f-2498-4fd0-9fc8-f5efa69747d7/original/iqm_banner_original_e5a4df4f-2498-4fd0-9fc8-f5efa69747d7.html", "validation": {"valid": true, "errors": [], "warnings": []}, "originalInput": {"name": "iqm-ad", "orgId": "545f9f32-b213-43b6-8324-17f95a3d3133", "adType": "banner", "clickUrl": "https://example.com", "platform": "iqm", "createdBy": "b00682e7-0c79-45f3-b9c2-e3e0abe13058", "htmlContent": "<!DOCTYPE html>\\n<html lang=\\"en\\">\\n<head>\\n  <meta charset=\\"UTF-8\\" />\\n  <meta name=\\"viewport\\" content=\\"width=device-width, initial-scale=1.0\\" />\\n  <title>IQM Political Ad</title>\\n</head>\\n<body>\\n  <a href=\\"https://iqm.com/political?utm_medium=rtb&utm_campaign=wreckathon-2024-play-1\\" target=\\"_blank\\" rel=\\"noopener noreferrer\\">\\n    <img src=\\"https://cdn-cfy-p0.iqm.com/wreckathon/2024/Images/w24-728x90-P.jpg\\" alt=\\"Wreckathon 2024 Banner\\" style=\\"display:block; border:0;\\" />\\n  </a>\\n</body>\\n</html>\\n", "creativeType": "html"}, "actualDimensions": null, "extractedHtmlContent": "<!DOCTYPE html>\\n<html lang=\\"en\\">\\n<head>\\n  <meta charset=\\"UTF-8\\" />\\n  <meta name=\\"viewport\\" content=\\"width=device-width, initial-scale=1.0\\" />\\n  <title>IQM Political Ad</title>\\n</head>\\n<body>\\n  <a href=\\"https://iqm.com/political?utm_medium=rtb&utm_campaign=wreckathon-2024-play-1\\" target=\\"_blank\\" rel=\\"noopener noreferrer\\">\\n    <img src=\\"https://cdn-cfy-p0.iqm.com/wreckathon/2024/Images/w24-728x90-P.jpg\\" alt=\\"Wreckathon 2024 Banner\\" style=\\"display:block; border:0;\\" />\\n  </a>\\n</body>\\n</html>\\n", "mediaExtractionWarnings": []}	2025-07-09 14:33:37.927+00	2025-07-09 14:33:37.927+00	f	\N	\N	\N
d2490bee-b3a8-461a-b91f-732650daae75	545f9f32-b213-43b6-8324-17f95a3d3133	b00682e7-0c79-45f3-b9c2-e3e0abe13058	locking system (1)	\N	image	pending	{"iqm": {"I001": {"clickUrl": "https://example.com", "creativeName": "locking system (1)", "imageDetails": {"pixelUrl": "", "creativeWidth": 1200, "creativeHeight": 1800}, "creativeSource": "creatives/545f9f32-b213-43b6-8324-17f95a3d3133/b00682e7-0c79-45f3-b9c2-e3e0abe13058/image/d2490bee-b3a8-461a-b91f-732650daae75/original/meta_feed_1200x1800_d2490bee-b3a8-461a-b91f-732650daae75.png", "creativeSourceType": "FILE", "externalCreativeId": "cpulse_d2490bee-b3a8-461a-b91f-732650daae75", "platformCreativeTypeId": 1}}, "r2Path": "creatives/545f9f32-b213-43b6-8324-17f95a3d3133/b00682e7-0c79-45f3-b9c2-e3e0abe13058/image/d2490bee-b3a8-461a-b91f-732650daae75/original/meta_feed_1200x1800_d2490bee-b3a8-461a-b91f-732650daae75.png", "validation": {"valid": true, "errors": [], "warnings": []}, "originalInput": {"name": "locking system (1)", "orgId": "545f9f32-b213-43b6-8324-17f95a3d3133", "width": 1200, "adType": "feed", "height": 1800, "clickUrl": "https://example.com", "platform": "meta", "createdBy": "b00682e7-0c79-45f3-b9c2-e3e0abe13058", "creativeType": "image"}, "actualDimensions": {"width": 1200, "height": 1800}, "mediaExtractionWarnings": []}	2025-07-09 16:25:25.585+00	2025-07-09 16:25:25.585+00	f	\N	\N	\N
61222f29-4a6a-47a4-9968-35c4073083a3	6a6a836d-0a3d-499f-8f37-7f958307a587	24975ca2-6aed-4a8f-8656-519069e1f613	test cre	\N	image	pending	{"iqm": {"I001": {"clickUrl": "http://example.com", "creativeName": "test cre", "imageDetails": {"pixelUrl": "", "creativeWidth": 1920, "creativeHeight": 1277}, "creativeSource": "creatives/6a6a836d-0a3d-499f-8f37-7f958307a587/24975ca2-6aed-4a8f-8656-519069e1f613/image/61222f29-4a6a-47a4-9968-35c4073083a3/original/meta_feed_1920x1277_61222f29-4a6a-47a4-9968-35c4073083a3.jpg", "creativeSourceType": "FILE", "externalCreativeId": "cpulse_61222f29-4a6a-47a4-9968-35c4073083a3", "platformCreativeTypeId": 1}}, "r2Path": "creatives/6a6a836d-0a3d-499f-8f37-7f958307a587/24975ca2-6aed-4a8f-8656-519069e1f613/image/61222f29-4a6a-47a4-9968-35c4073083a3/original/meta_feed_1920x1277_61222f29-4a6a-47a4-9968-35c4073083a3.jpg", "validation": {"valid": true, "errors": [], "warnings": []}, "originalInput": {"name": "test cre", "orgId": "6a6a836d-0a3d-499f-8f37-7f958307a587", "width": 1920, "adType": "feed", "height": 1277, "clickUrl": "http://example.com", "platform": "meta", "createdBy": "24975ca2-6aed-4a8f-8656-519069e1f613", "creativeType": "image"}, "actualDimensions": {"width": 1920, "height": 1277}, "mediaExtractionWarnings": []}	2025-07-10 09:25:01.805+00	2025-07-10 09:25:01.805+00	f	\N	\N	\N
dc6a4dc8-eaf1-4d85-b704-d3a1f271247a	6a6a836d-0a3d-499f-8f37-7f958307a587	24975ca2-6aed-4a8f-8656-519069e1f613	test img	\N	image	pending	{"iqm": {"I001": {"clickUrl": "http://example.com", "creativeName": "test img", "imageDetails": {"pixelUrl": "", "creativeWidth": 1920, "creativeHeight": 1277}, "creativeSource": "creatives/6a6a836d-0a3d-499f-8f37-7f958307a587/24975ca2-6aed-4a8f-8656-519069e1f613/image/dc6a4dc8-eaf1-4d85-b704-d3a1f271247a/original/meta_feed_1920x1277_dc6a4dc8-eaf1-4d85-b704-d3a1f271247a.jpg", "creativeSourceType": "FILE", "externalCreativeId": "cpulse_dc6a4dc8-eaf1-4d85-b704-d3a1f271247a", "platformCreativeTypeId": 1}}, "r2Path": "creatives/6a6a836d-0a3d-499f-8f37-7f958307a587/24975ca2-6aed-4a8f-8656-519069e1f613/image/dc6a4dc8-eaf1-4d85-b704-d3a1f271247a/original/meta_feed_1920x1277_dc6a4dc8-eaf1-4d85-b704-d3a1f271247a.jpg", "validation": {"valid": true, "errors": [], "warnings": []}, "originalInput": {"name": "test img", "orgId": "6a6a836d-0a3d-499f-8f37-7f958307a587", "width": 1920, "adType": "feed", "height": 1277, "clickUrl": "http://example.com", "platform": "meta", "createdBy": "24975ca2-6aed-4a8f-8656-519069e1f613", "creativeType": "image"}, "actualDimensions": {"width": 1920, "height": 1277}, "mediaExtractionWarnings": []}	2025-07-10 13:25:53.729+00	2025-07-10 13:25:53.729+00	f	\N	\N	\N
bc36ccea-27e3-4ad3-a81f-af32abada1f6	6a6a836d-0a3d-499f-8f37-7f958307a587	24975ca2-6aed-4a8f-8656-519069e1f613	market cretive	\N	image	pending	{"iqm": {"I001": {"clickUrl": "http://example.com", "creativeName": "market cretive", "imageDetails": {"pixelUrl": "", "creativeWidth": 1625, "creativeHeight": 1100}, "creativeSource": "creatives/6a6a836d-0a3d-499f-8f37-7f958307a587/24975ca2-6aed-4a8f-8656-519069e1f613/image/bc36ccea-27e3-4ad3-a81f-af32abada1f6/original/meta_feed_1625x1100_bc36ccea-27e3-4ad3-a81f-af32abada1f6.png", "creativeSourceType": "FILE", "externalCreativeId": "cpulse_bc36ccea-27e3-4ad3-a81f-af32abada1f6", "platformCreativeTypeId": 1}}, "r2Path": "creatives/6a6a836d-0a3d-499f-8f37-7f958307a587/24975ca2-6aed-4a8f-8656-519069e1f613/image/bc36ccea-27e3-4ad3-a81f-af32abada1f6/original/meta_feed_1625x1100_bc36ccea-27e3-4ad3-a81f-af32abada1f6.png", "validation": {"valid": true, "errors": [], "warnings": []}, "originalInput": {"name": "market cretive", "orgId": "6a6a836d-0a3d-499f-8f37-7f958307a587", "width": 1625, "adType": "feed", "height": 1100, "clickUrl": "http://example.com", "platform": "meta", "createdBy": "24975ca2-6aed-4a8f-8656-519069e1f613", "creativeType": "image"}, "actualDimensions": {"width": 1625, "height": 1100}, "mediaExtractionWarnings": []}	2025-07-10 13:45:40.543+00	2025-07-10 13:45:40.543+00	f	\N	\N	\N
9510f589-c052-491f-9845-117a8bdd75a7	6a6a836d-0a3d-499f-8f37-7f958307a587	24975ca2-6aed-4a8f-8656-519069e1f613	test cretive new	\N	image	pending	{"iqm": {"I001": {"clickUrl": "https://example.com", "creativeName": "test cretive new", "imageDetails": {"pixelUrl": "", "creativeWidth": 1920, "creativeHeight": 1277}, "creativeSource": "creatives/6a6a836d-0a3d-499f-8f37-7f958307a587/24975ca2-6aed-4a8f-8656-519069e1f613/image/9510f589-c052-491f-9845-117a8bdd75a7/original/meta_feed_1920x1277_9510f589-c052-491f-9845-117a8bdd75a7.jpg", "creativeSourceType": "FILE", "externalCreativeId": "cpulse_9510f589-c052-491f-9845-117a8bdd75a7", "platformCreativeTypeId": 1}}, "r2Path": "creatives/6a6a836d-0a3d-499f-8f37-7f958307a587/24975ca2-6aed-4a8f-8656-519069e1f613/image/9510f589-c052-491f-9845-117a8bdd75a7/original/meta_feed_1920x1277_9510f589-c052-491f-9845-117a8bdd75a7.jpg", "validation": {"valid": true, "errors": [], "warnings": []}, "originalInput": {"name": "test cretive new", "orgId": "6a6a836d-0a3d-499f-8f37-7f958307a587", "width": 1920, "adType": "feed", "height": 1277, "clickUrl": "https://example.com", "platform": "meta", "createdBy": "24975ca2-6aed-4a8f-8656-519069e1f613", "creativeType": "image"}, "actualDimensions": {"width": 1920, "height": 1277}, "mediaExtractionWarnings": []}	2025-07-10 15:09:38.858+00	2025-07-10 15:09:38.858+00	f	\N	\N	\N
38f40705-d0d9-4c6d-b557-ce631cf6ecb3	545f9f32-b213-43b6-8324-17f95a3d3133	b00682e7-0c79-45f3-b9c2-e3e0abe13058	img	\N	image	pending	{"iqm": {"I001": {"clickUrl": "https://example.com", "creativeName": "img", "imageDetails": {"pixelUrl": "", "creativeWidth": 1200, "creativeHeight": 1080}, "creativeSource": "creatives/545f9f32-b213-43b6-8324-17f95a3d3133/b00682e7-0c79-45f3-b9c2-e3e0abe13058/image/38f40705-d0d9-4c6d-b557-ce631cf6ecb3/original/meta_feed_1200x1080_38f40705-d0d9-4c6d-b557-ce631cf6ecb3.jpg", "creativeSourceType": "FILE", "externalCreativeId": "cpulse_38f40705-d0d9-4c6d-b557-ce631cf6ecb3", "platformCreativeTypeId": 1}}, "r2Path": "creatives/545f9f32-b213-43b6-8324-17f95a3d3133/b00682e7-0c79-45f3-b9c2-e3e0abe13058/image/38f40705-d0d9-4c6d-b557-ce631cf6ecb3/original/meta_feed_1200x1080_38f40705-d0d9-4c6d-b557-ce631cf6ecb3.jpg", "validation": {"valid": true, "errors": [], "warnings": []}, "originalInput": {"name": "img", "orgId": "545f9f32-b213-43b6-8324-17f95a3d3133", "width": 1200, "adType": "feed", "height": 1080, "clickUrl": "https://example.com", "platform": "meta", "createdBy": "b00682e7-0c79-45f3-b9c2-e3e0abe13058", "creativeType": "image"}, "actualDimensions": {"width": 1200, "height": 1080}, "mediaExtractionWarnings": []}	2025-07-11 11:41:09.331+00	2025-07-11 11:41:09.331+00	f	\N	\N	\N
86ae6c6a-5775-4315-8c78-ef4157222f6b	d68a6f7a-c306-45e1-a841-ee293f50352c	e855d5be-8ff1-4a85-9392-0c6973c5c9d7	test image	\N	image	pending	{"iqm": {"I001": {"clickUrl": "https://example.com", "creativeName": "test image", "imageDetails": {"pixelUrl": "", "creativeWidth": 1625, "creativeHeight": 1100}, "creativeSource": "creatives/d68a6f7a-c306-45e1-a841-ee293f50352c/e855d5be-8ff1-4a85-9392-0c6973c5c9d7/image/86ae6c6a-5775-4315-8c78-ef4157222f6b/original/meta_feed_1625x1100_86ae6c6a-5775-4315-8c78-ef4157222f6b.png", "creativeSourceType": "FILE", "externalCreativeId": "cpulse_86ae6c6a-5775-4315-8c78-ef4157222f6b", "platformCreativeTypeId": 1}}, "r2Path": "creatives/d68a6f7a-c306-45e1-a841-ee293f50352c/e855d5be-8ff1-4a85-9392-0c6973c5c9d7/image/86ae6c6a-5775-4315-8c78-ef4157222f6b/original/meta_feed_1625x1100_86ae6c6a-5775-4315-8c78-ef4157222f6b.png", "validation": {"valid": true, "errors": [], "warnings": []}, "originalInput": {"name": "test image", "orgId": "d68a6f7a-c306-45e1-a841-ee293f50352c", "width": 1625, "adType": "feed", "height": 1100, "clickUrl": "https://example.com", "platform": "meta", "createdBy": "e855d5be-8ff1-4a85-9392-0c6973c5c9d7", "creativeType": "image"}, "actualDimensions": {"width": 1625, "height": 1100}, "mediaExtractionWarnings": []}	2025-07-25 05:36:35.856+00	2025-07-25 05:36:35.856+00	f	\N	\N	\N
\.


--
-- Data for Name: ads; Type: TABLE DATA; Schema: public; Owner: postgres
--

COPY "public"."ads" ("id", "ad_set_id", "creative_id", "platform_ad_id", "name", "status", "tracking_specs", "server_logs", "created_at", "updated_at") FROM stdin;
\.


--
-- Data for Name: agency_applications; Type: TABLE DATA; Schema: public; Owner: postgres
--

COPY "public"."agency_applications" ("id", "org_id", "created_by", "company_name", "contact_info", "status", "submitted_at", "reviewed_at", "reviewed_by", "notes", "created_at", "updated_at", "address", "contact_email", "contact_phone", "description", "logo_url", "preferred_domain", "primary_color", "privacy_url", "secondary_color", "support_email", "terms_url") FROM stdin;
a2c553d2-cda7-43a1-bd87-33c637cc5f68	\N	b00682e7-0c79-45f3-b9c2-e3e0abe13058	Agency 1	https://example.com	pending	2025-07-07 16:52:35.527+00	\N	\N	\N	2025-07-07 16:52:35.527+00	2025-07-07 16:52:35.527+00	\N	test@gmail.com	+91987543210	test description	https://ngmshesdmwcwygwjetfe.supabase.co/storage/v1/object/public/whitelabelled-agency/whitelabelled-agency/temp-1751907149081-8tbi5e1n/logo/logo-1751907149081-3ed52b-IshvaraTech.png	test	#4338CA	https://example.com	#10B981	test@gmail.com	https://example.com
\.


--
-- Data for Name: agency_customers; Type: TABLE DATA; Schema: public; Owner: postgres
--

COPY "public"."agency_customers" ("agency_org_id", "customer_org_id", "status", "commission_rate", "commission_structure", "contract_start_date", "contract_end_date", "created_at", "updated_at") FROM stdin;
\.


--
-- Data for Name: agency_fees; Type: TABLE DATA; Schema: public; Owner: postgres
--

COPY "public"."agency_fees" ("id", "org_id", "fee_percentage", "min_fee_amount", "effective_from", "effective_to", "created_at", "updated_at") FROM stdin;
\.


--
-- Data for Name: agency_platform_access; Type: TABLE DATA; Schema: public; Owner: postgres
--

COPY "public"."agency_platform_access" ("agency_org_id", "customer_org_id", "platform", "access_level", "created_at", "updated_at") FROM stdin;
\.


--
-- Data for Name: analytics_aggregated; Type: TABLE DATA; Schema: public; Owner: postgres
--

COPY "public"."analytics_aggregated" ("id", "org_id", "campaign_id", "insertion_order_id", "platform", "date", "hour", "impressions", "clicks", "conversions", "spend", "reach", "frequency", "cpm", "cpc", "ctr", "conversion_rate", "created_at", "updated_at") FROM stdin;
\.


--
-- Data for Name: analytics_data; Type: TABLE DATA; Schema: public; Owner: postgres
--

COPY "public"."analytics_data" ("id", "org_id", "campaign_id", "platform", "date", "metrics", "created_at", "updated_at", "insertion_order_id") FROM stdin;
\.


--
-- Data for Name: assets; Type: TABLE DATA; Schema: public; Owner: postgres
--

COPY "public"."assets" ("id", "creative_id", "type", "url", "metadata", "created_at", "updated_at") FROM stdin;
4ee17aad-b2ed-4a68-8741-c15fc263fc0c	b79a7c6c-7ff1-4072-8e75-9fc2e807e993	image	creatives/d5f3c148-72db-4168-90c9-5d3178b5e435/3d04d309-fe74-4fca-aefa-d555528094ae/image/b79a7c6c-7ff1-4072-8e75-9fc2e807e993/original/meta_feed_1200x1080_b79a7c6c-7ff1-4072-8e75-9fc2e807e993.jpg	{"size": 110049, "width": 1200, "height": 1080, "mimeType": "image/jpeg", "originalName": "img.jpg", "providedWidth": 1200, "providedHeight": 1080, "mediaExtractionWarnings": []}	2025-07-03 10:14:33.974+00	2025-07-03 10:14:33.974+00
6a7248a2-fbc0-42cf-81ac-c5265b6aeede	f9c23a01-0cfb-4625-b2ff-432b92038e0a	image	creatives/fcb7f88c-6f3c-4a3c-9768-2760dac115b1/6c606592-973b-48fe-a459-7368e775dfc5/image/f9c23a01-0cfb-4625-b2ff-432b92038e0a/original/meta_feed_1625x1100_f9c23a01-0cfb-4625-b2ff-432b92038e0a.png	{"size": 1619143, "width": 1625, "height": 1100, "mimeType": "image/png", "originalName": "banner1.png", "providedWidth": 1625, "providedHeight": 1100, "mediaExtractionWarnings": []}	2025-07-03 12:05:48.281+00	2025-07-03 12:05:48.281+00
28316eb7-d469-4837-9772-366fb1973d76	af4e5164-9851-4849-b639-fbe716d9dd71	image	creatives/fcb7f88c-6f3c-4a3c-9768-2760dac115b1/6c606592-973b-48fe-a459-7368e775dfc5/image/af4e5164-9851-4849-b639-fbe716d9dd71/original/meta_feed_1625x1100_af4e5164-9851-4849-b639-fbe716d9dd71.png	{"size": 1619143, "width": 1625, "height": 1100, "mimeType": "image/png", "originalName": "banner1.png", "providedWidth": 1625, "providedHeight": 1100, "mediaExtractionWarnings": []}	2025-07-03 12:33:55.63+00	2025-07-03 12:33:55.63+00
6e97de69-eed4-4e4b-8548-e6de2979b1ce	bdc0e16f-c8e2-4688-9225-03796682c5d4	image	creatives/fcb7f88c-6f3c-4a3c-9768-2760dac115b1/6c606592-973b-48fe-a459-7368e775dfc5/image/bdc0e16f-c8e2-4688-9225-03796682c5d4/original/meta_feed_1200x1080_bdc0e16f-c8e2-4688-9225-03796682c5d4.jpg	{"size": 110049, "width": 1200, "height": 1080, "mimeType": "image/jpeg", "originalName": "test.jpg", "providedWidth": 1200, "providedHeight": 1080, "mediaExtractionWarnings": []}	2025-07-03 12:37:31.573+00	2025-07-03 12:37:31.573+00
d6753888-4963-48ac-b47a-b5e53b145d23	051496fc-8149-4624-aa55-42bcf3922e12	image	creatives/fcb7f88c-6f3c-4a3c-9768-2760dac115b1/6c606592-973b-48fe-a459-7368e775dfc5/image/051496fc-8149-4624-aa55-42bcf3922e12/original/meta_feed_1200x1080_051496fc-8149-4624-aa55-42bcf3922e12.jpg	{"size": 110049, "width": 1200, "height": 1080, "mimeType": "image/jpeg", "originalName": "test.jpg", "providedWidth": 1200, "providedHeight": 1080, "mediaExtractionWarnings": []}	2025-07-03 12:58:37.207+00	2025-07-03 12:58:37.207+00
ad7a3d07-a35f-467f-8c3f-43912fd7c56a	9fa2de33-aabe-4421-8ae5-856940047a23	image	creatives/fcb7f88c-6f3c-4a3c-9768-2760dac115b1/6c606592-973b-48fe-a459-7368e775dfc5/image/9fa2de33-aabe-4421-8ae5-856940047a23/original/meta_feed_1625x1100_9fa2de33-aabe-4421-8ae5-856940047a23.png	{"size": 1619143, "width": 1625, "height": 1100, "mimeType": "image/png", "originalName": "banner1.png", "providedWidth": 1625, "providedHeight": 1100, "mediaExtractionWarnings": []}	2025-07-03 12:58:44.731+00	2025-07-03 12:58:44.731+00
3b076410-e9a9-44d6-a6fe-fc73b5f3ca27	f8fc5420-7f8f-4e1b-9d2c-ab4278783f3c	image	creatives/fcb7f88c-6f3c-4a3c-9768-2760dac115b1/6c606592-973b-48fe-a459-7368e775dfc5/image/f8fc5420-7f8f-4e1b-9d2c-ab4278783f3c/original/meta_feed_1200x1080_f8fc5420-7f8f-4e1b-9d2c-ab4278783f3c.jpg	{"size": 110049, "width": 1200, "height": 1080, "mimeType": "image/jpeg", "originalName": "test.jpg", "providedWidth": 1200, "providedHeight": 1080, "mediaExtractionWarnings": []}	2025-07-03 13:33:13.944+00	2025-07-03 13:33:13.944+00
d63f6ac7-bf43-4723-a489-ef36322782a7	d750cf7a-8477-4124-a36e-0227d59c9d52	image	creatives/fcb7f88c-6f3c-4a3c-9768-2760dac115b1/6c606592-973b-48fe-a459-7368e775dfc5/image/d750cf7a-8477-4124-a36e-0227d59c9d52/original/meta_feed_1200x1080_d750cf7a-8477-4124-a36e-0227d59c9d52.jpg	{"size": 110049, "width": 1200, "height": 1080, "mimeType": "image/jpeg", "originalName": "test.jpg", "providedWidth": 1200, "providedHeight": 1080, "mediaExtractionWarnings": []}	2025-07-03 13:34:21.256+00	2025-07-03 13:34:21.256+00
8030c38c-8e38-48e4-9e59-12cac40e0e45	55d38131-560d-4fe7-a0cd-89d11079d549	image	creatives/fcb7f88c-6f3c-4a3c-9768-2760dac115b1/6c606592-973b-48fe-a459-7368e775dfc5/image/55d38131-560d-4fe7-a0cd-89d11079d549/original/meta_feed_1200x1080_55d38131-560d-4fe7-a0cd-89d11079d549.jpg	{"size": 110049, "width": 1200, "height": 1080, "mimeType": "image/jpeg", "originalName": "test.jpg", "providedWidth": 1200, "providedHeight": 1080, "mediaExtractionWarnings": []}	2025-07-03 13:42:43.268+00	2025-07-03 13:42:43.268+00
85634d1d-8e62-483d-a8bd-4ba8aaf6fce9	5e15057c-2ece-428e-93c3-55bd4f7e6651	image	creatives/fcb7f88c-6f3c-4a3c-9768-2760dac115b1/6c606592-973b-48fe-a459-7368e775dfc5/image/5e15057c-2ece-428e-93c3-55bd4f7e6651/original/meta_feed_1200x1080_5e15057c-2ece-428e-93c3-55bd4f7e6651.jpg	{"size": 110049, "width": 1200, "height": 1080, "mimeType": "image/jpeg", "originalName": "test.jpg", "providedWidth": 1200, "providedHeight": 1080, "mediaExtractionWarnings": []}	2025-07-03 13:52:20.258+00	2025-07-03 13:52:20.258+00
dafb2aba-fc3f-41de-aec4-35d7c70f97e2	d603a474-8c21-4528-90e7-adcea1006ea8	image	creatives/fcb7f88c-6f3c-4a3c-9768-2760dac115b1/6c606592-973b-48fe-a459-7368e775dfc5/image/d603a474-8c21-4528-90e7-adcea1006ea8/original/meta_feed_1200x1080_d603a474-8c21-4528-90e7-adcea1006ea8.jpg	{"size": 110049, "width": 1200, "height": 1080, "mimeType": "image/jpeg", "originalName": "test.jpg", "providedWidth": 1200, "providedHeight": 1080, "mediaExtractionWarnings": []}	2025-07-03 13:52:28.394+00	2025-07-03 13:52:28.394+00
69f04137-0f75-4455-9961-8dc505d4c5f8	c98a4d97-ce3b-41b1-bcf8-f5d506d59101	image	creatives/d5f3c148-72db-4168-90c9-5d3178b5e435/3d04d309-fe74-4fca-aefa-d555528094ae/image/c98a4d97-ce3b-41b1-bcf8-f5d506d59101/original/meta_feed_1200x1080_c98a4d97-ce3b-41b1-bcf8-f5d506d59101.jpg	{"size": 110049, "width": 1200, "height": 1080, "mimeType": "image/jpeg", "originalName": "img.jpg", "providedWidth": 1200, "providedHeight": 1080, "mediaExtractionWarnings": []}	2025-07-03 15:58:28.717+00	2025-07-03 15:58:28.717+00
3bca4e06-d542-458e-828a-37b2e8a17796	f948c541-85dc-467c-b56a-f6542ee74f75	image	creatives/d5f3c148-72db-4168-90c9-5d3178b5e435/3d04d309-fe74-4fca-aefa-d555528094ae/image/f948c541-85dc-467c-b56a-f6542ee74f75/original/meta_feed_1200x1080_f948c541-85dc-467c-b56a-f6542ee74f75.jpg	{"size": 110049, "width": 1200, "height": 1080, "mimeType": "image/jpeg", "originalName": "img.jpg", "providedWidth": 1200, "providedHeight": 1080, "mediaExtractionWarnings": []}	2025-07-03 15:59:43.221+00	2025-07-03 15:59:43.221+00
b0b7f8bc-204b-4db0-8afd-c3dbdf2dbb1a	103968ac-3895-454c-ab39-3f631d7c099b	image	creatives/d5f3c148-72db-4168-90c9-5d3178b5e435/3d04d309-fe74-4fca-aefa-d555528094ae/image/103968ac-3895-454c-ab39-3f631d7c099b/original/meta_feed_1200x1080_103968ac-3895-454c-ab39-3f631d7c099b.jpg	{"size": 110049, "width": 1200, "height": 1080, "mimeType": "image/jpeg", "originalName": "img.jpg", "providedWidth": 1200, "providedHeight": 1080, "mediaExtractionWarnings": []}	2025-07-03 16:00:32.138+00	2025-07-03 16:00:32.138+00
bd28fdc5-d903-4d27-a053-50ba7f56a266	fe397698-6a97-433c-ad47-6523dc4a0b43	image	creatives/d5f3c148-72db-4168-90c9-5d3178b5e435/3d04d309-fe74-4fca-aefa-d555528094ae/image/fe397698-6a97-433c-ad47-6523dc4a0b43/original/meta_feed_4278x2407_fe397698-6a97-433c-ad47-6523dc4a0b43.jpg	{"size": 1047186, "width": 4278, "height": 2407, "mimeType": "image/jpeg", "originalName": "2mb-jpg-example-file_imresizer.jpg", "providedWidth": 4278, "providedHeight": 2407, "mediaExtractionWarnings": []}	2025-07-03 16:59:49.757+00	2025-07-03 16:59:49.757+00
1bcce69c-d022-4dd2-bcdb-feec5e86e48e	ca9c83ce-7559-41ff-a854-23e99dc43299	image	creatives/46193251-355f-4801-98fc-d7cc3e24995b/02c728e6-84df-4f27-a8b7-b0ff6c6db382/image/ca9c83ce-7559-41ff-a854-23e99dc43299/original/meta_feed_1200x1080_ca9c83ce-7559-41ff-a854-23e99dc43299.jpg	{"size": 110049, "width": 1200, "height": 1080, "mimeType": "image/jpeg", "originalName": "img.jpg", "providedWidth": 1200, "providedHeight": 1080, "mediaExtractionWarnings": []}	2025-07-04 09:57:31.561+00	2025-07-04 09:57:31.561+00
c61b5ee2-1c74-464b-8a9f-68c04f046073	5bf6f055-e819-4f86-a453-70706dd65996	image	creatives/4afa1f6f-7abd-4fab-b9e0-b99f3008629b/240b27c0-0c2d-47c2-9715-4ba4081085fc/image/5bf6f055-e819-4f86-a453-70706dd65996/original/meta_feed_1200x1080_5bf6f055-e819-4f86-a453-70706dd65996.jpg	{"size": 110049, "width": 1200, "height": 1080, "mimeType": "image/jpeg", "originalName": "test.jpg", "providedWidth": 1200, "providedHeight": 1080, "mediaExtractionWarnings": []}	2025-07-04 11:31:26.257+00	2025-07-04 11:31:26.257+00
1bd6acf0-8860-4cb7-9eef-f6afd236c1da	982ae22b-28a7-46ca-8e81-dd7c403f6266	image	creatives/2bd688ce-805f-46ab-8748-91e138f0cb2b/a4daad9b-636d-40c2-839a-e907b7090415/image/982ae22b-28a7-46ca-8e81-dd7c403f6266/original/meta_feed_1200x1080_982ae22b-28a7-46ca-8e81-dd7c403f6266.jpg	{"size": 110049, "width": 1200, "height": 1080, "mimeType": "image/jpeg", "originalName": "test.jpg", "providedWidth": 1200, "providedHeight": 1080, "mediaExtractionWarnings": []}	2025-07-04 11:52:19.336+00	2025-07-04 11:52:19.336+00
ccbd1b90-962a-4004-9913-9d20471b32ac	a9b0a62f-4f08-4b23-a7c8-ac8d28b48187	video	creatives/2bd688ce-805f-46ab-8748-91e138f0cb2b/a4daad9b-636d-40c2-839a-e907b7090415/video/a9b0a62f-4f08-4b23-a7c8-ac8d28b48187/original/meta_feed_14s_a9b0a62f-4f08-4b23-a7c8-ac8d28b48187.mp4	{"size": 34082855, "duration": 14, "mimeType": "video/mp4", "originalName": "4763824-uhd_3840_2160_24fps.mp4", "providedDuration": 14, "mediaExtractionWarnings": []}	2025-07-04 14:01:05.502+00	2025-07-04 14:01:05.502+00
c6a4682e-7e19-43c1-b382-77d4fd2c1e35	0a168885-7fc5-4773-abe3-5ad70e099947	video	creatives/2bd688ce-805f-46ab-8748-91e138f0cb2b/a4daad9b-636d-40c2-839a-e907b7090415/video/0a168885-7fc5-4773-abe3-5ad70e099947/original/meta_feed_14s_0a168885-7fc5-4773-abe3-5ad70e099947.mp4	{"size": 34082855, "duration": 14, "mimeType": "video/mp4", "originalName": "4763824-uhd_3840_2160_24fps.mp4", "providedDuration": 14, "mediaExtractionWarnings": []}	2025-07-04 14:03:20.236+00	2025-07-04 14:03:20.236+00
2d4b7b40-eebc-47b5-8c59-7dcba9550ba8	68ff53b1-5441-4167-bddb-255dd0acb6fd	video	creatives/2bd688ce-805f-46ab-8748-91e138f0cb2b/a4daad9b-636d-40c2-839a-e907b7090415/video/68ff53b1-5441-4167-bddb-255dd0acb6fd/original/meta_feed_14s_68ff53b1-5441-4167-bddb-255dd0acb6fd.mp4	{"size": 34082855, "duration": 14, "mimeType": "video/mp4", "originalName": "4763824-uhd_3840_2160_24fps.mp4", "providedDuration": 14, "mediaExtractionWarnings": []}	2025-07-04 14:18:49.858+00	2025-07-04 14:18:49.858+00
63386d35-6588-4ca9-8e50-ac9ea99df750	b2421645-a662-4345-b222-f69c6dc5bf4c	audio	creatives/2bd688ce-805f-46ab-8748-91e138f0cb2b/a4daad9b-636d-40c2-839a-e907b7090415/audio/b2421645-a662-4345-b222-f69c6dc5bf4c/original/iqm_audio_57.983265s_b2421645-a662-4345-b222-f69c6dc5bf4c.mp3	{"size": 1059386, "duration": 57.983265, "mimeType": "audio/mpeg", "originalName": "file_example_MP3_1MG.mp3", "providedDuration": 57.983265, "mediaExtractionWarnings": []}	2025-07-04 15:04:25.442+00	2025-07-04 15:04:25.442+00
8daf478e-47b9-4400-a031-11b21bea4c1f	90f4b148-3520-45dc-982f-2378323a0e6f	audio	creatives/2bd688ce-805f-46ab-8748-91e138f0cb2b/a4daad9b-636d-40c2-839a-e907b7090415/audio/90f4b148-3520-45dc-982f-2378323a0e6f/original/iqm_audio_57.983265s_90f4b148-3520-45dc-982f-2378323a0e6f.mp3	{"size": 1059386, "duration": 57.983265, "mimeType": "audio/mpeg", "originalName": "file_example_MP3_1MG.mp3", "providedDuration": 57.983265, "mediaExtractionWarnings": []}	2025-07-04 15:06:51.693+00	2025-07-04 15:06:51.693+00
92f40ca3-58bd-4425-b189-0c9feb4cd666	ba6722b3-419d-44f0-8fb9-32ba6cdca1fe	image	creatives/3581f795-474f-4d6e-bc91-d83925439456/bce6c949-bfa4-49fb-97fe-5fbfd2bd7e1a/image/ba6722b3-419d-44f0-8fb9-32ba6cdca1fe/original/meta_feed_1200x1080_ba6722b3-419d-44f0-8fb9-32ba6cdca1fe.jpg	{"size": 110049, "width": 1200, "height": 1080, "mimeType": "image/jpeg", "originalName": "img.jpg", "providedWidth": 1200, "providedHeight": 1080, "mediaExtractionWarnings": []}	2025-07-04 16:48:17.678+00	2025-07-04 16:48:17.678+00
68001a8c-9b25-45c1-994e-1bdf0bbf1ec9	7d3aabe7-cfee-4bb2-b65f-4def86239743	video	creatives/2bd688ce-805f-46ab-8748-91e138f0cb2b/a4daad9b-636d-40c2-839a-e907b7090415/video/7d3aabe7-cfee-4bb2-b65f-4def86239743/original/meta_feed_14s_7d3aabe7-cfee-4bb2-b65f-4def86239743.mp4	{"size": 34082855, "duration": 14, "mimeType": "video/mp4", "originalName": "4763824-uhd_3840_2160_24fps.mp4", "providedDuration": 14, "mediaExtractionWarnings": []}	2025-07-04 17:01:47.609+00	2025-07-04 17:01:47.609+00
1e44926b-908e-4658-8fe1-53358af516d6	8a946698-7348-45a4-8863-5b06c3ecf9d1	audio	creatives/2bd688ce-805f-46ab-8748-91e138f0cb2b/a4daad9b-636d-40c2-839a-e907b7090415/audio/8a946698-7348-45a4-8863-5b06c3ecf9d1/original/iqm_audio_57.983265s_8a946698-7348-45a4-8863-5b06c3ecf9d1.mp3	{"size": 1059386, "duration": 57.983265, "mimeType": "audio/mpeg", "originalName": "file_example_MP3_1MG.mp3", "providedDuration": 57.983265, "mediaExtractionWarnings": []}	2025-07-04 17:03:05.763+00	2025-07-04 17:03:05.763+00
4c82201a-bdb9-4d3c-89e6-c02d64396917	ae87ca5e-5770-4371-909b-2337caf4d61b	image	creatives/2bd688ce-805f-46ab-8748-91e138f0cb2b/a4daad9b-636d-40c2-839a-e907b7090415/image/ae87ca5e-5770-4371-909b-2337caf4d61b/original/meta_feed_1920x1277_ae87ca5e-5770-4371-909b-2337caf4d61b.jpg	{"size": 582545, "width": 1920, "height": 1277, "mimeType": "image/jpeg", "originalName": "concert-7424190_1920.jpg", "providedWidth": 1920, "providedHeight": 1277, "mediaExtractionWarnings": []}	2025-07-07 09:42:24.177+00	2025-07-07 09:42:24.177+00
1815dfde-b0c2-45ea-b040-3519c34ce85a	928d8152-0720-4625-b643-c4dbb0fbefe4	image	creatives/9b341360-11fb-4bca-b4b8-6a5dc9e58419/bdad0a7d-21ca-4433-a9bf-11debe4b6891/image/928d8152-0720-4625-b643-c4dbb0fbefe4/original/meta_feed_1200x1080_928d8152-0720-4625-b643-c4dbb0fbefe4.jpg	{"size": 110049, "width": 1200, "height": 1080, "mimeType": "image/jpeg", "originalName": "img.jpg", "providedWidth": 1200, "providedHeight": 1080, "mediaExtractionWarnings": []}	2025-07-07 10:52:48.092+00	2025-07-07 10:52:48.092+00
b16aa2c2-5e36-433f-bdd5-fe658fcc2bc5	854533cb-917b-4d9b-b7ab-22d073cf9f6b	image	creatives/6a6a836d-0a3d-499f-8f37-7f958307a587/24975ca2-6aed-4a8f-8656-519069e1f613/image/854533cb-917b-4d9b-b7ab-22d073cf9f6b/original/meta_feed_1920x1277_854533cb-917b-4d9b-b7ab-22d073cf9f6b.jpg	{"size": 582545, "width": 1920, "height": 1277, "mimeType": "image/jpeg", "originalName": "concert-7424190_1920.jpg", "providedWidth": 1920, "providedHeight": 1277, "mediaExtractionWarnings": []}	2025-07-07 15:16:58.437+00	2025-07-07 15:16:58.437+00
a87a32c2-a684-4f8f-a375-aea762e5b7d9	57986a09-3baf-4755-8bae-b3bda7f41101	image	creatives/6a6a836d-0a3d-499f-8f37-7f958307a587/24975ca2-6aed-4a8f-8656-519069e1f613/image/57986a09-3baf-4755-8bae-b3bda7f41101/original/meta_feed_1920x1277_57986a09-3baf-4755-8bae-b3bda7f41101.jpg	{"size": 582545, "width": 1920, "height": 1277, "mimeType": "image/jpeg", "originalName": "concert-7424190_1920.jpg", "providedWidth": 1920, "providedHeight": 1277, "mediaExtractionWarnings": []}	2025-07-08 11:08:15.917+00	2025-07-08 11:08:15.917+00
f5c28656-a1b0-494a-8216-d5b3944e2fe6	9e8fb176-a53a-48b9-b6d8-caad35b67d63	image	creatives/6a6a836d-0a3d-499f-8f37-7f958307a587/24975ca2-6aed-4a8f-8656-519069e1f613/html/9e8fb176-a53a-48b9-b6d8-caad35b67d63/original/iqm_banner_original_9e8fb176-a53a-48b9-b6d8-caad35b67d63.html	{"size": 895, "mimeType": "text/html", "originalName": "colorful_page_no_image.html", "htmlContentLength": 895, "htmlContentExtracted": true, "mediaExtractionWarnings": []}	2025-07-08 12:41:34.018+00	2025-07-08 12:41:34.018+00
584f6cb2-4332-4caf-8d6d-d8f58f8432ac	e3504c02-83a0-40ba-bc79-bd7e9dface4b	image	creatives/6a6a836d-0a3d-499f-8f37-7f958307a587/24975ca2-6aed-4a8f-8656-519069e1f613/html/e3504c02-83a0-40ba-bc79-bd7e9dface4b/original/iqm_banner_original_e3504c02-83a0-40ba-bc79-bd7e9dface4b.html	{"size": 493, "mimeType": "text/html", "originalName": "iqm-ad.html", "htmlContentLength": 493, "htmlContentExtracted": true, "mediaExtractionWarnings": []}	2025-07-08 13:14:43.284+00	2025-07-08 13:14:43.284+00
9002bd4e-a878-4b49-8f32-ab73e21b6502	294ba041-b7fd-4c72-b076-e8bc3b914702	image	creatives/6a6a836d-0a3d-499f-8f37-7f958307a587/24975ca2-6aed-4a8f-8656-519069e1f613/html/294ba041-b7fd-4c72-b076-e8bc3b914702/original/iqm_banner_original_294ba041-b7fd-4c72-b076-e8bc3b914702.html	{"size": 895, "mimeType": "text/html", "originalName": "colorful_page_no_image.html", "htmlContentLength": 895, "htmlContentExtracted": true, "mediaExtractionWarnings": []}	2025-07-08 13:26:29.684+00	2025-07-08 13:26:29.684+00
a8682c97-b730-48c9-9b57-920f9776b984	3d7eb79a-0185-40c0-b5be-d4bb707df6aa	image	creatives/6a6a836d-0a3d-499f-8f37-7f958307a587/24975ca2-6aed-4a8f-8656-519069e1f613/image/3d7eb79a-0185-40c0-b5be-d4bb707df6aa/original/meta_feed_1920x1277_3d7eb79a-0185-40c0-b5be-d4bb707df6aa.jpg	{"size": 582545, "width": 1920, "height": 1277, "mimeType": "image/jpeg", "originalName": "concert-7424190_1920.jpg", "providedWidth": 1920, "providedHeight": 1277, "mediaExtractionWarnings": []}	2025-07-08 13:27:08.187+00	2025-07-08 13:27:08.187+00
b48d47de-55a3-483e-bb80-3aabaa5ba60b	0bb69a40-b779-4677-a66c-435217f03e21	image	creatives/6a6a836d-0a3d-499f-8f37-7f958307a587/24975ca2-6aed-4a8f-8656-519069e1f613/html/0bb69a40-b779-4677-a66c-435217f03e21/original/iqm_banner_original_0bb69a40-b779-4677-a66c-435217f03e21.html	{"size": 493, "mimeType": "text/html", "originalName": "iqm-ad.html", "htmlContentLength": 493, "htmlContentExtracted": true, "mediaExtractionWarnings": []}	2025-07-08 13:32:42.145+00	2025-07-08 13:32:42.145+00
3c85b41f-d943-4168-9d06-6f057c264459	c66d93f4-4af2-440e-9179-9c71ad894422	image	creatives/6a6a836d-0a3d-499f-8f37-7f958307a587/24975ca2-6aed-4a8f-8656-519069e1f613/html/c66d93f4-4af2-440e-9179-9c71ad894422/original/iqm_banner_original_c66d93f4-4af2-440e-9179-9c71ad894422.html	{"size": 493, "mimeType": "text/html", "originalName": "iqm-ad.html", "htmlContentLength": 493, "htmlContentExtracted": true, "mediaExtractionWarnings": []}	2025-07-08 13:42:16.492+00	2025-07-08 13:42:16.492+00
708534f8-ecdb-4fbf-a7fe-f191d8465ebf	f28fa9dd-d90f-4e2d-827d-6746a00f284f	image	creatives/6a6a836d-0a3d-499f-8f37-7f958307a587/24975ca2-6aed-4a8f-8656-519069e1f613/html/f28fa9dd-d90f-4e2d-827d-6746a00f284f/original/iqm_banner_original_f28fa9dd-d90f-4e2d-827d-6746a00f284f.html	{"size": 493, "mimeType": "text/html", "originalName": "iqm-ad.html", "htmlContentLength": 493, "htmlContentExtracted": true, "mediaExtractionWarnings": []}	2025-07-08 13:45:52.157+00	2025-07-08 13:45:52.157+00
48068a09-ceff-434c-a10b-69c2cea91d3a	659cafde-f2ea-4daf-9f8d-8ac997bc0248	image	creatives/545f9f32-b213-43b6-8324-17f95a3d3133/b00682e7-0c79-45f3-b9c2-e3e0abe13058/image/659cafde-f2ea-4daf-9f8d-8ac997bc0248/original/meta_feed_1200x1080_659cafde-f2ea-4daf-9f8d-8ac997bc0248.jpg	{"size": 110049, "width": 1200, "height": 1080, "mimeType": "image/jpeg", "originalName": "img.jpg", "providedWidth": 1200, "providedHeight": 1080, "mediaExtractionWarnings": []}	2025-07-08 15:03:53.049+00	2025-07-08 15:03:53.049+00
d36368b2-efbb-4974-9ee0-c3e98fc2f619	6c3649dd-8311-4006-810c-34867c3c139c	image	creatives/545f9f32-b213-43b6-8324-17f95a3d3133/b00682e7-0c79-45f3-b9c2-e3e0abe13058/image/6c3649dd-8311-4006-810c-34867c3c139c/original/meta_feed_1200x1080_6c3649dd-8311-4006-810c-34867c3c139c.jpg	{"size": 110049, "width": 1200, "height": 1080, "mimeType": "image/jpeg", "originalName": "img.jpg", "providedWidth": 1200, "providedHeight": 1080, "mediaExtractionWarnings": []}	2025-07-08 16:52:12.082+00	2025-07-08 16:52:12.082+00
3754c619-292b-46db-8784-f82f47aa85fa	b8928869-2e70-4ac7-a131-51ca4590c2c3	image	creatives/6a6a836d-0a3d-499f-8f37-7f958307a587/24975ca2-6aed-4a8f-8656-519069e1f613/image/b8928869-2e70-4ac7-a131-51ca4590c2c3/original/meta_feed_1920x1277_b8928869-2e70-4ac7-a131-51ca4590c2c3.jpg	{"size": 582545, "width": 1920, "height": 1277, "mimeType": "image/jpeg", "originalName": "concert-7424190_1920.jpg", "providedWidth": 1920, "providedHeight": 1277, "mediaExtractionWarnings": []}	2025-07-08 17:20:42.005+00	2025-07-08 17:20:42.005+00
b59b0654-b1d5-4026-b475-43985473832d	cc7adf85-36f2-4670-bf12-b846de20ffb6	image	creatives/545f9f32-b213-43b6-8324-17f95a3d3133/b00682e7-0c79-45f3-b9c2-e3e0abe13058/image/cc7adf85-36f2-4670-bf12-b846de20ffb6/original/meta_feed_1200x1080_cc7adf85-36f2-4670-bf12-b846de20ffb6.jpg	{"size": 110049, "width": 1200, "height": 1080, "mimeType": "image/jpeg", "originalName": "img.jpg", "providedWidth": 1200, "providedHeight": 1080, "mediaExtractionWarnings": []}	2025-07-09 09:01:34.659+00	2025-07-09 09:01:34.659+00
f41ecbb5-84c0-492c-a53f-c9baff5520e5	e3186788-d509-4f91-916c-e2ee410db942	image	creatives/545f9f32-b213-43b6-8324-17f95a3d3133/b00682e7-0c79-45f3-b9c2-e3e0abe13058/image/e3186788-d509-4f91-916c-e2ee410db942/original/meta_feed_1200x1080_e3186788-d509-4f91-916c-e2ee410db942.jpg	{"size": 110049, "width": 1200, "height": 1080, "mimeType": "image/jpeg", "originalName": "img.jpg", "providedWidth": 1200, "providedHeight": 1080, "mediaExtractionWarnings": []}	2025-07-09 09:13:35.993+00	2025-07-09 09:13:35.993+00
b929c9be-d8c6-45c4-ab32-de7312a01bc8	2f866d06-2ac9-4b20-8429-91505d1418fe	image	creatives/545f9f32-b213-43b6-8324-17f95a3d3133/b00682e7-0c79-45f3-b9c2-e3e0abe13058/image/2f866d06-2ac9-4b20-8429-91505d1418fe/original/meta_feed_1200x1080_2f866d06-2ac9-4b20-8429-91505d1418fe.jpg	{"size": 110049, "width": 1200, "height": 1080, "mimeType": "image/jpeg", "originalName": "img.jpg", "providedWidth": 1200, "providedHeight": 1080, "mediaExtractionWarnings": []}	2025-07-09 09:17:02.6+00	2025-07-09 09:17:02.6+00
5c33f4d3-0aa1-4055-8d57-5ddcde09b51f	0e96db90-23a4-4b1e-b415-02a60810f4c3	image	creatives/545f9f32-b213-43b6-8324-17f95a3d3133/b00682e7-0c79-45f3-b9c2-e3e0abe13058/image/0e96db90-23a4-4b1e-b415-02a60810f4c3/original/meta_feed_1200x1800_0e96db90-23a4-4b1e-b415-02a60810f4c3.png	{"size": 50710, "width": 1200, "height": 1800, "mimeType": "image/png", "originalName": "locking system (1).png", "providedWidth": 1200, "providedHeight": 1800, "mediaExtractionWarnings": []}	2025-07-09 12:39:57.524+00	2025-07-09 12:39:57.524+00
ddad0184-e2d2-473c-bf48-3b4d5fe0ae66	30af9cf4-3b16-4aeb-8467-649b0b95c7e5	video	creatives/545f9f32-b213-43b6-8324-17f95a3d3133/b00682e7-0c79-45f3-b9c2-e3e0abe13058/video/30af9cf4-3b16-4aeb-8467-649b0b95c7e5/original/meta_feed_5s_30af9cf4-3b16-4aeb-8467-649b0b95c7e5.mp4	{"size": 1055736, "duration": 5, "mimeType": "video/mp4", "originalName": "video.mp4", "providedDuration": 5, "mediaExtractionWarnings": []}	2025-07-09 13:22:55.428+00	2025-07-09 13:22:55.428+00
5524ac17-c525-46bb-8677-76d433d84223	eebeeb4c-17aa-4bbe-b6fb-f0edd35367a0	audio	creatives/545f9f32-b213-43b6-8324-17f95a3d3133/b00682e7-0c79-45f3-b9c2-e3e0abe13058/audio/eebeeb4c-17aa-4bbe-b6fb-f0edd35367a0/original/iqm_audio_42.008345s_eebeeb4c-17aa-4bbe-b6fb-f0edd35367a0.mp3	{"size": 733645, "duration": 42.008345, "mimeType": "audio/mpeg", "originalName": "audio.mp3", "providedDuration": 42.008345, "mediaExtractionWarnings": []}	2025-07-09 13:44:54.04+00	2025-07-09 13:44:54.04+00
d752a17f-7e33-4a3c-bc80-fde6f03e5c15	e5a4df4f-2498-4fd0-9fc8-f5efa69747d7	image	creatives/545f9f32-b213-43b6-8324-17f95a3d3133/b00682e7-0c79-45f3-b9c2-e3e0abe13058/html/e5a4df4f-2498-4fd0-9fc8-f5efa69747d7/original/iqm_banner_original_e5a4df4f-2498-4fd0-9fc8-f5efa69747d7.html	{"size": 493, "mimeType": "text/html", "originalName": "iqm-ad.html", "htmlContentLength": 493, "htmlContentExtracted": true, "mediaExtractionWarnings": []}	2025-07-09 14:33:39.432+00	2025-07-09 14:33:39.432+00
78c37e9b-7724-4bf3-8771-5f9b1f18f80f	d2490bee-b3a8-461a-b91f-732650daae75	image	creatives/545f9f32-b213-43b6-8324-17f95a3d3133/b00682e7-0c79-45f3-b9c2-e3e0abe13058/image/d2490bee-b3a8-461a-b91f-732650daae75/original/meta_feed_1200x1800_d2490bee-b3a8-461a-b91f-732650daae75.png	{"size": 50710, "width": 1200, "height": 1800, "mimeType": "image/png", "originalName": "locking system (1).png", "providedWidth": 1200, "providedHeight": 1800, "mediaExtractionWarnings": []}	2025-07-09 16:25:27.133+00	2025-07-09 16:25:27.133+00
7051f446-4254-400e-a8f5-81f83431adb3	61222f29-4a6a-47a4-9968-35c4073083a3	image	creatives/6a6a836d-0a3d-499f-8f37-7f958307a587/24975ca2-6aed-4a8f-8656-519069e1f613/image/61222f29-4a6a-47a4-9968-35c4073083a3/original/meta_feed_1920x1277_61222f29-4a6a-47a4-9968-35c4073083a3.jpg	{"size": 582545, "width": 1920, "height": 1277, "mimeType": "image/jpeg", "originalName": "concert-7424190_1920.jpg", "providedWidth": 1920, "providedHeight": 1277, "mediaExtractionWarnings": []}	2025-07-10 09:25:03.314+00	2025-07-10 09:25:03.314+00
f96fe90a-84a4-412e-aa1b-b29349160d81	dc6a4dc8-eaf1-4d85-b704-d3a1f271247a	image	creatives/6a6a836d-0a3d-499f-8f37-7f958307a587/24975ca2-6aed-4a8f-8656-519069e1f613/image/dc6a4dc8-eaf1-4d85-b704-d3a1f271247a/original/meta_feed_1920x1277_dc6a4dc8-eaf1-4d85-b704-d3a1f271247a.jpg	{"size": 582545, "width": 1920, "height": 1277, "mimeType": "image/jpeg", "originalName": "concert-7424190_1920.jpg", "providedWidth": 1920, "providedHeight": 1277, "mediaExtractionWarnings": []}	2025-07-10 13:25:55.218+00	2025-07-10 13:25:55.218+00
1abde3cf-a1b2-47d0-9d8c-2524ec67e4d4	bc36ccea-27e3-4ad3-a81f-af32abada1f6	image	creatives/6a6a836d-0a3d-499f-8f37-7f958307a587/24975ca2-6aed-4a8f-8656-519069e1f613/image/bc36ccea-27e3-4ad3-a81f-af32abada1f6/original/meta_feed_1625x1100_bc36ccea-27e3-4ad3-a81f-af32abada1f6.png	{"size": 1619143, "width": 1625, "height": 1100, "mimeType": "image/png", "originalName": "banner1.png", "providedWidth": 1625, "providedHeight": 1100, "mediaExtractionWarnings": []}	2025-07-10 13:45:41.788+00	2025-07-10 13:45:41.788+00
7730a367-96f5-45bc-9331-5ae97d3b8881	9510f589-c052-491f-9845-117a8bdd75a7	image	creatives/6a6a836d-0a3d-499f-8f37-7f958307a587/24975ca2-6aed-4a8f-8656-519069e1f613/image/9510f589-c052-491f-9845-117a8bdd75a7/original/meta_feed_1920x1277_9510f589-c052-491f-9845-117a8bdd75a7.jpg	{"size": 582545, "width": 1920, "height": 1277, "mimeType": "image/jpeg", "originalName": "concert-7424190_1920.jpg", "providedWidth": 1920, "providedHeight": 1277, "mediaExtractionWarnings": []}	2025-07-10 15:09:40.363+00	2025-07-10 15:09:40.363+00
33a7c03f-61a1-4e3a-aeda-7c99fa55b1c5	38f40705-d0d9-4c6d-b557-ce631cf6ecb3	image	creatives/545f9f32-b213-43b6-8324-17f95a3d3133/b00682e7-0c79-45f3-b9c2-e3e0abe13058/image/38f40705-d0d9-4c6d-b557-ce631cf6ecb3/original/meta_feed_1200x1080_38f40705-d0d9-4c6d-b557-ce631cf6ecb3.jpg	{"size": 110049, "width": 1200, "height": 1080, "mimeType": "image/jpeg", "originalName": "img.jpg", "providedWidth": 1200, "providedHeight": 1080, "mediaExtractionWarnings": []}	2025-07-11 11:41:10.799+00	2025-07-11 11:41:10.799+00
520e1940-88bb-4636-a887-cb268f1c92a7	86ae6c6a-5775-4315-8c78-ef4157222f6b	image	creatives/d68a6f7a-c306-45e1-a841-ee293f50352c/e855d5be-8ff1-4a85-9392-0c6973c5c9d7/image/86ae6c6a-5775-4315-8c78-ef4157222f6b/original/meta_feed_1625x1100_86ae6c6a-5775-4315-8c78-ef4157222f6b.png	{"size": 1619143, "width": 1625, "height": 1100, "mimeType": "image/png", "originalName": "banner1.png", "providedWidth": 1625, "providedHeight": 1100, "mediaExtractionWarnings": []}	2025-07-25 05:36:37.374+00	2025-07-25 05:36:37.374+00
\.


--
-- Data for Name: audiences; Type: TABLE DATA; Schema: public; Owner: postgres
--

COPY "public"."audiences" ("id", "org_id", "created_by", "name", "description", "type", "source", "status", "targeting_data", "size", "created_at", "updated_at") FROM stdin;
\.


--
-- Data for Name: campaign_alerts; Type: TABLE DATA; Schema: public; Owner: postgres
--

COPY "public"."campaign_alerts" ("id", "org_id", "campaign_id", "alert_type", "severity", "title", "message", "is_read", "is_resolved", "resolved_by", "resolved_at", "metadata", "created_at", "updated_at") FROM stdin;
\.


--
-- Data for Name: campaign_audiences; Type: TABLE DATA; Schema: public; Owner: postgres
--

COPY "public"."campaign_audiences" ("campaign_id", "audience_id", "assigned_by", "created_at", "is_active", "org_id", "platform_assignment", "updated_at", "weight") FROM stdin;
\.


--
-- Data for Name: campaign_creatives; Type: TABLE DATA; Schema: public; Owner: postgres
--

COPY "public"."campaign_creatives" ("campaign_id", "creative_id", "assigned_by", "created_at", "is_active", "org_id", "platform_assignment", "position", "updated_at", "variations") FROM stdin;
3ac59c55-4bdd-4ae2-a0d5-3cb783039b9f	b8928869-2e70-4ac7-a131-51ca4590c2c3	24975ca2-6aed-4a8f-8656-519069e1f613	2025-07-08 17:20:47.986+00	t	6a6a836d-0a3d-499f-8f37-7f958307a587	\N	0	2025-07-08 17:20:47.986+00	\N
dcfdf36f-45e1-429b-ba86-ae3189af33f6	2f866d06-2ac9-4b20-8429-91505d1418fe	b00682e7-0c79-45f3-b9c2-e3e0abe13058	2025-07-09 09:17:10.597+00	t	545f9f32-b213-43b6-8324-17f95a3d3133	"206769"	0	2025-07-09 09:17:10.597+00	\N
dcfdf36f-45e1-429b-ba86-ae3189af33f6	cc7adf85-36f2-4670-bf12-b846de20ffb6	b00682e7-0c79-45f3-b9c2-e3e0abe13058	2025-07-09 09:01:41.068+00	t	545f9f32-b213-43b6-8324-17f95a3d3133	"206767"	0	2025-07-09 09:01:41.068+00	\N
dcfdf36f-45e1-429b-ba86-ae3189af33f6	e3186788-d509-4f91-916c-e2ee410db942	b00682e7-0c79-45f3-b9c2-e3e0abe13058	2025-07-09 09:13:44.483+00	t	545f9f32-b213-43b6-8324-17f95a3d3133	"206768"	0	2025-07-09 09:13:44.483+00	\N
0413489e-2f23-4adb-97e3-8c40f7755892	0e96db90-23a4-4b1e-b415-02a60810f4c3	b00682e7-0c79-45f3-b9c2-e3e0abe13058	2025-07-09 12:40:02.552+00	t	545f9f32-b213-43b6-8324-17f95a3d3133	"206771"	0	2025-07-09 12:40:02.552+00	\N
1da47c15-a250-4b76-a799-ec9b762ac54a	30af9cf4-3b16-4aeb-8467-649b0b95c7e5	b00682e7-0c79-45f3-b9c2-e3e0abe13058	2025-07-09 13:23:02.003+00	t	545f9f32-b213-43b6-8324-17f95a3d3133	"206772"	0	2025-07-09 13:23:02.003+00	\N
dafc4adc-ec43-4b83-99e9-48614fcfe44e	eebeeb4c-17aa-4bbe-b6fb-f0edd35367a0	b00682e7-0c79-45f3-b9c2-e3e0abe13058	2025-07-09 13:45:00.24+00	t	545f9f32-b213-43b6-8324-17f95a3d3133	"206773"	0	2025-07-09 13:45:00.24+00	\N
f8b2b515-62b7-4810-8be2-7a410442fe09	e5a4df4f-2498-4fd0-9fc8-f5efa69747d7	b00682e7-0c79-45f3-b9c2-e3e0abe13058	2025-07-09 14:33:44.091+00	t	545f9f32-b213-43b6-8324-17f95a3d3133	"206774"	0	2025-07-09 14:33:44.091+00	\N
c04fd7cf-7959-4315-aab8-ba59566a072a	d2490bee-b3a8-461a-b91f-732650daae75	b00682e7-0c79-45f3-b9c2-e3e0abe13058	2025-07-09 16:25:32.006+00	t	545f9f32-b213-43b6-8324-17f95a3d3133	"206803"	0	2025-07-09 16:25:32.006+00	\N
84c97357-9ed6-40f4-8a7f-38910938125c	61222f29-4a6a-47a4-9968-35c4073083a3	24975ca2-6aed-4a8f-8656-519069e1f613	2025-07-10 09:25:09.005+00	t	6a6a836d-0a3d-499f-8f37-7f958307a587	"206864"	0	2025-07-10 09:25:09.005+00	\N
87ab5681-2967-4ab1-83fa-413c3e262fd8	dc6a4dc8-eaf1-4d85-b704-d3a1f271247a	24975ca2-6aed-4a8f-8656-519069e1f613	2025-07-10 13:26:00.754+00	t	6a6a836d-0a3d-499f-8f37-7f958307a587	"206865"	0	2025-07-10 13:26:00.754+00	\N
ca4533e1-5f70-4a19-bbcd-1e4159ed9cee	bc36ccea-27e3-4ad3-a81f-af32abada1f6	24975ca2-6aed-4a8f-8656-519069e1f613	2025-07-10 13:45:47.926+00	t	6a6a836d-0a3d-499f-8f37-7f958307a587	"206866"	0	2025-07-10 13:45:47.926+00	\N
ca4533e1-5f70-4a19-bbcd-1e4159ed9cee	9510f589-c052-491f-9845-117a8bdd75a7	24975ca2-6aed-4a8f-8656-519069e1f613	2025-07-10 15:09:45.841+00	t	6a6a836d-0a3d-499f-8f37-7f958307a587	"206867"	0	2025-07-10 15:09:45.841+00	\N
c1528e0f-d48d-44e3-8f68-1938a1f36af6	38f40705-d0d9-4c6d-b557-ce631cf6ecb3	b00682e7-0c79-45f3-b9c2-e3e0abe13058	2025-07-11 11:41:15.789+00	t	545f9f32-b213-43b6-8324-17f95a3d3133	"206960"	0	2025-07-11 11:41:15.789+00	\N
1105db51-e162-4ae2-8595-f47a38cdcf2b	86ae6c6a-5775-4315-8c78-ef4157222f6b	e855d5be-8ff1-4a85-9392-0c6973c5c9d7	2025-07-25 05:36:43.383+00	t	d68a6f7a-c306-45e1-a841-ee293f50352c	"208293"	0	2025-07-25 05:36:43.383+00	\N
\.


--
-- Data for Name: campaign_steps; Type: TABLE DATA; Schema: public; Owner: postgres
--

COPY "public"."campaign_steps" ("id", "org_id", "campaign_id", "step_name", "step_order", "is_completed", "completed_by", "step_data", "completed_at", "created_at", "updated_at") FROM stdin;
8df96ed3-48e7-484f-bd40-a4c6390f1d83	fcb7f88c-6f3c-4a3c-9768-2760dac115b1	fbee155d-717b-4ed4-b455-a44cfb4a9d04	creatives	3	f	\N	\N	\N	2025-07-01 16:27:29.399+00	2025-07-01 16:27:29.399+00
cd06b152-dc86-451f-abc5-ebe230656455	fcb7f88c-6f3c-4a3c-9768-2760dac115b1	fbee155d-717b-4ed4-b455-a44cfb4a9d04	audiences	4	f	\N	\N	\N	2025-07-01 16:27:29.399+00	2025-07-01 16:27:29.399+00
107c91a0-bc22-4dcf-ae98-d5164515dc31	fcb7f88c-6f3c-4a3c-9768-2760dac115b1	fbee155d-717b-4ed4-b455-a44cfb4a9d04	budget_schedule	5	f	\N	\N	\N	2025-07-01 16:27:29.399+00	2025-07-01 16:27:29.399+00
1c422625-e460-4483-8f91-5743795a4042	fcb7f88c-6f3c-4a3c-9768-2760dac115b1	fbee155d-717b-4ed4-b455-a44cfb4a9d04	targeting	6	f	\N	\N	\N	2025-07-01 16:27:29.399+00	2025-07-01 16:27:29.399+00
9e627539-6580-49b1-b898-f44145ed5e5b	fcb7f88c-6f3c-4a3c-9768-2760dac115b1	fbee155d-717b-4ed4-b455-a44cfb4a9d04	review_submit	7	f	\N	\N	\N	2025-07-01 16:27:29.399+00	2025-07-01 16:27:29.399+00
3550c714-a559-4c05-9cee-70b92c1b6f0f	d5f3c148-72db-4168-90c9-5d3178b5e435	ccdfa5e9-72aa-42c1-8307-6036f425e353	creatives	4	f	\N	\N	\N	2025-07-03 15:40:27.083+00	2025-07-03 15:40:27.083+00
bae98a42-827a-42e7-8e65-ae13c7545086	d5f3c148-72db-4168-90c9-5d3178b5e435	ccdfa5e9-72aa-42c1-8307-6036f425e353	review_submit	5	f	\N	\N	\N	2025-07-03 15:40:27.083+00	2025-07-03 15:40:27.083+00
b481ecc3-08d4-4a9d-8721-d2318dbf5e04	fcb7f88c-6f3c-4a3c-9768-2760dac115b1	fbee155d-717b-4ed4-b455-a44cfb4a9d04	basic_info	1	t	\N	\N	\N	2025-07-01 16:27:29.399+00	2025-07-02 09:56:00.985+00
60257070-593b-41a4-8623-9f58c39cea4c	fcb7f88c-6f3c-4a3c-9768-2760dac115b1	fbee155d-717b-4ed4-b455-a44cfb4a9d04	platforms	2	t	\N	\N	\N	2025-07-01 16:27:29.399+00	2025-07-02 09:56:02.809+00
7dc2724d-e418-4fdd-bb39-1d8aeeb75742	d5f3c148-72db-4168-90c9-5d3178b5e435	874141b8-9021-416f-861c-8db536da5e1e	creatives	3	f	\N	\N	\N	2025-07-02 10:04:56.837+00	2025-07-02 10:04:56.837+00
bbc7f279-8aaa-431a-a5a1-6d3b7cc1a3f4	d5f3c148-72db-4168-90c9-5d3178b5e435	874141b8-9021-416f-861c-8db536da5e1e	audiences	4	f	\N	\N	\N	2025-07-02 10:04:56.837+00	2025-07-02 10:04:56.837+00
af134edf-9b93-4e84-abaf-8bbce1c058f2	d5f3c148-72db-4168-90c9-5d3178b5e435	874141b8-9021-416f-861c-8db536da5e1e	budget_schedule	5	f	\N	\N	\N	2025-07-02 10:04:56.837+00	2025-07-02 10:04:56.837+00
77d92450-6696-402a-8cf7-f4199cdd0607	d5f3c148-72db-4168-90c9-5d3178b5e435	874141b8-9021-416f-861c-8db536da5e1e	targeting	6	f	\N	\N	\N	2025-07-02 10:04:56.837+00	2025-07-02 10:04:56.837+00
90ba9cf0-b1aa-431e-87c6-0183f273b2ac	d5f3c148-72db-4168-90c9-5d3178b5e435	874141b8-9021-416f-861c-8db536da5e1e	review_submit	7	f	\N	\N	\N	2025-07-02 10:04:56.837+00	2025-07-02 10:04:56.837+00
d1f00a7a-9cc8-41e3-b04c-2a798a6872ee	fcb7f88c-6f3c-4a3c-9768-2760dac115b1	ccd62627-78bb-4e33-aff5-b17ca81048b5	creatives	3	f	\N	\N	\N	2025-07-02 10:51:22.067+00	2025-07-02 10:51:22.067+00
8f48c4b5-18a0-4dc1-883b-784cc75d6a0a	fcb7f88c-6f3c-4a3c-9768-2760dac115b1	ccd62627-78bb-4e33-aff5-b17ca81048b5	audiences	4	f	\N	\N	\N	2025-07-02 10:51:22.067+00	2025-07-02 10:51:22.067+00
463243a5-5e72-4815-b2bd-574eaa85af0e	fcb7f88c-6f3c-4a3c-9768-2760dac115b1	ccd62627-78bb-4e33-aff5-b17ca81048b5	budget_schedule	5	f	\N	\N	\N	2025-07-02 10:51:22.067+00	2025-07-02 10:51:22.067+00
b2e859c4-25b3-4bdb-bc87-1ef9da99f4c6	fcb7f88c-6f3c-4a3c-9768-2760dac115b1	ccd62627-78bb-4e33-aff5-b17ca81048b5	targeting	6	f	\N	\N	\N	2025-07-02 10:51:22.067+00	2025-07-02 10:51:22.067+00
9f93e68c-772d-4fec-beb9-c47474518908	fcb7f88c-6f3c-4a3c-9768-2760dac115b1	ccd62627-78bb-4e33-aff5-b17ca81048b5	review_submit	7	f	\N	\N	\N	2025-07-02 10:51:22.067+00	2025-07-02 10:51:22.067+00
e930d973-b98f-4e25-9df7-6f513f847003	46193251-355f-4801-98fc-d7cc3e24995b	418ee0cb-2da1-40bb-8b2e-6f8f70b90547	creatives	4	f	\N	\N	\N	2025-07-04 09:45:06.553+00	2025-07-04 09:45:06.553+00
b0c17d08-5132-453e-af81-5d245ca2db3c	46193251-355f-4801-98fc-d7cc3e24995b	418ee0cb-2da1-40bb-8b2e-6f8f70b90547	review_submit	5	f	\N	\N	\N	2025-07-04 09:45:06.553+00	2025-07-04 09:45:06.553+00
866bc593-4641-4f93-a32d-624c36edebb5	bb6d62f7-1328-4f40-b230-adfcdba49745	71e58a96-91b0-4997-887b-997082a652b4	basic_info	1	t	\N	\N	\N	2025-07-03 15:25:41.606+00	2025-07-03 16:58:28.72+00
77e9ed18-1fa3-4e15-9671-e9478fe0e57f	bb6d62f7-1328-4f40-b230-adfcdba49745	71e58a96-91b0-4997-887b-997082a652b4	platforms	2	t	\N	\N	\N	2025-07-03 15:25:41.606+00	2025-07-03 16:58:29.472+00
48b60403-7df1-49ca-a930-626e393521f3	bb6d62f7-1328-4f40-b230-adfcdba49745	71e58a96-91b0-4997-887b-997082a652b4	platformConfig	3	t	\N	\N	\N	2025-07-03 15:25:41.606+00	2025-07-03 16:04:01.543+00
4e59c8f3-7494-4355-9eff-51aa4c4e89e0	d5f3c148-72db-4168-90c9-5d3178b5e435	64ad0190-8fb4-45fb-ad4d-0d6997525d59	basic_info	1	t	\N	\N	\N	2025-07-03 16:50:26.279+00	2025-07-03 16:58:51.495+00
f3531834-9985-48f7-87d5-ec709d599a3f	d5f3c148-72db-4168-90c9-5d3178b5e435	64ad0190-8fb4-45fb-ad4d-0d6997525d59	platforms	2	t	\N	\N	\N	2025-07-03 16:50:26.279+00	2025-07-03 16:58:52.31+00
e7de9c41-a236-4f9a-be98-5ab0b25702c7	d5f3c148-72db-4168-90c9-5d3178b5e435	ccdfa5e9-72aa-42c1-8307-6036f425e353	basic_info	1	t	\N	\N	\N	2025-07-03 15:40:27.083+00	2025-07-03 16:08:09.095+00
c7e7056b-7222-40ea-9789-cf2fb427656b	d5f3c148-72db-4168-90c9-5d3178b5e435	ccdfa5e9-72aa-42c1-8307-6036f425e353	platforms	2	t	\N	\N	\N	2025-07-03 15:40:27.083+00	2025-07-03 16:08:10.998+00
5a89ffe5-e668-46d7-a54c-75d1c32d74c4	d5f3c148-72db-4168-90c9-5d3178b5e435	ccdfa5e9-72aa-42c1-8307-6036f425e353	platformConfig	3	t	\N	\N	\N	2025-07-03 15:40:27.083+00	2025-07-03 16:08:25.09+00
33205553-da74-4566-881a-d05d52a98fef	d5f3c148-72db-4168-90c9-5d3178b5e435	64ad0190-8fb4-45fb-ad4d-0d6997525d59	platformConfig	3	t	\N	\N	\N	2025-07-03 16:50:26.279+00	2025-07-03 16:59:03.527+00
645a7017-fa6a-4f5a-b69f-368007b0440f	fcb7f88c-6f3c-4a3c-9768-2760dac115b1	ccd62627-78bb-4e33-aff5-b17ca81048b5	basic_info	1	t	\N	\N	\N	2025-07-02 10:51:22.067+00	2025-07-03 14:54:51.897+00
1fe955fa-9cb2-47a7-8768-7c1afc32a70b	fcb7f88c-6f3c-4a3c-9768-2760dac115b1	ccd62627-78bb-4e33-aff5-b17ca81048b5	platforms	2	t	\N	\N	\N	2025-07-02 10:51:22.067+00	2025-07-03 14:54:53.391+00
ef98ab80-401b-4b3d-9ea0-cb8675597f0f	bb6d62f7-1328-4f40-b230-adfcdba49745	71e58a96-91b0-4997-887b-997082a652b4	creatives	4	f	\N	\N	\N	2025-07-03 15:25:41.606+00	2025-07-03 15:25:41.606+00
e748fbed-836d-4508-8c81-819f060af6ec	d5f3c148-72db-4168-90c9-5d3178b5e435	874141b8-9021-416f-861c-8db536da5e1e	platforms	2	t	\N	\N	\N	2025-07-02 10:04:56.837+00	2025-07-03 10:10:42.761+00
f7c83cfe-b258-4353-b76e-3fccc67faf74	d5f3c148-72db-4168-90c9-5d3178b5e435	874141b8-9021-416f-861c-8db536da5e1e	basic_info	1	t	\N	\N	\N	2025-07-02 10:04:56.837+00	2025-07-03 10:10:43.567+00
e4d40a1b-d1dc-4a06-bbc3-dd76ec5ee420	bb6d62f7-1328-4f40-b230-adfcdba49745	71e58a96-91b0-4997-887b-997082a652b4	review_submit	5	f	\N	\N	\N	2025-07-03 15:25:41.606+00	2025-07-03 15:25:41.606+00
1a59833b-8fd7-4cc8-a839-767712734e47	4afa1f6f-7abd-4fab-b9e0-b99f3008629b	7be4e08d-9f88-4ea2-be51-9cfef6ae8ca7	creatives	4	f	\N	\N	\N	2025-07-04 09:25:36.513+00	2025-07-04 09:25:36.513+00
8ce2e7dc-241d-4fa6-9458-6d786029c7bd	d5f3c148-72db-4168-90c9-5d3178b5e435	64ad0190-8fb4-45fb-ad4d-0d6997525d59	creatives	4	f	\N	\N	\N	2025-07-03 16:50:26.279+00	2025-07-03 16:50:26.279+00
432960b3-a783-496f-b48d-17b7186e165b	d5f3c148-72db-4168-90c9-5d3178b5e435	64ad0190-8fb4-45fb-ad4d-0d6997525d59	review_submit	5	f	\N	\N	\N	2025-07-03 16:50:26.279+00	2025-07-03 16:50:26.279+00
547b80f1-4a9f-4dea-9aa3-a3f2e30dd213	4afa1f6f-7abd-4fab-b9e0-b99f3008629b	7be4e08d-9f88-4ea2-be51-9cfef6ae8ca7	review_submit	5	f	\N	\N	\N	2025-07-04 09:25:36.513+00	2025-07-04 09:25:36.513+00
01bf5288-92cb-4efd-a5b8-3c5e72128af9	4afa1f6f-7abd-4fab-b9e0-b99f3008629b	7be4e08d-9f88-4ea2-be51-9cfef6ae8ca7	basic_info	1	t	\N	\N	\N	2025-07-04 09:25:36.513+00	2025-07-04 10:46:19.561+00
16251ceb-4fc9-4044-ae92-183f400c16d5	4afa1f6f-7abd-4fab-b9e0-b99f3008629b	7be4e08d-9f88-4ea2-be51-9cfef6ae8ca7	platforms	2	t	\N	\N	\N	2025-07-04 09:25:36.513+00	2025-07-04 10:50:42.486+00
dc1e2276-6824-4abd-a9ea-787e9c7b2cf4	46193251-355f-4801-98fc-d7cc3e24995b	418ee0cb-2da1-40bb-8b2e-6f8f70b90547	platformConfig	3	t	\N	\N	\N	2025-07-04 09:45:06.553+00	2025-07-04 09:54:09.317+00
139a4148-7233-4fab-97df-d3eff9e1fb66	4afa1f6f-7abd-4fab-b9e0-b99f3008629b	7be4e08d-9f88-4ea2-be51-9cfef6ae8ca7	platformConfig	3	t	\N	\N	\N	2025-07-04 09:25:36.513+00	2025-07-04 10:52:33.341+00
a33e31c9-b698-46b0-a544-635e2732ca2f	4afa1f6f-7abd-4fab-b9e0-b99f3008629b	189bcf57-05b3-4f15-842d-1d1f0416d7dc	creatives	4	f	\N	\N	\N	2025-07-04 11:29:30.88+00	2025-07-04 11:29:30.88+00
b2a0f744-9dee-480e-8c6d-4db5ecb16af2	4afa1f6f-7abd-4fab-b9e0-b99f3008629b	189bcf57-05b3-4f15-842d-1d1f0416d7dc	review_submit	5	f	\N	\N	\N	2025-07-04 11:29:30.88+00	2025-07-04 11:29:30.88+00
b35b3fca-585e-4296-92d4-ff87d3cb3759	4afa1f6f-7abd-4fab-b9e0-b99f3008629b	189bcf57-05b3-4f15-842d-1d1f0416d7dc	basic_info	1	t	\N	\N	\N	2025-07-04 11:29:30.88+00	2025-07-04 11:30:06.853+00
40506817-01cc-419d-be90-5b765b1fd00c	4afa1f6f-7abd-4fab-b9e0-b99f3008629b	189bcf57-05b3-4f15-842d-1d1f0416d7dc	platforms	2	t	\N	\N	\N	2025-07-04 11:29:30.88+00	2025-07-04 11:30:08.322+00
01c5ca78-66a4-4754-bb61-b4e1767e77ae	46193251-355f-4801-98fc-d7cc3e24995b	418ee0cb-2da1-40bb-8b2e-6f8f70b90547	basic_info	1	t	\N	\N	\N	2025-07-04 09:45:06.553+00	2025-07-04 11:49:10.404+00
6dcec249-728d-411f-aeaf-b9ebc3822311	4afa1f6f-7abd-4fab-b9e0-b99f3008629b	189bcf57-05b3-4f15-842d-1d1f0416d7dc	platformConfig	3	t	\N	\N	\N	2025-07-04 11:29:30.88+00	2025-07-04 11:30:39.012+00
cb623e70-018e-4166-a600-265f782bcb7a	2bd688ce-805f-46ab-8748-91e138f0cb2b	3012fa4b-3cea-4e76-8f33-6307e6bc11be	creatives	4	f	\N	\N	\N	2025-07-04 11:47:06.96+00	2025-07-04 11:47:06.96+00
292bc615-398e-4da0-beb0-cbb6659eec1f	2bd688ce-805f-46ab-8748-91e138f0cb2b	3012fa4b-3cea-4e76-8f33-6307e6bc11be	review_submit	5	f	\N	\N	\N	2025-07-04 11:47:06.96+00	2025-07-04 11:47:06.96+00
689f94e9-f74a-4da3-a434-b0d00d45accd	46193251-355f-4801-98fc-d7cc3e24995b	418ee0cb-2da1-40bb-8b2e-6f8f70b90547	platforms	2	t	\N	\N	\N	2025-07-04 09:45:06.553+00	2025-07-04 11:49:11.16+00
844b001b-9ec9-4d2a-b3aa-f91d99e86460	3581f795-474f-4d6e-bc91-d83925439456	ec7b3b52-06c5-4a01-b213-a7b7bc7dc518	basic_info	1	t	\N	\N	\N	2025-07-04 16:26:20.728+00	2025-07-07 12:21:18.037+00
e65373c2-7667-4c06-bbf3-87087cbcfeac	2bd688ce-805f-46ab-8748-91e138f0cb2b	3012fa4b-3cea-4e76-8f33-6307e6bc11be	platforms	2	t	\N	\N	\N	2025-07-04 11:47:06.96+00	2025-07-07 11:44:16.391+00
25b46ace-e8f6-4640-bf5f-f4caf9a9b6ea	3581f795-474f-4d6e-bc91-d83925439456	ec7b3b52-06c5-4a01-b213-a7b7bc7dc518	creatives	4	f	\N	\N	\N	2025-07-04 16:26:20.728+00	2025-07-04 16:26:20.728+00
3ef62f79-5373-4132-88b6-ec047db33cb2	3581f795-474f-4d6e-bc91-d83925439456	ec7b3b52-06c5-4a01-b213-a7b7bc7dc518	review_submit	5	f	\N	\N	\N	2025-07-04 16:26:20.728+00	2025-07-04 16:26:20.728+00
621e22b3-e180-40d3-9b46-d4ca00b91066	3581f795-474f-4d6e-bc91-d83925439456	ec7b3b52-06c5-4a01-b213-a7b7bc7dc518	platformConfig	3	t	\N	\N	\N	2025-07-04 16:26:20.728+00	2025-07-04 16:51:26.346+00
72b54729-9ccb-4c2f-8717-e34d3d1194a8	9b341360-11fb-4bca-b4b8-6a5dc9e58419	30d33c1b-6eab-41a8-86f7-531d6ea11acf	platforms	2	t	\N	\N	\N	2025-07-07 10:47:11.66+00	2025-07-07 10:48:30.413+00
e85da479-9676-4081-80e8-8b12066cc40e	2bd688ce-805f-46ab-8748-91e138f0cb2b	3012fa4b-3cea-4e76-8f33-6307e6bc11be	platformConfig	3	t	\N	\N	\N	2025-07-04 11:47:06.96+00	2025-07-07 11:06:00.292+00
768bfb0d-b695-4595-96dc-6095f3b6d8e6	3581f795-474f-4d6e-bc91-d83925439456	ec7b3b52-06c5-4a01-b213-a7b7bc7dc518	platforms	2	t	\N	\N	\N	2025-07-04 16:26:20.728+00	2025-07-07 12:21:32.863+00
189437de-8bc7-4bd3-8fb4-6f1d053c022a	9b341360-11fb-4bca-b4b8-6a5dc9e58419	30d33c1b-6eab-41a8-86f7-531d6ea11acf	platformConfig	3	t	\N	\N	\N	2025-07-07 10:47:11.66+00	2025-07-07 10:58:00.61+00
32ffeee3-fc24-4522-8c2f-c4994f71090f	9b341360-11fb-4bca-b4b8-6a5dc9e58419	30d33c1b-6eab-41a8-86f7-531d6ea11acf	creatives	4	f	\N	\N	\N	2025-07-07 10:47:11.66+00	2025-07-07 10:47:11.66+00
d992f465-c66b-4375-a1ef-0986063f3681	9b341360-11fb-4bca-b4b8-6a5dc9e58419	30d33c1b-6eab-41a8-86f7-531d6ea11acf	review_submit	5	f	\N	\N	\N	2025-07-07 10:47:11.66+00	2025-07-07 10:47:11.66+00
7404deed-7470-46a1-8158-81a19863b4f4	9b341360-11fb-4bca-b4b8-6a5dc9e58419	30d33c1b-6eab-41a8-86f7-531d6ea11acf	basic_info	1	t	\N	\N	\N	2025-07-07 10:47:11.66+00	2025-07-07 10:48:26.816+00
998458cb-9d91-429a-ac9f-0956c87ab602	2bd688ce-805f-46ab-8748-91e138f0cb2b	3012fa4b-3cea-4e76-8f33-6307e6bc11be	basic_info	1	t	\N	\N	\N	2025-07-04 11:47:06.96+00	2025-07-07 11:14:57.59+00
7ceed042-4abb-41b4-93f4-1df8ced7ff93	3581f795-474f-4d6e-bc91-d83925439456	d638fe84-d2c3-4b81-9850-37b55e465757	basic_info	1	f	\N	\N	\N	2025-07-07 12:32:02.016+00	2025-07-07 12:32:02.016+00
4c421d31-e1c7-4985-b7a6-0fdafe63b68a	3581f795-474f-4d6e-bc91-d83925439456	d638fe84-d2c3-4b81-9850-37b55e465757	platforms	2	f	\N	\N	\N	2025-07-07 12:32:02.016+00	2025-07-07 12:32:02.016+00
bfe8672b-c9ff-4d3a-a591-fc442425c86c	3581f795-474f-4d6e-bc91-d83925439456	d638fe84-d2c3-4b81-9850-37b55e465757	platformConfig	3	f	\N	\N	\N	2025-07-07 12:32:02.016+00	2025-07-07 12:32:02.016+00
18667ac8-3e33-4572-9326-0eb4b72593b4	3581f795-474f-4d6e-bc91-d83925439456	d638fe84-d2c3-4b81-9850-37b55e465757	creatives	4	f	\N	\N	\N	2025-07-07 12:32:02.016+00	2025-07-07 12:32:02.016+00
27d3ef06-7ed8-43ec-8d9d-3e4eaddf4d34	3581f795-474f-4d6e-bc91-d83925439456	d638fe84-d2c3-4b81-9850-37b55e465757	review_submit	5	f	\N	\N	\N	2025-07-07 12:32:02.016+00	2025-07-07 12:32:02.016+00
663fc253-7f49-4c9d-b98a-a4f60d9d4384	6a6a836d-0a3d-499f-8f37-7f958307a587	3ac59c55-4bdd-4ae2-a0d5-3cb783039b9f	platformConfig	3	t	\N	\N	\N	2025-07-07 17:10:51.826+00	2025-07-10 08:55:46.233+00
14c4900b-9af8-47fb-8122-97cf79fe5db3	6a6a836d-0a3d-499f-8f37-7f958307a587	3ac59c55-4bdd-4ae2-a0d5-3cb783039b9f	basic_info	1	t	\N	\N	\N	2025-07-07 17:10:51.826+00	2025-07-10 08:55:41.924+00
477c7330-1bfd-49f7-b52a-5e4c14c193ce	6a6a836d-0a3d-499f-8f37-7f958307a587	af47797a-e757-42f3-8a4d-72430685eb4c	creatives	4	f	\N	\N	\N	2025-07-07 14:24:45.158+00	2025-07-07 14:24:45.158+00
68805ac0-872e-4894-ac7f-0baff122f2a0	6a6a836d-0a3d-499f-8f37-7f958307a587	af47797a-e757-42f3-8a4d-72430685eb4c	review_submit	5	f	\N	\N	\N	2025-07-07 14:24:45.158+00	2025-07-07 14:24:45.158+00
dc44de61-60f6-47cf-a551-0910051043ea	545f9f32-b213-43b6-8324-17f95a3d3133	18337b0b-7d46-4750-bc51-3b1d1ec282cb	basic_info	1	t	\N	\N	\N	2025-07-07 17:25:55.173+00	2025-07-08 08:45:12.02+00
c25212e0-3414-4cb8-a61a-f3ea6ca00a78	545f9f32-b213-43b6-8324-17f95a3d3133	0ba3e63e-816f-46b4-b48e-e602d622bec9	basic_info	1	t	\N	\N	\N	2025-07-08 09:46:58.938+00	2025-07-08 10:17:14.048+00
782ad70a-4f9e-495b-b659-985b42f5678a	545f9f32-b213-43b6-8324-17f95a3d3133	aca53970-7292-4ffb-be25-7e939b0b8ca9	platformConfig	3	t	\N	\N	\N	2025-07-08 10:19:02.876+00	2025-07-08 11:40:12.006+00
93938f32-9e31-4a2d-aa1c-30b6f21986ab	6a6a836d-0a3d-499f-8f37-7f958307a587	3ac59c55-4bdd-4ae2-a0d5-3cb783039b9f	platforms	2	t	\N	\N	\N	2025-07-07 17:10:51.826+00	2025-07-10 08:55:41.166+00
737f1b66-2d7d-489c-a04c-45c59f7083ed	6a6a836d-0a3d-499f-8f37-7f958307a587	af47797a-e757-42f3-8a4d-72430685eb4c	platforms	2	t	\N	\N	\N	2025-07-07 14:24:45.158+00	2025-07-07 15:29:02.729+00
514740ae-2d7b-4301-b8cd-c86cc2bc132b	6a6a836d-0a3d-499f-8f37-7f958307a587	af47797a-e757-42f3-8a4d-72430685eb4c	basic_info	1	t	\N	\N	\N	2025-07-07 14:24:45.158+00	2025-07-07 15:29:03.495+00
b1cbea12-5b1a-405e-bfc8-6356bd5ba1e7	6a6a836d-0a3d-499f-8f37-7f958307a587	af47797a-e757-42f3-8a4d-72430685eb4c	platformConfig	3	t	\N	\N	\N	2025-07-07 14:24:45.158+00	2025-07-07 15:29:11.558+00
51cc937b-250d-431f-b7a3-f13a51a51759	6a6a836d-0a3d-499f-8f37-7f958307a587	1d560a0a-8ba9-4f61-9bbf-c06ae8225a15	basic_info	1	f	\N	\N	\N	2025-07-07 16:12:45.554+00	2025-07-07 16:12:45.554+00
707e0ab8-914a-4c12-8b88-74d5bed446d6	6a6a836d-0a3d-499f-8f37-7f958307a587	1d560a0a-8ba9-4f61-9bbf-c06ae8225a15	platforms	2	f	\N	\N	\N	2025-07-07 16:12:45.554+00	2025-07-07 16:12:45.554+00
f916adf0-3f7f-4231-99ae-d5bb40a30a74	6a6a836d-0a3d-499f-8f37-7f958307a587	1d560a0a-8ba9-4f61-9bbf-c06ae8225a15	platformConfig	3	f	\N	\N	\N	2025-07-07 16:12:45.554+00	2025-07-07 16:12:45.554+00
18baab70-e1e9-4f3d-bbdd-9af6fb96f7cb	6a6a836d-0a3d-499f-8f37-7f958307a587	1d560a0a-8ba9-4f61-9bbf-c06ae8225a15	creatives	4	f	\N	\N	\N	2025-07-07 16:12:45.554+00	2025-07-07 16:12:45.554+00
1208af86-7ddb-45dd-b66c-29b8a08eca9a	6a6a836d-0a3d-499f-8f37-7f958307a587	1d560a0a-8ba9-4f61-9bbf-c06ae8225a15	review_submit	5	f	\N	\N	\N	2025-07-07 16:12:45.554+00	2025-07-07 16:12:45.554+00
80ce63d1-970f-45d0-8d03-393c4481620e	6a6a836d-0a3d-499f-8f37-7f958307a587	600dd757-4f55-40dd-9481-2b3fbc1fee16	basic_info	1	f	\N	\N	\N	2025-07-07 17:05:46.653+00	2025-07-07 17:05:46.653+00
7409f896-7684-437c-836f-b61d8f917fca	6a6a836d-0a3d-499f-8f37-7f958307a587	600dd757-4f55-40dd-9481-2b3fbc1fee16	platforms	2	f	\N	\N	\N	2025-07-07 17:05:46.653+00	2025-07-07 17:05:46.653+00
94fecf33-d683-4776-a7ea-a368fe58e390	6a6a836d-0a3d-499f-8f37-7f958307a587	600dd757-4f55-40dd-9481-2b3fbc1fee16	platformConfig	3	f	\N	\N	\N	2025-07-07 17:05:46.653+00	2025-07-07 17:05:46.653+00
3ff0ba10-02f5-448b-bf74-210c8bc5ff60	6a6a836d-0a3d-499f-8f37-7f958307a587	600dd757-4f55-40dd-9481-2b3fbc1fee16	creatives	4	f	\N	\N	\N	2025-07-07 17:05:46.653+00	2025-07-07 17:05:46.653+00
b0278310-c6d4-4767-8f27-a9930bf3a49b	6a6a836d-0a3d-499f-8f37-7f958307a587	600dd757-4f55-40dd-9481-2b3fbc1fee16	review_submit	5	f	\N	\N	\N	2025-07-07 17:05:46.653+00	2025-07-07 17:05:46.653+00
04ac61cd-e32c-4aba-863f-09f0035c9984	6a6a836d-0a3d-499f-8f37-7f958307a587	3ac59c55-4bdd-4ae2-a0d5-3cb783039b9f	creatives	4	f	\N	\N	\N	2025-07-07 17:10:51.826+00	2025-07-07 17:10:51.826+00
6ef2ff51-46b2-4724-acb4-c70cbf44f8ee	6a6a836d-0a3d-499f-8f37-7f958307a587	3ac59c55-4bdd-4ae2-a0d5-3cb783039b9f	review_submit	5	f	\N	\N	\N	2025-07-07 17:10:51.826+00	2025-07-07 17:10:51.826+00
606d0b40-0e68-4b84-8987-c4e88460cd4f	545f9f32-b213-43b6-8324-17f95a3d3133	18337b0b-7d46-4750-bc51-3b1d1ec282cb	platformConfig	3	f	\N	\N	\N	2025-07-07 17:25:55.173+00	2025-07-07 17:25:55.173+00
287e3fd4-2ca1-4197-b916-3806dd10c56b	545f9f32-b213-43b6-8324-17f95a3d3133	18337b0b-7d46-4750-bc51-3b1d1ec282cb	creatives	4	f	\N	\N	\N	2025-07-07 17:25:55.173+00	2025-07-07 17:25:55.173+00
a2df6667-ee9a-4d9a-b102-fdb2fc932d42	545f9f32-b213-43b6-8324-17f95a3d3133	18337b0b-7d46-4750-bc51-3b1d1ec282cb	review_submit	5	f	\N	\N	\N	2025-07-07 17:25:55.173+00	2025-07-07 17:25:55.173+00
dc52d2ea-fe4d-4dbc-ae29-1862dc5fdbd8	545f9f32-b213-43b6-8324-17f95a3d3133	dcfdf36f-45e1-429b-ba86-ae3189af33f6	platformConfig	3	t	\N	\N	\N	2025-07-08 11:50:55.936+00	2025-07-09 11:52:51.74+00
2e3ceab7-ebf0-467f-a00b-5dac0d378145	545f9f32-b213-43b6-8324-17f95a3d3133	18337b0b-7d46-4750-bc51-3b1d1ec282cb	platforms	2	t	\N	\N	\N	2025-07-07 17:25:55.173+00	2025-07-08 08:45:37.868+00
05f3cc4e-51d7-44c5-8ddf-1ebfba6cf559	545f9f32-b213-43b6-8324-17f95a3d3133	71db8d95-8457-4ef5-b55e-0e13abd2b49d	platformConfig	3	f	\N	\N	\N	2025-07-08 08:59:02.095+00	2025-07-08 08:59:02.095+00
eeba6c88-57f4-4235-a7e2-7df2fb1be637	545f9f32-b213-43b6-8324-17f95a3d3133	71db8d95-8457-4ef5-b55e-0e13abd2b49d	creatives	4	f	\N	\N	\N	2025-07-08 08:59:02.095+00	2025-07-08 08:59:02.095+00
3467b0f2-a05a-48aa-a062-368585aba1a5	545f9f32-b213-43b6-8324-17f95a3d3133	71db8d95-8457-4ef5-b55e-0e13abd2b49d	review_submit	5	f	\N	\N	\N	2025-07-08 08:59:02.095+00	2025-07-08 08:59:02.095+00
164f1d8d-cc13-4f40-af24-9e933a961289	545f9f32-b213-43b6-8324-17f95a3d3133	aca53970-7292-4ffb-be25-7e939b0b8ca9	creatives	4	f	\N	\N	\N	2025-07-08 10:19:02.876+00	2025-07-08 10:19:02.876+00
6d49efa2-be08-424c-afbc-ed879856dc52	545f9f32-b213-43b6-8324-17f95a3d3133	aca53970-7292-4ffb-be25-7e939b0b8ca9	review_submit	5	f	\N	\N	\N	2025-07-08 10:19:02.876+00	2025-07-08 10:19:02.876+00
e559e181-9a5d-4019-b5cc-0589f100542a	545f9f32-b213-43b6-8324-17f95a3d3133	dcfdf36f-45e1-429b-ba86-ae3189af33f6	creatives	4	f	\N	\N	\N	2025-07-08 11:50:55.936+00	2025-07-08 11:50:55.936+00
95ea49cf-c4f4-4467-9830-962d65b39cc2	545f9f32-b213-43b6-8324-17f95a3d3133	dcfdf36f-45e1-429b-ba86-ae3189af33f6	review_submit	5	f	\N	\N	\N	2025-07-08 11:50:55.936+00	2025-07-08 11:50:55.936+00
ffb36c25-a51d-442e-8210-f1ad5ca55203	545f9f32-b213-43b6-8324-17f95a3d3133	71db8d95-8457-4ef5-b55e-0e13abd2b49d	basic_info	1	t	\N	\N	\N	2025-07-08 08:59:02.095+00	2025-07-08 09:44:52.974+00
02a8491e-2ef5-4ef5-b8fc-de47f7e482f5	545f9f32-b213-43b6-8324-17f95a3d3133	71db8d95-8457-4ef5-b55e-0e13abd2b49d	platforms	2	t	\N	\N	\N	2025-07-08 08:59:02.095+00	2025-07-08 09:44:53.723+00
8dfaa22f-b006-4412-9700-e2153df68f34	545f9f32-b213-43b6-8324-17f95a3d3133	0ba3e63e-816f-46b4-b48e-e602d622bec9	platforms	2	f	\N	\N	\N	2025-07-08 09:46:58.938+00	2025-07-08 09:46:58.938+00
92c96e2d-6599-49ab-85f3-d54156b4188d	545f9f32-b213-43b6-8324-17f95a3d3133	0ba3e63e-816f-46b4-b48e-e602d622bec9	platformConfig	3	f	\N	\N	\N	2025-07-08 09:46:58.938+00	2025-07-08 09:46:58.938+00
5da349cb-daf2-497c-9fca-a22e7c434f43	545f9f32-b213-43b6-8324-17f95a3d3133	0ba3e63e-816f-46b4-b48e-e602d622bec9	creatives	4	f	\N	\N	\N	2025-07-08 09:46:58.938+00	2025-07-08 09:46:58.938+00
bc6a2479-16ed-4e00-8b53-b3b87dfa7ce1	545f9f32-b213-43b6-8324-17f95a3d3133	0ba3e63e-816f-46b4-b48e-e602d622bec9	review_submit	5	f	\N	\N	\N	2025-07-08 09:46:58.938+00	2025-07-08 09:46:58.938+00
9193bce9-6293-4c6c-871c-d181bbed3236	545f9f32-b213-43b6-8324-17f95a3d3133	aca53970-7292-4ffb-be25-7e939b0b8ca9	basic_info	1	t	\N	\N	\N	2025-07-08 10:19:02.876+00	2025-07-08 11:39:16.334+00
0459c0ee-effb-4615-9afa-b7ce2538eddf	545f9f32-b213-43b6-8324-17f95a3d3133	aca53970-7292-4ffb-be25-7e939b0b8ca9	platforms	2	t	\N	\N	\N	2025-07-08 10:19:02.876+00	2025-07-08 11:39:18.178+00
175b9303-60f8-4efa-b850-3f35c09bf7b5	c16f51b4-00df-4c3c-9cd7-13e98f623d89	ef44fa31-e706-4caf-8a64-7fd48515e2dc	platforms	2	t	\N	\N	\N	2025-07-08 12:54:03.314+00	2025-07-08 12:54:31.634+00
e1b73fd5-e9b6-4154-8e7b-cb071469878a	c16f51b4-00df-4c3c-9cd7-13e98f623d89	ef44fa31-e706-4caf-8a64-7fd48515e2dc	creatives	4	f	\N	\N	\N	2025-07-08 12:54:03.314+00	2025-07-08 12:54:03.314+00
87a61fc7-0f20-49a5-97c3-f279e4a79d4e	c16f51b4-00df-4c3c-9cd7-13e98f623d89	ef44fa31-e706-4caf-8a64-7fd48515e2dc	review_submit	5	f	\N	\N	\N	2025-07-08 12:54:03.314+00	2025-07-08 12:54:03.314+00
3375e436-c016-4f70-a995-393de66c2bf7	c16f51b4-00df-4c3c-9cd7-13e98f623d89	ef44fa31-e706-4caf-8a64-7fd48515e2dc	basic_info	1	t	\N	\N	\N	2025-07-08 12:54:03.314+00	2025-07-08 12:54:32.433+00
c7561d5a-1228-46c6-b7d6-535346dc44cb	c16f51b4-00df-4c3c-9cd7-13e98f623d89	ef44fa31-e706-4caf-8a64-7fd48515e2dc	platformConfig	3	t	\N	\N	\N	2025-07-08 12:54:03.314+00	2025-07-08 12:54:52.109+00
45d6e78f-e838-44e2-a5a5-f4b412561f44	545f9f32-b213-43b6-8324-17f95a3d3133	dcfdf36f-45e1-429b-ba86-ae3189af33f6	platforms	2	t	\N	\N	\N	2025-07-08 11:50:55.936+00	2025-07-09 11:52:44.974+00
3a093482-12d8-4b6a-812b-a34130e4bdb1	545f9f32-b213-43b6-8324-17f95a3d3133	dcfdf36f-45e1-429b-ba86-ae3189af33f6	basic_info	1	t	\N	\N	\N	2025-07-08 11:50:55.936+00	2025-07-09 11:52:44.22+00
1b440967-0d07-431c-a4be-f5e472ea424e	545f9f32-b213-43b6-8324-17f95a3d3133	0413489e-2f23-4adb-97e3-8c40f7755892	creatives	4	f	\N	\N	\N	2025-07-09 12:32:01.988+00	2025-07-09 12:32:01.988+00
b68e81e6-d7b6-4a35-8009-4e12adb6a653	545f9f32-b213-43b6-8324-17f95a3d3133	0413489e-2f23-4adb-97e3-8c40f7755892	review_submit	5	f	\N	\N	\N	2025-07-09 12:32:01.988+00	2025-07-09 12:32:01.988+00
94ae2068-ebc1-4c49-983e-c84149c3a663	545f9f32-b213-43b6-8324-17f95a3d3133	0413489e-2f23-4adb-97e3-8c40f7755892	platforms	2	t	\N	\N	\N	2025-07-09 12:32:01.988+00	2025-07-09 12:32:59.238+00
ab4066dc-8390-41f1-87fa-ad4c3fbfaff0	545f9f32-b213-43b6-8324-17f95a3d3133	0413489e-2f23-4adb-97e3-8c40f7755892	platformConfig	3	t	\N	\N	\N	2025-07-09 12:32:01.988+00	2025-07-09 12:34:33.445+00
6f971779-b973-468a-b254-221d78ccb4d0	545f9f32-b213-43b6-8324-17f95a3d3133	0413489e-2f23-4adb-97e3-8c40f7755892	basic_info	1	t	\N	\N	\N	2025-07-09 12:32:01.988+00	2025-07-09 12:32:56.508+00
f475a812-b7ee-48ac-857c-f270f5f8042c	6a6a836d-0a3d-499f-8f37-7f958307a587	d5dd284c-5acb-46f7-b095-34861d6f877b	platforms	2	t	\N	\N	\N	2025-07-10 09:13:20.6+00	2025-07-10 09:14:04.329+00
4e6dfb8a-a7ea-4b68-8394-9be31fd93678	545f9f32-b213-43b6-8324-17f95a3d3133	dafc4adc-ec43-4b83-99e9-48614fcfe44e	basic_info	1	t	\N	\N	\N	2025-07-09 13:41:33.296+00	2025-07-09 13:58:09.196+00
ec37582e-df37-4938-aa32-a32223e12575	6a6a836d-0a3d-499f-8f37-7f958307a587	d5dd284c-5acb-46f7-b095-34861d6f877b	platformConfig	3	t	\N	\N	\N	2025-07-10 09:13:20.6+00	2025-07-10 09:14:16.836+00
17f7143a-4e7a-40f8-bdee-77c338dc7e24	545f9f32-b213-43b6-8324-17f95a3d3133	1da47c15-a250-4b76-a799-ec9b762ac54a	creatives	4	f	\N	\N	\N	2025-07-09 12:58:14.548+00	2025-07-09 12:58:14.548+00
aaa4c93f-2a39-4f56-a9ef-5dcb004c5593	545f9f32-b213-43b6-8324-17f95a3d3133	1da47c15-a250-4b76-a799-ec9b762ac54a	review_submit	5	f	\N	\N	\N	2025-07-09 12:58:14.548+00	2025-07-09 12:58:14.548+00
0e9fe8d4-a966-4885-a66e-02bad9b54d35	545f9f32-b213-43b6-8324-17f95a3d3133	dafc4adc-ec43-4b83-99e9-48614fcfe44e	platforms	2	t	\N	\N	\N	2025-07-09 13:41:33.296+00	2025-07-09 13:58:23.287+00
09c3692e-32b7-43dc-8712-317887794469	545f9f32-b213-43b6-8324-17f95a3d3133	dafc4adc-ec43-4b83-99e9-48614fcfe44e	platformConfig	3	t	\N	\N	\N	2025-07-09 13:41:33.296+00	2025-07-09 13:58:36.371+00
7af52073-ed28-420d-bb11-8bc99739b1f8	545f9f32-b213-43b6-8324-17f95a3d3133	f8b2b515-62b7-4810-8be2-7a410442fe09	creatives	4	f	\N	\N	\N	2025-07-09 14:02:00.867+00	2025-07-09 14:02:00.867+00
d9a010de-7bb7-4b0e-a5bb-be1cc2a39a64	545f9f32-b213-43b6-8324-17f95a3d3133	f8b2b515-62b7-4810-8be2-7a410442fe09	review_submit	5	f	\N	\N	\N	2025-07-09 14:02:00.867+00	2025-07-09 14:02:00.867+00
286cbfc9-0c0e-4a88-ae08-090ddd24b8ca	545f9f32-b213-43b6-8324-17f95a3d3133	1da47c15-a250-4b76-a799-ec9b762ac54a	platforms	2	t	\N	\N	\N	2025-07-09 12:58:14.548+00	2025-07-09 13:35:07.196+00
d0ece684-b23e-4553-b7b8-9a7d1764a50e	545f9f32-b213-43b6-8324-17f95a3d3133	1da47c15-a250-4b76-a799-ec9b762ac54a	basic_info	1	t	\N	\N	\N	2025-07-09 12:58:14.548+00	2025-07-09 13:35:07.933+00
f99e3879-67ac-475b-aae0-eabf56e44a32	545f9f32-b213-43b6-8324-17f95a3d3133	1da47c15-a250-4b76-a799-ec9b762ac54a	platformConfig	3	t	\N	\N	\N	2025-07-09 12:58:14.548+00	2025-07-09 13:35:25.649+00
91bba863-28ff-4f58-862c-7a34a8d38e43	545f9f32-b213-43b6-8324-17f95a3d3133	dafc4adc-ec43-4b83-99e9-48614fcfe44e	creatives	4	f	\N	\N	\N	2025-07-09 13:41:33.296+00	2025-07-09 13:41:33.296+00
d9d11288-bc67-4098-9d9b-eb6e0635fb74	545f9f32-b213-43b6-8324-17f95a3d3133	dafc4adc-ec43-4b83-99e9-48614fcfe44e	review_submit	5	f	\N	\N	\N	2025-07-09 13:41:33.296+00	2025-07-09 13:41:33.296+00
31f2879d-b0d3-4a68-b43f-dbdf7cd7754a	545f9f32-b213-43b6-8324-17f95a3d3133	c04fd7cf-7959-4315-aab8-ba59566a072a	creatives	4	f	\N	\N	\N	2025-07-09 14:36:33.213+00	2025-07-09 14:36:33.213+00
f2ea7097-83ed-4178-828c-2c01b347733d	545f9f32-b213-43b6-8324-17f95a3d3133	c04fd7cf-7959-4315-aab8-ba59566a072a	review_submit	5	f	\N	\N	\N	2025-07-09 14:36:33.213+00	2025-07-09 14:36:33.213+00
deec9b9d-8e98-4a76-8b10-8a57b0d4e3b0	6a6a836d-0a3d-499f-8f37-7f958307a587	caf0cbb8-4a0f-47b1-8e72-a4a74b701cc5	basic_info	1	f	\N	\N	\N	2025-07-10 09:15:08.439+00	2025-07-10 09:15:08.439+00
aac42370-9897-4157-b9e0-1202b3d224e6	6a6a836d-0a3d-499f-8f37-7f958307a587	caf0cbb8-4a0f-47b1-8e72-a4a74b701cc5	platforms	2	f	\N	\N	\N	2025-07-10 09:15:08.439+00	2025-07-10 09:15:08.439+00
b3cef0ea-4bf3-4d9c-b138-6277efe734c6	6a6a836d-0a3d-499f-8f37-7f958307a587	caf0cbb8-4a0f-47b1-8e72-a4a74b701cc5	platformConfig	3	f	\N	\N	\N	2025-07-10 09:15:08.439+00	2025-07-10 09:15:08.439+00
2c510b2f-a826-41a3-a593-c00b9d486ead	6a6a836d-0a3d-499f-8f37-7f958307a587	caf0cbb8-4a0f-47b1-8e72-a4a74b701cc5	creatives	4	f	\N	\N	\N	2025-07-10 09:15:08.439+00	2025-07-10 09:15:08.439+00
d6f4e424-7b19-4993-84e1-b4f6886e4f11	6a6a836d-0a3d-499f-8f37-7f958307a587	caf0cbb8-4a0f-47b1-8e72-a4a74b701cc5	review_submit	5	f	\N	\N	\N	2025-07-10 09:15:08.439+00	2025-07-10 09:15:08.439+00
a034fc45-961e-4b11-82ab-2e849a037bd8	6a6a836d-0a3d-499f-8f37-7f958307a587	84c97357-9ed6-40f4-8a7f-38910938125c	creatives	4	f	\N	\N	\N	2025-07-10 09:21:53.897+00	2025-07-10 09:21:53.897+00
69cc13cd-b0df-4285-842f-460fb3cf08e5	6a6a836d-0a3d-499f-8f37-7f958307a587	84c97357-9ed6-40f4-8a7f-38910938125c	review_submit	5	f	\N	\N	\N	2025-07-10 09:21:53.897+00	2025-07-10 09:21:53.897+00
1445d3a5-133f-478e-bb88-8747ca005444	545f9f32-b213-43b6-8324-17f95a3d3133	c04fd7cf-7959-4315-aab8-ba59566a072a	platforms	2	t	\N	\N	\N	2025-07-09 14:36:33.213+00	2025-07-11 10:20:27.813+00
607fc94a-1011-46f7-920e-e9351665ca1a	545f9f32-b213-43b6-8324-17f95a3d3133	c04fd7cf-7959-4315-aab8-ba59566a072a	basic_info	1	t	\N	\N	\N	2025-07-09 14:36:33.213+00	2025-07-11 10:20:28.57+00
26bcaef6-5193-449d-ad07-6b7405f48cf9	6a6a836d-0a3d-499f-8f37-7f958307a587	84c97357-9ed6-40f4-8a7f-38910938125c	basic_info	1	t	\N	\N	\N	2025-07-10 09:21:53.897+00	2025-07-10 13:19:44.228+00
0a9b5ae3-16f2-4422-9cd9-041ba550e0ca	6a6a836d-0a3d-499f-8f37-7f958307a587	84c97357-9ed6-40f4-8a7f-38910938125c	platformConfig	3	t	\N	\N	\N	2025-07-10 09:21:53.897+00	2025-07-10 13:19:48.121+00
fe3d2104-dce4-4be1-89a9-b1dac9be027d	6a6a836d-0a3d-499f-8f37-7f958307a587	84c97357-9ed6-40f4-8a7f-38910938125c	platforms	2	t	\N	\N	\N	2025-07-10 09:21:53.897+00	2025-07-10 13:23:42.915+00
28fcf025-9acc-40dd-9b93-7b59098697de	6a6a836d-0a3d-499f-8f37-7f958307a587	09486da4-10d1-47e7-b3dd-1348459255de	basic_info	1	t	\N	\N	\N	2025-07-10 10:03:42.606+00	2025-07-10 12:15:31.054+00
efbbb0be-2509-4e11-bd93-5f318a4411a8	6a6a836d-0a3d-499f-8f37-7f958307a587	09486da4-10d1-47e7-b3dd-1348459255de	creatives	4	f	\N	\N	\N	2025-07-10 10:03:42.606+00	2025-07-10 10:03:42.606+00
6482cbd9-4002-4c28-875a-ff4a158510e0	6a6a836d-0a3d-499f-8f37-7f958307a587	d5dd284c-5acb-46f7-b095-34861d6f877b	creatives	4	f	\N	\N	\N	2025-07-10 09:13:20.6+00	2025-07-10 09:13:20.6+00
02b79680-11a3-4086-a8e8-b9f10e854ecc	6a6a836d-0a3d-499f-8f37-7f958307a587	d5dd284c-5acb-46f7-b095-34861d6f877b	review_submit	5	f	\N	\N	\N	2025-07-10 09:13:20.6+00	2025-07-10 09:13:20.6+00
bc357dc5-289e-49c1-ad4c-22ced8c8f6ce	6a6a836d-0a3d-499f-8f37-7f958307a587	d5dd284c-5acb-46f7-b095-34861d6f877b	basic_info	1	t	\N	\N	\N	2025-07-10 09:13:20.6+00	2025-07-10 09:14:03.323+00
65cade9a-7eee-4922-8e36-a78732e173b8	6a6a836d-0a3d-499f-8f37-7f958307a587	09486da4-10d1-47e7-b3dd-1348459255de	review_submit	5	f	\N	\N	\N	2025-07-10 10:03:42.606+00	2025-07-10 10:03:42.606+00
7fe80bfa-c8cd-493a-919e-ca8bcfed4781	6a6a836d-0a3d-499f-8f37-7f958307a587	87ab5681-2967-4ab1-83fa-413c3e262fd8	creatives	4	f	\N	\N	\N	2025-07-10 13:24:10.613+00	2025-07-10 13:24:10.613+00
cb43c40d-510a-4aa9-a9fc-2a00a2b953c7	6a6a836d-0a3d-499f-8f37-7f958307a587	87ab5681-2967-4ab1-83fa-413c3e262fd8	review_submit	5	f	\N	\N	\N	2025-07-10 13:24:10.613+00	2025-07-10 13:24:10.613+00
6b6c4e0d-f619-4d63-919a-3d09211f435c	6a6a836d-0a3d-499f-8f37-7f958307a587	09486da4-10d1-47e7-b3dd-1348459255de	platforms	2	t	\N	\N	\N	2025-07-10 10:03:42.606+00	2025-07-10 12:17:52.672+00
9a734ebc-7ec8-4150-a160-154ee3548fa2	6a6a836d-0a3d-499f-8f37-7f958307a587	09486da4-10d1-47e7-b3dd-1348459255de	platformConfig	3	t	\N	\N	\N	2025-07-10 10:03:42.606+00	2025-07-10 12:18:31.084+00
a6f82349-9631-4888-8112-c1d4d355882c	545f9f32-b213-43b6-8324-17f95a3d3133	f8b2b515-62b7-4810-8be2-7a410442fe09	platformConfig	3	t	\N	\N	\N	2025-07-09 14:02:00.867+00	2025-07-10 13:09:25.737+00
e34fb7b8-e84a-4c23-a9d9-349d1a95abb8	6a6a836d-0a3d-499f-8f37-7f958307a587	87ab5681-2967-4ab1-83fa-413c3e262fd8	basic_info	1	t	\N	\N	\N	2025-07-10 13:24:10.613+00	2025-07-10 13:28:56.629+00
4ce8f110-c680-4f09-9f33-2891a4bc88a9	6a6a836d-0a3d-499f-8f37-7f958307a587	87ab5681-2967-4ab1-83fa-413c3e262fd8	platforms	2	t	\N	\N	\N	2025-07-10 13:24:10.613+00	2025-07-10 13:28:57.414+00
35343b36-3f92-4a38-bece-e29ee8df627e	6a6a836d-0a3d-499f-8f37-7f958307a587	87ab5681-2967-4ab1-83fa-413c3e262fd8	platformConfig	3	t	\N	\N	\N	2025-07-10 13:24:10.613+00	2025-07-10 13:29:23.13+00
9bac60d6-b4f5-4878-9eaf-0a3d09f6f336	545f9f32-b213-43b6-8324-17f95a3d3133	c04fd7cf-7959-4315-aab8-ba59566a072a	platformConfig	3	t	\N	\N	\N	2025-07-09 14:36:33.213+00	2025-07-11 11:38:19.188+00
68e7739e-4d4f-407a-880a-e72d45507d2e	6a6a836d-0a3d-499f-8f37-7f958307a587	ca4533e1-5f70-4a19-bbcd-1e4159ed9cee	basic_info	1	t	\N	\N	\N	2025-07-10 13:42:47.361+00	2025-07-11 09:43:58.556+00
2494c02d-5e4b-4d28-ba0f-54d368fe7fb5	545f9f32-b213-43b6-8324-17f95a3d3133	f8b2b515-62b7-4810-8be2-7a410442fe09	basic_info	1	t	\N	\N	\N	2025-07-09 14:02:00.867+00	2025-07-10 12:40:48.769+00
92983cc4-2338-4ab8-a064-ca045852cd9b	545f9f32-b213-43b6-8324-17f95a3d3133	f8b2b515-62b7-4810-8be2-7a410442fe09	platforms	2	t	\N	\N	\N	2025-07-09 14:02:00.867+00	2025-07-10 12:40:49.547+00
69d040a7-fde2-47a3-b416-0f201be320a1	6a6a836d-0a3d-499f-8f37-7f958307a587	ca4533e1-5f70-4a19-bbcd-1e4159ed9cee	creatives	4	f	\N	\N	\N	2025-07-10 13:42:47.361+00	2025-07-10 13:42:47.361+00
40de6e57-be3f-41b9-961c-f02fb26763dd	6a6a836d-0a3d-499f-8f37-7f958307a587	ca4533e1-5f70-4a19-bbcd-1e4159ed9cee	review_submit	5	f	\N	\N	\N	2025-07-10 13:42:47.361+00	2025-07-10 13:42:47.361+00
d5f709d9-d2e4-444a-81ca-7920df6809a7	6a6a836d-0a3d-499f-8f37-7f958307a587	ca4533e1-5f70-4a19-bbcd-1e4159ed9cee	platforms	2	t	\N	\N	\N	2025-07-10 13:42:47.361+00	2025-07-11 09:44:18.492+00
65242b0c-10c4-40de-aa1e-925a18a87c54	6a6a836d-0a3d-499f-8f37-7f958307a587	ca4533e1-5f70-4a19-bbcd-1e4159ed9cee	platformConfig	3	t	\N	\N	\N	2025-07-10 13:42:47.361+00	2025-07-11 09:45:52.7+00
cb4063c5-8a00-4ef8-bc96-e8f41d4175c7	545f9f32-b213-43b6-8324-17f95a3d3133	c1528e0f-d48d-44e3-8f68-1938a1f36af6	creatives	4	f	\N	\N	\N	2025-07-11 11:39:27.815+00	2025-07-11 11:39:27.815+00
6da6ba25-a825-484a-9536-02d46acf9922	545f9f32-b213-43b6-8324-17f95a3d3133	c1528e0f-d48d-44e3-8f68-1938a1f36af6	review_submit	5	f	\N	\N	\N	2025-07-11 11:39:27.815+00	2025-07-11 11:39:27.815+00
92e8b1db-f875-4b02-8c94-d903819cfb41	545f9f32-b213-43b6-8324-17f95a3d3133	c1528e0f-d48d-44e3-8f68-1938a1f36af6	platformConfig	3	t	\N	\N	\N	2025-07-11 11:39:27.815+00	2025-07-15 10:03:49.752+00
36be4454-155c-47f5-8e9a-2a92b7b9b29a	d68a6f7a-c306-45e1-a841-ee293f50352c	1105db51-e162-4ae2-8595-f47a38cdcf2b	basic_info	1	t	\N	\N	\N	2025-07-25 05:30:31.303+00	2025-07-25 05:31:39.88+00
5b8f67f8-daaf-4613-8114-c54d89c2c5ec	545f9f32-b213-43b6-8324-17f95a3d3133	c1528e0f-d48d-44e3-8f68-1938a1f36af6	basic_info	1	t	\N	\N	\N	2025-07-11 11:39:27.815+00	2025-07-15 09:45:18.794+00
57ebb0c1-2dcd-41a7-a240-ae2d2c4047bb	545f9f32-b213-43b6-8324-17f95a3d3133	c1528e0f-d48d-44e3-8f68-1938a1f36af6	platforms	2	t	\N	\N	\N	2025-07-11 11:39:27.815+00	2025-07-15 09:45:29.669+00
0af8a1fe-8c6a-4747-82a5-9eafc3d0a2c4	d68a6f7a-c306-45e1-a841-ee293f50352c	1105db51-e162-4ae2-8595-f47a38cdcf2b	creatives	4	f	\N	\N	\N	2025-07-25 05:30:31.303+00	2025-07-25 05:30:31.303+00
086235d0-2485-4b0e-aad9-e3d9c4f06b7f	d68a6f7a-c306-45e1-a841-ee293f50352c	1105db51-e162-4ae2-8595-f47a38cdcf2b	review_submit	5	f	\N	\N	\N	2025-07-25 05:30:31.303+00	2025-07-25 05:30:31.303+00
b6612816-3019-4082-a3d2-92394f1afe32	d68a6f7a-c306-45e1-a841-ee293f50352c	1105db51-e162-4ae2-8595-f47a38cdcf2b	platforms	2	t	\N	\N	\N	2025-07-25 05:30:31.303+00	2025-07-25 05:31:53.809+00
5688d25f-b484-4f44-b5e2-a8ce4f392a8d	d68a6f7a-c306-45e1-a841-ee293f50352c	1105db51-e162-4ae2-8595-f47a38cdcf2b	platformConfig	3	t	\N	\N	\N	2025-07-25 05:30:31.303+00	2025-07-25 05:35:35.941+00
\.


--
-- Data for Name: enhanced_assets; Type: TABLE DATA; Schema: public; Owner: postgres
--

COPY "public"."enhanced_assets" ("id", "org_id", "created_by", "name", "description", "asset_type", "url", "mime_type", "size_bytes", "width", "height", "duration_seconds", "metadata", "created_at", "updated_at") FROM stdin;
\.


--
-- Data for Name: creative_assets; Type: TABLE DATA; Schema: public; Owner: postgres
--

COPY "public"."creative_assets" ("creative_id", "enhanced_asset_id", "position", "created_at") FROM stdin;
\.


--
-- Data for Name: email_addresses; Type: TABLE DATA; Schema: public; Owner: postgres
--

COPY "public"."email_addresses" ("id", "user_id", "email_address", "verification_status", "verification_strategy", "created_at", "updated_at") FROM stdin;
\.


--
-- Data for Name: email_configurations; Type: TABLE DATA; Schema: public; Owner: postgres
--

COPY "public"."email_configurations" ("id", "org_id", "from_domain", "from_name", "from_email", "reply_to_email", "logo_url", "primary_color", "footer_text", "enable_notifications", "enable_marketing_emails", "business_hours_start", "business_hours_end", "timezone", "created_at", "updated_at") FROM stdin;
\.


--
-- Data for Name: email_templates; Type: TABLE DATA; Schema: public; Owner: postgres
--

COPY "public"."email_templates" ("id", "org_id", "email_configuration_id", "template_type", "name", "description", "subject", "html_content", "text_content", "variables", "is_system", "is_active", "version", "created_at", "updated_at") FROM stdin;
5e350111-08fe-4af6-98a3-651b51a17ebd	\N	\N	onboarding_abandonment_reminder	Day 1  Onboarding Reminder	\N	Just one step away from launching your campaign 	\n        <html>\n        <head>\n          <style>\n            @media only screen and (max-width: 600px) {\n              .container { padding: 20px !important; }\n              .cta-button { width: 100% !important; text-align: center !important; }\n            }\n          </style>\n        </head>\n        <body style="font-family: Arial, sans-serif; background-color: #e9f1fb; margin: 0; padding: 40px;">\n          <div class="container" style="max-width: 600px; margin: auto; background: #ffffff; padding: 30px; border-radius: 10px; box-shadow: 0 0 8px rgba(0,0,0,0.05);">\n            <h2 style="color: #4A90E2;"> Just a Step Away from Launching!</h2>\n            <p style="font-size: 16px;">Hi {{firstName}},</p>\n            <p style="font-size: 16px;">We noticed you didnt finish setting up your Campaign Pulse account. Great campaigns start with actiondont let your momentum fade!</p>\n            <p style="font-size: 16px;">With Campaign Pulse, you can track engagement, manage audiences, and drive conversions effortlessly.</p>\n            <a class="cta-button" href="#" style="display: inline-block; margin: 20px 0; padding: 12px 24px; background-color: #4A90E2; color: white; text-decoration: none; border-radius: 5px;">Complete Your Setup</a>\n            <p style="font-size: 14px; color: #666;">Need a hand? <a href="mailto:support@campaignpulse.com">support@campaignpulse.com</a></p>\n            <p style="font-size: 14px; color: #999;"> Team Campaign Pulse</p>\n          </div>\n        </body>\n        </html>\n      	\N	"test"	t	t	1	2025-07-01 15:25:28.701+00	2025-07-01 15:25:28.701+00
491b4f58-55fd-41fa-b6bf-6630f07e036d	\N	\N	onboarding_abandonment_reminder	Day 4  Urgency Reminder	\N	 Your dashboard is waiting  dont miss out!	\n        <html>\n        <head>\n          <style>\n            @media only screen and (max-width: 600px) {\n              .container { padding: 20px !important; }\n              .cta-button { width: 100% !important; text-align: center !important; }\n            }\n          </style>\n        </head>\n        <body style="font-family: Arial, sans-serif; background-color: #e9f1fb; margin: 0; padding: 40px;">\n          <div class="container" style="max-width: 600px; margin: auto; background: #ffffff; padding: 30px; border-radius: 10px; box-shadow: 0 0 8px rgba(0,0,0,0.05);">\n            <h2 style="color: #4A90E2;"> Dont Miss Out On a Powerful Start</h2>\n            <p style="font-size: 16px;">Hey {{firstName}},</p>\n            <p style="font-size: 16px;">Its been a few days and your dashboard is still waiting. Campaign Pulse makes it easy to launch targeted campaigns in minutes.</p>\n            <p style="font-size: 16px;">Youre closer than ever to building something impactfuljust finalize your setup to unlock analytics, automation, and growth tools.</p>\n            <a class="cta-button" href="#" style="display: inline-block; margin: 20px 0; padding: 12px 24px; background-color: #4A90E2; color: white; text-decoration: none; border-radius: 5px;">Get Started Now</a>\n            <p style="font-size: 14px; color: #666;">Questions? <a href="mailto:support@campaignpulse.com">support@campaignpulse.com</a></p>\n            <p style="font-size: 14px; color: #999;"> Team Campaign Pulse</p>\n          </div>\n        </body>\n        </html>\n      	\N	"test"	t	t	2	2025-07-01 15:25:29.993+00	2025-07-01 15:25:29.993+00
ab08e8f8-ac75-43f9-a8bd-4067574084a6	\N	\N	onboarding_abandonment_reminder	Day 7  Final Reminder	\N	 Last chance to unlock your bonus checklist!	\n        <html>\n        <head>\n          <style>\n            @media only screen and (max-width: 600px) {\n              .container { padding: 20px !important; }\n              .cta-button { width: 100% !important; text-align: center !important; }\n            }\n          </style>\n        </head>\n        <body style="font-family: Arial, sans-serif; background-color: #e9f1fb; margin: 0; padding: 40px;">\n          <div class="container" style="max-width: 600px; margin: auto; background: #ffffff; padding: 30px; border-radius: 10px; box-shadow: 0 0 8px rgba(0,0,0,0.05);">\n            <h2 style="color: #4A90E2;"> Final Call: Lets Get Your Campaign Live</h2>\n            <p style="font-size: 16px;">Hi {{firstName}},</p>\n            <p style="font-size: 16px;">This is your final reminder to complete onboarding. Thousands of marketers trust Campaign Pulse to simplify workflows and boost ROI.</p>\n            <p style="font-size: 16px;">Finish setup today and receive a free campaign performance checklist as a bonus </p>\n            <a class="cta-button" href="#" style="display: inline-block; margin: 20px 0; padding: 12px 24px; background-color: #4A90E2; color: white; text-decoration: none; border-radius: 5px;">Finish Setup & Claim Bonus</a>\n            <p style="font-size: 14px; color: #666;">Need support? <a href="mailto:support@campaignpulse.com">support@campaignpulse.com</a></p>\n            <p style="font-size: 14px; color: #999;"> Team Campaign Pulse</p>\n          </div>\n        </body>\n        </html>\n      	\N	"test"	t	t	3	2025-07-01 15:25:31.269+00	2025-07-01 15:25:31.269+00
253d8beb-131e-423f-93ec-94b2424ffea2	\N	\N	user_invitation	User Invitation Email	\N	Youre invited to join {{orgName}} on Campaign Pulse!	\n    <html>\n      <head>\n        <style>\n          body {\n            font-family: Arial, sans-serif;\n            color: #333333;\n            background-color: #F9F9F9;\n            padding: 20px;\n          }\n          .container {\n            max-width: 600px;\n            margin: 0 auto;\n            background-color: #FFFFFF;\n            padding: 30px;\n            border-radius: 8px;\n            box-shadow: 0 2px 8px rgba(0, 0, 0, 0.05);\n          }\n          .header {\n            font-size: 20px;\n            font-weight: bold;\n            color: #2C3E50;\n            margin-bottom: 20px;\n          }\n          .content {\n            font-size: 16px;\n            line-height: 1.6;\n          }\n          .highlight {\n            font-weight: bold;\n            color: #2C3E50;\n          }\n          .button {\n            display: inline-block;\n            margin-top: 20px;\n            padding: 12px 20px;\n            background-color: #4F46E5;\n            text-decoration: none;\n            border-radius: 6px;\n            font-weight: bold;\n          }\n          .footer {\n            margin-top: 30px;\n            font-size: 14px;\n            color: #888888;\n          }\n          .code-box {\n            margin-top: 20px;\n            padding: 10px 15px;\n            background-color: #F1F5F9;\n            border: 1px dashed #4F46E5;\n            border-radius: 6px;\n            display: inline-block;\n            font-family: monospace;\n            font-size: 15px;\n            color: #1E293B;\n          }\n        </style>\n      </head>\n      <body>\n        <div class="container">\n          <div class="header">You're Invited!</div>\n          <div class="content">\n            Hi there,<br><br>\n            You have been invited to join <span class="highlight">{{orgName}}</span> as a\n            <span class="highlight">{{roleName}}</span>.<br><br>\n            Please click the button below to accept the invitation:\n            <br><br>\n            <a href="{{inviteLink}}" class="button" style="color: #FFFFFF !important;">Accept Invitation</a>\n            <br><br>\n            Or use this invite code if needed:\n            <div class="code-box">{{inviteCode}}</div>\n            <br><br>\n            This invite will expire in 7 days.\n          </div>\n          <div class="footer">\n            If you did not expect this invitation, you can ignore this email.\n          </div>\n        </div>\n      </body>\n    </html>	\N	"test"	t	t	1	2025-07-01 15:25:32.54+00	2025-07-01 15:25:32.54+00
8a5d27e8-98ff-4d54-8f8d-049f6171701f	\N	\N	campaign_submission_confirmation	Campaign Submission Confirmation	\N	Your campaign {{campaignName}} has been submitted!	\n    <div style="font-family: Arial, sans-serif; max-width: 600px; margin: auto; padding: 25px; background: #f9f9f9; border: 1px solid #ddd; border-radius: 8px; color: #333;">\n      <h2 style="color: #2c3e50; margin-bottom: 15px; border-bottom: 2px solid #2980b9; padding-bottom: 8px;">Campaign Submission Confirmation</h2>\n\n      <p style="font-size: 16px; line-height: 1.6; margin-bottom: 20px;">\n        Hello,<br><br>\n        We are pleased to inform you that your campaign <strong style="color: #2980b9;">{{campaignName}}</strong> has been successfully submitted and is now under review.\n      </p>\n\n      <table style="width: 100%; margin: 20px 0; border-collapse: collapse; font-size: 15px;">\n        <tr>\n          <td style="padding: 10px; font-weight: bold; background-color: #ecf0f1; border: 1px solid #ddd; width: 30%;">Budget:</td>\n          <td style="padding: 10px; background-color: #ecf0f1; border: 1px solid #ddd;">{{budget}}</td>\n        </tr>\n        <tr>\n          <td style="padding: 10px; font-weight: bold; background-color: #ffffff; border: 1px solid #ddd;">Targeting Platforms:</td>\n          <td style="padding: 10px; background-color: #ffffff; border: 1px solid #ddd;">{{targeting}}</td>\n        </tr>\n        <tr>\n          <td style="padding: 10px; font-weight: bold; background-color: #ecf0f1; border: 1px solid #ddd;">Objective:</td>\n          <td style="padding: 10px; background-color: #ecf0f1; border: 1px solid #ddd;">{{objective}}</td>\n        </tr>\n      </table>\n\n      <p style="font-size: 16px; line-height: 1.6; margin-bottom: 20px;">\n        <strong>Next Steps:</strong><br>\n        {{nextSteps}}\n      </p>\n\n      <p style="font-size: 14px; color: #555; margin-top: 30px; line-height: 1.4;">\n        If you have any questions or need assistance, please feel free to reply to this email or contact our support team.<br><br>\n        Best regards,<br>\n        <em style="color: #2980b9;">Team Campaign Pulse</em>\n      </p>\n\n      <hr style="border: none; border-top: 1px solid #ddd; margin: 30px 0;" />\n\n      <p style="font-size: 12px; color: #999; text-align: center;">\n         2025 Campaign Pulse. All rights reserved.<br>\n        You are receiving this email because you created a campaign on Campaign Pulse.\n      </p>\n    </div>\n    	\N	"test"	t	t	1	2025-07-01 15:25:33.818+00	2025-07-01 15:25:33.818+00
044ea2f6-ae45-41de-ab72-7bfb3b914f6c	\N	\N	custom	Account Created with Temporary Password	\N	Your Campaign Pulse account is ready to use!	\n    <html>\n      <body style="margin:0;padding:0;background-color:#f9f9f9;font-family:Arial,sans-serif;color:#333333;">\n        <table width="100%" cellpadding="0" cellspacing="0" style="padding:20px 0;">\n          <tr>\n            <td align="center">\n              <table width="600" cellpadding="0" cellspacing="0" style="width:100%;max-width:600px;background-color:#ffffff;padding:30px;border-radius:8px;box-shadow:0 2px 8px rgba(0,0,0,0.05);">\n                <tr>\n                  <td style="font-size:20px;font-weight:bold;color:#1f2937;padding-bottom:20px;">\n                    Your Account is Ready\n                  </td>\n                </tr>\n                <tr>\n                  <td style="font-size:16px;line-height:1.6;">\n                    Hello <span style="font-weight:bold;color:#111827;">{{userName}}</span>,<br /><br />\n                    Your account has been created successfully. You can log in using the temporary password below.\n                    <br /><br />\n                    <strong>Login Email:</strong> {{userEmail}}<br />\n                    <strong>Temporary Password:</strong><br />\n                    <span style="display:inline-block;margin:10px 0;padding:10px 15px;background-color:#f3f4f6;border:1px dashed #6366F1;border-radius:6px;font-family:monospace;font-size:15px;color:#1e293b;">\n                      {{tempPassword}}\n                    </span>\n                    <br /><br />\n                    Click the button below to log in:\n                    <br /><br />\n                    <a href="{{loginLink}}" style="display:inline-block;padding:12px 20px;background-color:#4f46e5;color:#ffffff !important;text-decoration:none;border-radius:6px;font-weight:bold;">\n                      Log In\n                    </a>\n                    <br /><br />\n                    For your security, please change your password after logging in.\n                  </td>\n                </tr>\n                <tr>\n                  <td style="font-size:14px;color:#888888;padding-top:30px;">\n                    If you did not expect this email, you can safely ignore it.\n                  </td>\n                </tr>\n              </table>\n            </td>\n          </tr>\n        </table>\n      </body>\n    </html>\n    	\N	"test"	t	t	1	2025-07-01 15:25:35.098+00	2025-07-01 15:25:35.098+00
\.


--
-- Data for Name: email_automation_rules; Type: TABLE DATA; Schema: public; Owner: postgres
--

COPY "public"."email_automation_rules" ("id", "org_id", "email_template_id", "name", "description", "trigger_type", "trigger_conditions", "delay_minutes", "is_active", "last_triggered_at", "created_at", "updated_at") FROM stdin;
\.


--
-- Data for Name: email_notifications; Type: TABLE DATA; Schema: public; Owner: postgres
--

COPY "public"."email_notifications" ("id", "org_id", "email_configuration_id", "email_template_id", "to_email", "to_name", "user_id", "subject", "html_content", "text_content", "from_email", "from_name", "reply_to_email", "status", "priority", "scheduled_at", "sent_at", "delivered_at", "trigger_type", "trigger_entity_id", "trigger_entity_type", "provider_message_id", "provider_data", "error_message", "retry_count", "max_retries", "metadata", "template_variables", "created_at", "updated_at") FROM stdin;
\.


--
-- Data for Name: email_events; Type: TABLE DATA; Schema: public; Owner: postgres
--

COPY "public"."email_events" ("id", "email_notification_id", "event_type", "timestamp", "user_agent", "ip_address", "location", "provider_event_id", "provider_data", "clicked_url", "link_id", "bounce_type", "bounce_reason", "created_at") FROM stdin;
\.


--
-- Data for Name: external_accounts; Type: TABLE DATA; Schema: public; Owner: postgres
--

COPY "public"."external_accounts" ("id", "user_id", "provider_type", "provider_user_id", "created_at", "updated_at") FROM stdin;
\.


--
-- Data for Name: history_log; Type: TABLE DATA; Schema: public; Owner: postgres
--

COPY "public"."history_log" ("id", "userId", "entityType", "entityId", "orgId", "action", "previousData", "newData", "createdAt") FROM stdin;
653b528c-6aa8-4ebd-acdb-8010a14ed1c6	6c606592-973b-48fe-a459-7368e775dfc5	insertion order	bec9e4f7-784c-4c32-bd2e-7223b67053f7	fcb7f88c-6f3c-4a3c-9768-2760dac115b1	Updated fields: name	{"id": "bec9e4f7-784c-4c32-bd2e-7223b67053f7", "name": "political io", "orgId": "fcb7f88c-6f3c-4a3c-9768-2760dac115b1", "status": "draft", "endDate": "2025-07-04T00:00:00.000Z", "iqmIoId": 5696, "createdAt": "2025-07-02T09:36:15.308Z", "createdBy": "6c606592-973b-48fe-a459-7368e775dfc5", "startDate": "2025-07-03T00:00:00.000Z", "updatedAt": "2025-07-02T09:36:26.108Z", "budgetType": "currency", "timezoneId": 423, "description": "test", "totalBudget": 4562.0, "iqmBudgetDay": null, "iqmPerformanceGoal": null, "platformReferences": {"ioId": 5696, "owId": 2148, "ioName": "political io", "ioEndTime": 1751587200000, "ioStatusId": 1, "ioStartTime": 1751500800000, "ioTimeZoneId": 423, "ioTotalBudget": 4562, "createdByUowId": 41148, "ioBudgetTypeId": 1, "isIoPrioritise": false, "modifiedByUowId": 41148, "ioCurrentPriority": null, "ioTotalImpressions": null, "ioLastPriorityShift": null, "ioNextPerformanceCheck": null, "isAutoSumIoTotalBudget": false, "ioBudgetDistributionMethodId": 1}, "iqmDistributionMethodId": null, "budgetDistributionMethod": "manual"}	{"id": "bec9e4f7-784c-4c32-bd2e-7223b67053f7", "name": "political iom", "orgId": "fcb7f88c-6f3c-4a3c-9768-2760dac115b1", "status": "draft", "endDate": "2025-07-04T00:00:00.000Z", "iqmIoId": 5696, "createdAt": "2025-07-02T09:36:15.308Z", "createdBy": "6c606592-973b-48fe-a459-7368e775dfc5", "startDate": "2025-07-03T00:00:00.000Z", "updatedAt": "2025-07-02T10:39:56.782Z", "budgetType": "currency", "timezoneId": 423, "description": "test", "totalBudget": 4562.0, "iqmBudgetDay": null, "iqmPerformanceGoal": null, "platformReferences": {"ioId": 5696, "owId": 2148, "ioName": "political io", "ioEndTime": 1751587200000, "ioStatusId": 1, "ioStartTime": 1751500800000, "ioTimeZoneId": 423, "ioTotalBudget": 4562, "createdByUowId": 41148, "ioBudgetTypeId": 1, "isIoPrioritise": false, "modifiedByUowId": 41148, "ioCurrentPriority": null, "ioTotalImpressions": null, "ioLastPriorityShift": null, "ioNextPerformanceCheck": null, "isAutoSumIoTotalBudget": false, "ioBudgetDistributionMethodId": 1}, "iqmDistributionMethodId": null, "budgetDistributionMethod": "manual"}	2025-07-02 10:39:58.086
0b6ed010-bc9a-416a-8245-a2f892e5e222	6c606592-973b-48fe-a459-7368e775dfc5	insertion order	bec9e4f7-784c-4c32-bd2e-7223b67053f7	fcb7f88c-6f3c-4a3c-9768-2760dac115b1	Updated fields: name	{"id": "bec9e4f7-784c-4c32-bd2e-7223b67053f7", "name": "political iom", "orgId": "fcb7f88c-6f3c-4a3c-9768-2760dac115b1", "status": "draft", "endDate": "2025-07-04T00:00:00.000Z", "iqmIoId": 5696, "createdAt": "2025-07-02T09:36:15.308Z", "createdBy": "6c606592-973b-48fe-a459-7368e775dfc5", "startDate": "2025-07-03T00:00:00.000Z", "updatedAt": "2025-07-02T10:39:56.782Z", "budgetType": "currency", "timezoneId": 423, "description": "test", "totalBudget": 4562.0, "iqmBudgetDay": null, "iqmPerformanceGoal": null, "platformReferences": {"ioId": 5696, "owId": 2148, "ioName": "political io", "ioEndTime": 1751587200000, "ioStatusId": 1, "ioStartTime": 1751500800000, "ioTimeZoneId": 423, "ioTotalBudget": 4562, "createdByUowId": 41148, "ioBudgetTypeId": 1, "isIoPrioritise": false, "modifiedByUowId": 41148, "ioCurrentPriority": null, "ioTotalImpressions": null, "ioLastPriorityShift": null, "ioNextPerformanceCheck": null, "isAutoSumIoTotalBudget": false, "ioBudgetDistributionMethodId": 1}, "iqmDistributionMethodId": null, "budgetDistributionMethod": "manual"}	{"id": "bec9e4f7-784c-4c32-bd2e-7223b67053f7", "name": "political ioe", "orgId": "fcb7f88c-6f3c-4a3c-9768-2760dac115b1", "status": "draft", "endDate": "2025-07-04T00:00:00.000Z", "iqmIoId": 5696, "createdAt": "2025-07-02T09:36:15.308Z", "createdBy": "6c606592-973b-48fe-a459-7368e775dfc5", "startDate": "2025-07-03T00:00:00.000Z", "updatedAt": "2025-07-02T10:47:09.895Z", "budgetType": "currency", "timezoneId": 423, "description": "test", "totalBudget": 4562.0, "iqmBudgetDay": null, "iqmPerformanceGoal": null, "platformReferences": {"ioId": 5696, "owId": 2148, "ioName": "political io", "ioEndTime": 1751587200000, "ioStatusId": 1, "ioStartTime": 1751500800000, "ioTimeZoneId": 423, "ioTotalBudget": 4562, "createdByUowId": 41148, "ioBudgetTypeId": 1, "isIoPrioritise": false, "modifiedByUowId": 41148, "ioCurrentPriority": null, "ioTotalImpressions": null, "ioLastPriorityShift": null, "ioNextPerformanceCheck": null, "isAutoSumIoTotalBudget": false, "ioBudgetDistributionMethodId": 1}, "iqmDistributionMethodId": null, "budgetDistributionMethod": "manual"}	2025-07-02 10:47:11.21
86cf90be-ccc1-4572-afca-99ca28cc3711	6c606592-973b-48fe-a459-7368e775dfc5	insertion order	bec9e4f7-784c-4c32-bd2e-7223b67053f7	fcb7f88c-6f3c-4a3c-9768-2760dac115b1	Updated fields: name	{"id": "bec9e4f7-784c-4c32-bd2e-7223b67053f7", "name": "political ioe", "orgId": "fcb7f88c-6f3c-4a3c-9768-2760dac115b1", "status": "draft", "endDate": "2025-07-04T00:00:00.000Z", "iqmIoId": 5696, "createdAt": "2025-07-02T09:36:15.308Z", "createdBy": "6c606592-973b-48fe-a459-7368e775dfc5", "startDate": "2025-07-03T00:00:00.000Z", "updatedAt": "2025-07-02T10:47:09.895Z", "budgetType": "currency", "timezoneId": 423, "description": "test", "totalBudget": 4562.0, "iqmBudgetDay": null, "iqmPerformanceGoal": null, "platformReferences": {"ioId": 5696, "owId": 2148, "ioName": "political io", "ioEndTime": 1751587200000, "ioStatusId": 1, "ioStartTime": 1751500800000, "ioTimeZoneId": 423, "ioTotalBudget": 4562, "createdByUowId": 41148, "ioBudgetTypeId": 1, "isIoPrioritise": false, "modifiedByUowId": 41148, "ioCurrentPriority": null, "ioTotalImpressions": null, "ioLastPriorityShift": null, "ioNextPerformanceCheck": null, "isAutoSumIoTotalBudget": false, "ioBudgetDistributionMethodId": 1}, "iqmDistributionMethodId": null, "budgetDistributionMethod": "manual"}	{"id": "bec9e4f7-784c-4c32-bd2e-7223b67053f7", "name": "political ok", "orgId": "fcb7f88c-6f3c-4a3c-9768-2760dac115b1", "status": "draft", "endDate": "2025-07-04T00:00:00.000Z", "iqmIoId": 5696, "createdAt": "2025-07-02T09:36:15.308Z", "createdBy": "6c606592-973b-48fe-a459-7368e775dfc5", "startDate": "2025-07-03T00:00:00.000Z", "updatedAt": "2025-07-02T10:48:51.326Z", "budgetType": "currency", "timezoneId": 423, "description": "test", "totalBudget": 4562.0, "iqmBudgetDay": null, "iqmPerformanceGoal": null, "platformReferences": {"ioId": 5696, "owId": 2148, "ioName": "political io", "ioEndTime": 1751587200000, "ioStatusId": 1, "ioStartTime": 1751500800000, "ioTimeZoneId": 423, "ioTotalBudget": 4562, "createdByUowId": 41148, "ioBudgetTypeId": 1, "isIoPrioritise": false, "modifiedByUowId": 41148, "ioCurrentPriority": null, "ioTotalImpressions": null, "ioLastPriorityShift": null, "ioNextPerformanceCheck": null, "isAutoSumIoTotalBudget": false, "ioBudgetDistributionMethodId": 1}, "iqmDistributionMethodId": null, "budgetDistributionMethod": "manual"}	2025-07-02 10:48:53.396
abffb792-b9cf-4bb4-80b1-33ac6226f5a8	be0922b5-598d-46f5-9092-83431681a7dc	insertion order	3d062e1c-dd5a-4e49-8c6e-60d627cb70f0	bb6d62f7-1328-4f40-b230-adfcdba49745	Updated fields: name	{"id": "3d062e1c-dd5a-4e49-8c6e-60d627cb70f0", "name": "movie campaigns", "orgId": "bb6d62f7-1328-4f40-b230-adfcdba49745", "status": "draft", "endDate": "2025-07-04T00:00:00.000Z", "iqmIoId": null, "createdAt": "2025-07-03T15:10:40.379Z", "createdBy": "be0922b5-598d-46f5-9092-83431681a7dc", "startDate": "2025-07-03T00:00:00.000Z", "updatedAt": "2025-07-03T15:10:40.379Z", "budgetType": "currency", "timezoneId": 105, "description": "test", "totalBudget": 4562.0, "iqmBudgetDay": null, "iqmPerformanceGoal": null, "platformReferences": {}, "iqmDistributionMethodId": null, "budgetDistributionMethod": "manual"}	{"id": "3d062e1c-dd5a-4e49-8c6e-60d627cb70f0", "name": "movie campaignsq", "orgId": "bb6d62f7-1328-4f40-b230-adfcdba49745", "status": "draft", "endDate": "2025-07-04T00:00:00.000Z", "iqmIoId": null, "createdAt": "2025-07-03T15:10:40.379Z", "createdBy": "be0922b5-598d-46f5-9092-83431681a7dc", "startDate": "2025-07-03T00:00:00.000Z", "updatedAt": "2025-07-03T15:17:11.125Z", "budgetType": "currency", "timezoneId": 105, "description": "test", "totalBudget": 4562.0, "iqmBudgetDay": null, "iqmPerformanceGoal": null, "platformReferences": {}, "iqmDistributionMethodId": null, "budgetDistributionMethod": "manual"}	2025-07-03 15:17:12.626
495cf145-cfd6-463f-a359-adf55f2c3f66	170632c9-7a87-42d7-a2b3-7f027e49aa2a	insertion order	951483b8-2bbf-4d08-883e-142e071c69eb	ef7a1028-beeb-4c63-9c83-4096a3156e3c	Updated fields: name, startDate, endDate	{"id": "951483b8-2bbf-4d08-883e-142e071c69eb", "name": "Test IO2", "orgId": "ef7a1028-beeb-4c63-9c83-4096a3156e3c", "status": "draft", "endDate": "2025-07-27T00:00:00.000Z", "iqmIoId": 5712, "createdAt": "2025-07-03T15:26:56.953Z", "createdBy": "170632c9-7a87-42d7-a2b3-7f027e49aa2a", "startDate": "2025-07-11T00:00:00.000Z", "updatedAt": "2025-07-03T15:27:02.072Z", "budgetType": "currency", "timezoneId": 29, "description": "2", "totalBudget": 2222.0, "iqmBudgetDay": null, "iqmPerformanceGoal": null, "platformReferences": {"ioId": 5712, "owId": 2148, "ioName": "Test IO2", "ioEndTime": 1753574400000, "ioStatusId": 1, "ioStartTime": 1752192000000, "ioTimeZoneId": 29, "ioTotalBudget": 2222, "createdByUowId": 41148, "ioBudgetTypeId": 1, "isIoPrioritise": false, "modifiedByUowId": 41148, "ioCurrentPriority": null, "ioTotalImpressions": null, "ioLastPriorityShift": null, "ioNextPerformanceCheck": null, "isAutoSumIoTotalBudget": false, "ioBudgetDistributionMethodId": 1}, "iqmDistributionMethodId": null, "budgetDistributionMethod": "manual"}	{"id": "951483b8-2bbf-4d08-883e-142e071c69eb", "name": "Test IO3", "orgId": "ef7a1028-beeb-4c63-9c83-4096a3156e3c", "status": "draft", "endDate": "2025-07-10T00:00:00.000Z", "iqmIoId": 5712, "createdAt": "2025-07-03T15:26:56.953Z", "createdBy": "170632c9-7a87-42d7-a2b3-7f027e49aa2a", "startDate": "2025-07-02T00:00:00.000Z", "updatedAt": "2025-07-03T15:29:32.123Z", "budgetType": "currency", "timezoneId": 29, "description": "2", "totalBudget": 2222.0, "iqmBudgetDay": null, "iqmPerformanceGoal": null, "platformReferences": {"ioId": 5712, "owId": 2148, "ioName": "Test IO2", "ioEndTime": 1753574400000, "ioStatusId": 1, "ioStartTime": 1752192000000, "ioTimeZoneId": 29, "ioTotalBudget": 2222, "createdByUowId": 41148, "ioBudgetTypeId": 1, "isIoPrioritise": false, "modifiedByUowId": 41148, "ioCurrentPriority": null, "ioTotalImpressions": null, "ioLastPriorityShift": null, "ioNextPerformanceCheck": null, "isAutoSumIoTotalBudget": false, "ioBudgetDistributionMethodId": 1}, "iqmDistributionMethodId": null, "budgetDistributionMethod": "manual"}	2025-07-03 15:29:33.376
bb46720b-d873-4305-8cbb-eb8769b04998	170632c9-7a87-42d7-a2b3-7f027e49aa2a	insertion order	951483b8-2bbf-4d08-883e-142e071c69eb	ef7a1028-beeb-4c63-9c83-4096a3156e3c	Updated fields: name	{"id": "951483b8-2bbf-4d08-883e-142e071c69eb", "name": "Test IO3", "orgId": "ef7a1028-beeb-4c63-9c83-4096a3156e3c", "status": "draft", "endDate": "2025-07-10T00:00:00.000Z", "iqmIoId": 5712, "createdAt": "2025-07-03T15:26:56.953Z", "createdBy": "170632c9-7a87-42d7-a2b3-7f027e49aa2a", "startDate": "2025-07-02T00:00:00.000Z", "updatedAt": "2025-07-03T15:29:32.123Z", "budgetType": "currency", "timezoneId": 29, "description": "2", "totalBudget": 2222.0, "iqmBudgetDay": null, "iqmPerformanceGoal": null, "platformReferences": {"ioId": 5712, "owId": 2148, "ioName": "Test IO2", "ioEndTime": 1753574400000, "ioStatusId": 1, "ioStartTime": 1752192000000, "ioTimeZoneId": 29, "ioTotalBudget": 2222, "createdByUowId": 41148, "ioBudgetTypeId": 1, "isIoPrioritise": false, "modifiedByUowId": 41148, "ioCurrentPriority": null, "ioTotalImpressions": null, "ioLastPriorityShift": null, "ioNextPerformanceCheck": null, "isAutoSumIoTotalBudget": false, "ioBudgetDistributionMethodId": 1}, "iqmDistributionMethodId": null, "budgetDistributionMethod": "manual"}	{"id": "951483b8-2bbf-4d08-883e-142e071c69eb", "name": "Test IO4", "orgId": "ef7a1028-beeb-4c63-9c83-4096a3156e3c", "status": "draft", "endDate": "2025-07-10T00:00:00.000Z", "iqmIoId": 5712, "createdAt": "2025-07-03T15:26:56.953Z", "createdBy": "170632c9-7a87-42d7-a2b3-7f027e49aa2a", "startDate": "2025-07-02T00:00:00.000Z", "updatedAt": "2025-07-03T15:30:44.265Z", "budgetType": "currency", "timezoneId": 29, "description": "2", "totalBudget": 2222.0, "iqmBudgetDay": null, "iqmPerformanceGoal": null, "platformReferences": {"ioId": 5712, "owId": 2148, "ioName": "Test IO2", "ioEndTime": 1753574400000, "ioStatusId": 1, "ioStartTime": 1752192000000, "ioTimeZoneId": 29, "ioTotalBudget": 2222, "createdByUowId": 41148, "ioBudgetTypeId": 1, "isIoPrioritise": false, "modifiedByUowId": 41148, "ioCurrentPriority": null, "ioTotalImpressions": null, "ioLastPriorityShift": null, "ioNextPerformanceCheck": null, "isAutoSumIoTotalBudget": false, "ioBudgetDistributionMethodId": 1}, "iqmDistributionMethodId": null, "budgetDistributionMethod": "manual"}	2025-07-03 15:30:45.496
a9319e98-f50f-40a8-80c4-2b0c742e47a0	240b27c0-0c2d-47c2-9715-4ba4081085fc	insertion order	18709087-76b0-4fa7-a435-974bca7093b2	4afa1f6f-7abd-4fab-b9e0-b99f3008629b	Updated fields: name	{"id": "18709087-76b0-4fa7-a435-974bca7093b2", "name": "news ads3", "orgId": "4afa1f6f-7abd-4fab-b9e0-b99f3008629b", "status": "draft", "endDate": "2025-07-06T00:00:00.000Z", "iqmIoId": 5724, "createdAt": "2025-07-04T09:20:09.357Z", "createdBy": "240b27c0-0c2d-47c2-9715-4ba4081085fc", "startDate": "2025-07-05T00:00:00.000Z", "updatedAt": "2025-07-04T09:20:15.656Z", "budgetType": "currency", "timezoneId": 29, "description": "test", "totalBudget": 4562.0, "iqmBudgetDay": null, "iqmPerformanceGoal": null, "platformReferences": {"ioId": 5724, "owId": 2148, "ioName": "news ads3", "ioEndTime": 1751760000000, "ioStatusId": 1, "ioStartTime": 1751673600000, "ioTimeZoneId": 29, "ioTotalBudget": 4562, "createdByUowId": 41148, "ioBudgetTypeId": 1, "isIoPrioritise": false, "modifiedByUowId": 41148, "ioCurrentPriority": null, "ioTotalImpressions": null, "ioLastPriorityShift": null, "ioNextPerformanceCheck": null, "isAutoSumIoTotalBudget": false, "ioBudgetDistributionMethodId": 1}, "iqmDistributionMethodId": null, "budgetDistributionMethod": "manual"}	{"id": "18709087-76b0-4fa7-a435-974bca7093b2", "name": "news ads4", "orgId": "4afa1f6f-7abd-4fab-b9e0-b99f3008629b", "status": "draft", "endDate": "2025-07-06T00:00:00.000Z", "iqmIoId": 5724, "createdAt": "2025-07-04T09:20:09.357Z", "createdBy": "240b27c0-0c2d-47c2-9715-4ba4081085fc", "startDate": "2025-07-05T00:00:00.000Z", "updatedAt": "2025-07-04T09:22:14.621Z", "budgetType": "currency", "timezoneId": 29, "description": "test", "totalBudget": 4562.0, "iqmBudgetDay": null, "iqmPerformanceGoal": null, "platformReferences": {"ioId": 5724, "owId": 2148, "ioName": "news ads3", "ioEndTime": 1751760000000, "ioStatusId": 1, "ioStartTime": 1751673600000, "ioTimeZoneId": 29, "ioTotalBudget": 4562, "createdByUowId": 41148, "ioBudgetTypeId": 1, "isIoPrioritise": false, "modifiedByUowId": 41148, "ioCurrentPriority": null, "ioTotalImpressions": null, "ioLastPriorityShift": null, "ioNextPerformanceCheck": null, "isAutoSumIoTotalBudget": false, "ioBudgetDistributionMethodId": 1}, "iqmDistributionMethodId": null, "budgetDistributionMethod": "manual"}	2025-07-04 09:22:15.891
f7e8cabe-eb1c-4425-a8a4-1fa8973d0726	02c728e6-84df-4f27-a8b7-b0ff6c6db382	insertion order	5b570802-5d42-4772-92f2-7454d568a40b	46193251-355f-4801-98fc-d7cc3e24995b	Updated fields: name, startDate	{"id": "5b570802-5d42-4772-92f2-7454d568a40b", "name": "new io", "orgId": "46193251-355f-4801-98fc-d7cc3e24995b", "status": "draft", "endDate": "2025-07-13T00:00:00.000Z", "iqmIoId": 5725, "createdAt": "2025-07-04T09:36:16.277Z", "createdBy": "02c728e6-84df-4f27-a8b7-b0ff6c6db382", "startDate": "2025-07-05T00:00:00.000Z", "updatedAt": "2025-07-04T09:36:24.521Z", "budgetType": "currency", "timezoneId": 423, "description": "test", "totalBudget": 4543.0, "iqmBudgetDay": null, "iqmPerformanceGoal": null, "platformReferences": {"ioId": 5725, "owId": 2148, "ioName": "new io", "ioEndTime": 1752364800000, "ioStatusId": 1, "ioStartTime": 1751673600000, "ioTimeZoneId": 423, "ioTotalBudget": 4543, "createdByUowId": 41148, "ioBudgetTypeId": 1, "isIoPrioritise": false, "modifiedByUowId": 41148, "ioCurrentPriority": null, "ioTotalImpressions": null, "ioLastPriorityShift": null, "ioNextPerformanceCheck": null, "isAutoSumIoTotalBudget": false, "ioBudgetDistributionMethodId": 1}, "iqmDistributionMethodId": null, "budgetDistributionMethod": "manual"}	{"id": "5b570802-5d42-4772-92f2-7454d568a40b", "name": "new io1", "orgId": "46193251-355f-4801-98fc-d7cc3e24995b", "status": "draft", "endDate": "2025-07-13T00:00:00.000Z", "iqmIoId": 5725, "createdAt": "2025-07-04T09:36:16.277Z", "createdBy": "02c728e6-84df-4f27-a8b7-b0ff6c6db382", "startDate": "2025-07-03T00:00:00.000Z", "updatedAt": "2025-07-04T09:38:16.104Z", "budgetType": "currency", "timezoneId": 423, "description": "test", "totalBudget": 4543.0, "iqmBudgetDay": null, "iqmPerformanceGoal": null, "platformReferences": {"ioId": 5725, "owId": 2148, "ioName": "new io", "ioEndTime": 1752364800000, "ioStatusId": 1, "ioStartTime": 1751673600000, "ioTimeZoneId": 423, "ioTotalBudget": 4543, "createdByUowId": 41148, "ioBudgetTypeId": 1, "isIoPrioritise": false, "modifiedByUowId": 41148, "ioCurrentPriority": null, "ioTotalImpressions": null, "ioLastPriorityShift": null, "ioNextPerformanceCheck": null, "isAutoSumIoTotalBudget": false, "ioBudgetDistributionMethodId": 1}, "iqmDistributionMethodId": null, "budgetDistributionMethod": "manual"}	2025-07-04 09:38:17.589
2b8baee5-d040-4d5e-8d32-0df46ad03667	02c728e6-84df-4f27-a8b7-b0ff6c6db382	insertion order	5b570802-5d42-4772-92f2-7454d568a40b	46193251-355f-4801-98fc-d7cc3e24995b	Updated fields: name	{"id": "5b570802-5d42-4772-92f2-7454d568a40b", "name": "new io1", "orgId": "46193251-355f-4801-98fc-d7cc3e24995b", "status": "draft", "endDate": "2025-07-13T00:00:00.000Z", "iqmIoId": 5725, "createdAt": "2025-07-04T09:36:16.277Z", "createdBy": "02c728e6-84df-4f27-a8b7-b0ff6c6db382", "startDate": "2025-07-03T00:00:00.000Z", "updatedAt": "2025-07-04T09:38:16.104Z", "budgetType": "currency", "timezoneId": 423, "description": "test", "totalBudget": 4543.0, "iqmBudgetDay": null, "iqmPerformanceGoal": null, "platformReferences": {"ioId": 5725, "owId": 2148, "ioName": "new io", "ioEndTime": 1752364800000, "ioStatusId": 1, "ioStartTime": 1751673600000, "ioTimeZoneId": 423, "ioTotalBudget": 4543, "createdByUowId": 41148, "ioBudgetTypeId": 1, "isIoPrioritise": false, "modifiedByUowId": 41148, "ioCurrentPriority": null, "ioTotalImpressions": null, "ioLastPriorityShift": null, "ioNextPerformanceCheck": null, "isAutoSumIoTotalBudget": false, "ioBudgetDistributionMethodId": 1}, "iqmDistributionMethodId": null, "budgetDistributionMethod": "manual"}	{"id": "5b570802-5d42-4772-92f2-7454d568a40b", "name": "new io", "orgId": "46193251-355f-4801-98fc-d7cc3e24995b", "status": "draft", "endDate": "2025-07-13T00:00:00.000Z", "iqmIoId": 5725, "createdAt": "2025-07-04T09:36:16.277Z", "createdBy": "02c728e6-84df-4f27-a8b7-b0ff6c6db382", "startDate": "2025-07-03T00:00:00.000Z", "updatedAt": "2025-07-04T09:39:01.476Z", "budgetType": "currency", "timezoneId": 423, "description": "test", "totalBudget": 4543.0, "iqmBudgetDay": null, "iqmPerformanceGoal": null, "platformReferences": {"ioId": 5725, "owId": 2148, "ioName": "new io", "ioEndTime": 1752364800000, "ioStatusId": 1, "ioStartTime": 1751673600000, "ioTimeZoneId": 423, "ioTotalBudget": 4543, "createdByUowId": 41148, "ioBudgetTypeId": 1, "isIoPrioritise": false, "modifiedByUowId": 41148, "ioCurrentPriority": null, "ioTotalImpressions": null, "ioLastPriorityShift": null, "ioNextPerformanceCheck": null, "isAutoSumIoTotalBudget": false, "ioBudgetDistributionMethodId": 1}, "iqmDistributionMethodId": null, "budgetDistributionMethod": "manual"}	2025-07-04 09:39:02.753
3aac6d7e-ae9e-4cf8-8148-0acbb9beb8a1	02c728e6-84df-4f27-a8b7-b0ff6c6db382	insertion order	5b570802-5d42-4772-92f2-7454d568a40b	46193251-355f-4801-98fc-d7cc3e24995b	Updated fields: name	{"id": "5b570802-5d42-4772-92f2-7454d568a40b", "name": "new io", "orgId": "46193251-355f-4801-98fc-d7cc3e24995b", "status": "draft", "endDate": "2025-07-13T00:00:00.000Z", "iqmIoId": 5725, "createdAt": "2025-07-04T09:36:16.277Z", "createdBy": "02c728e6-84df-4f27-a8b7-b0ff6c6db382", "startDate": "2025-07-03T00:00:00.000Z", "updatedAt": "2025-07-04T09:39:01.476Z", "budgetType": "currency", "timezoneId": 423, "description": "test", "totalBudget": 4543.0, "iqmBudgetDay": null, "iqmPerformanceGoal": null, "platformReferences": {"ioId": 5725, "owId": 2148, "ioName": "new io", "ioEndTime": 1752364800000, "ioStatusId": 1, "ioStartTime": 1751673600000, "ioTimeZoneId": 423, "ioTotalBudget": 4543, "createdByUowId": 41148, "ioBudgetTypeId": 1, "isIoPrioritise": false, "modifiedByUowId": 41148, "ioCurrentPriority": null, "ioTotalImpressions": null, "ioLastPriorityShift": null, "ioNextPerformanceCheck": null, "isAutoSumIoTotalBudget": false, "ioBudgetDistributionMethodId": 1}, "iqmDistributionMethodId": null, "budgetDistributionMethod": "manual"}	{"id": "5b570802-5d42-4772-92f2-7454d568a40b", "name": "new io3", "orgId": "46193251-355f-4801-98fc-d7cc3e24995b", "status": "draft", "endDate": "2025-07-13T00:00:00.000Z", "iqmIoId": 5725, "createdAt": "2025-07-04T09:36:16.277Z", "createdBy": "02c728e6-84df-4f27-a8b7-b0ff6c6db382", "startDate": "2025-07-03T00:00:00.000Z", "updatedAt": "2025-07-04T09:39:54.216Z", "budgetType": "currency", "timezoneId": 423, "description": "test", "totalBudget": 4543.0, "iqmBudgetDay": null, "iqmPerformanceGoal": null, "platformReferences": {"ioId": 5725, "owId": 2148, "ioName": "new io", "ioEndTime": 1752364800000, "ioStatusId": 1, "ioStartTime": 1751673600000, "ioTimeZoneId": 423, "ioTotalBudget": 4543, "createdByUowId": 41148, "ioBudgetTypeId": 1, "isIoPrioritise": false, "modifiedByUowId": 41148, "ioCurrentPriority": null, "ioTotalImpressions": null, "ioLastPriorityShift": null, "ioNextPerformanceCheck": null, "isAutoSumIoTotalBudget": false, "ioBudgetDistributionMethodId": 1}, "iqmDistributionMethodId": null, "budgetDistributionMethod": "manual"}	2025-07-04 09:39:56.214
f47b9b1a-0609-4ddd-b02f-f00222004ed3	240b27c0-0c2d-47c2-9715-4ba4081085fc	insertion order	18709087-76b0-4fa7-a435-974bca7093b2	4afa1f6f-7abd-4fab-b9e0-b99f3008629b	Updated fields: name	{"id": "18709087-76b0-4fa7-a435-974bca7093b2", "name": "news ads4", "orgId": "4afa1f6f-7abd-4fab-b9e0-b99f3008629b", "status": "draft", "endDate": "2025-07-06T00:00:00.000Z", "iqmIoId": 5724, "createdAt": "2025-07-04T09:20:09.357Z", "createdBy": "240b27c0-0c2d-47c2-9715-4ba4081085fc", "startDate": "2025-07-05T00:00:00.000Z", "updatedAt": "2025-07-04T09:22:20.511Z", "budgetType": "currency", "timezoneId": 29, "description": "test", "totalBudget": 4562.0, "iqmBudgetDay": null, "iqmPerformanceGoal": null, "platformReferences": "news ads4 saved successfully.", "iqmDistributionMethodId": null, "budgetDistributionMethod": "manual"}	{"id": "18709087-76b0-4fa7-a435-974bca7093b2", "name": "news ads5", "orgId": "4afa1f6f-7abd-4fab-b9e0-b99f3008629b", "status": "draft", "endDate": "2025-07-06T00:00:00.000Z", "iqmIoId": 5724, "createdAt": "2025-07-04T09:20:09.357Z", "createdBy": "240b27c0-0c2d-47c2-9715-4ba4081085fc", "startDate": "2025-07-05T00:00:00.000Z", "updatedAt": "2025-07-04T09:41:45.642Z", "budgetType": "currency", "timezoneId": 29, "description": "test", "totalBudget": 4562.0, "iqmBudgetDay": null, "iqmPerformanceGoal": null, "platformReferences": "news ads4 saved successfully.", "iqmDistributionMethodId": null, "budgetDistributionMethod": "manual"}	2025-07-04 09:41:47.354
461e3ee9-3e82-4fb9-b984-44ab14997d55	02c728e6-84df-4f27-a8b7-b0ff6c6db382	insertion order	5b570802-5d42-4772-92f2-7454d568a40b	46193251-355f-4801-98fc-d7cc3e24995b	Updated fields: name	{"id": "5b570802-5d42-4772-92f2-7454d568a40b", "name": "new io3", "orgId": "46193251-355f-4801-98fc-d7cc3e24995b", "status": "draft", "endDate": "2025-07-13T00:00:00.000Z", "iqmIoId": 5725, "createdAt": "2025-07-04T09:36:16.277Z", "createdBy": "02c728e6-84df-4f27-a8b7-b0ff6c6db382", "startDate": "2025-07-03T00:00:00.000Z", "updatedAt": "2025-07-04T09:39:54.216Z", "budgetType": "currency", "timezoneId": 423, "description": "test", "totalBudget": 4543.0, "iqmBudgetDay": null, "iqmPerformanceGoal": null, "platformReferences": {"ioId": 5725, "owId": 2148, "ioName": "new io", "ioEndTime": 1752364800000, "ioStatusId": 1, "ioStartTime": 1751673600000, "ioTimeZoneId": 423, "ioTotalBudget": 4543, "createdByUowId": 41148, "ioBudgetTypeId": 1, "isIoPrioritise": false, "modifiedByUowId": 41148, "ioCurrentPriority": null, "ioTotalImpressions": null, "ioLastPriorityShift": null, "ioNextPerformanceCheck": null, "isAutoSumIoTotalBudget": false, "ioBudgetDistributionMethodId": 1}, "iqmDistributionMethodId": null, "budgetDistributionMethod": "manual"}	{"id": "5b570802-5d42-4772-92f2-7454d568a40b", "name": "new io2", "orgId": "46193251-355f-4801-98fc-d7cc3e24995b", "status": "draft", "endDate": "2025-07-13T00:00:00.000Z", "iqmIoId": 5725, "createdAt": "2025-07-04T09:36:16.277Z", "createdBy": "02c728e6-84df-4f27-a8b7-b0ff6c6db382", "startDate": "2025-07-03T00:00:00.000Z", "updatedAt": "2025-07-04T09:41:51.587Z", "budgetType": "currency", "timezoneId": 423, "description": "test", "totalBudget": 4543.0, "iqmBudgetDay": null, "iqmPerformanceGoal": null, "platformReferences": {"ioId": 5725, "owId": 2148, "ioName": "new io", "ioEndTime": 1752364800000, "ioStatusId": 1, "ioStartTime": 1751673600000, "ioTimeZoneId": 423, "ioTotalBudget": 4543, "createdByUowId": 41148, "ioBudgetTypeId": 1, "isIoPrioritise": false, "modifiedByUowId": 41148, "ioCurrentPriority": null, "ioTotalImpressions": null, "ioLastPriorityShift": null, "ioNextPerformanceCheck": null, "isAutoSumIoTotalBudget": false, "ioBudgetDistributionMethodId": 1}, "iqmDistributionMethodId": null, "budgetDistributionMethod": "manual"}	2025-07-04 09:41:53.329
81532fd2-9e08-4c65-9712-4c7b18d945ae	02c728e6-84df-4f27-a8b7-b0ff6c6db382	insertion order	5b570802-5d42-4772-92f2-7454d568a40b	46193251-355f-4801-98fc-d7cc3e24995b	Updated fields: name, startDate	{"id": "5b570802-5d42-4772-92f2-7454d568a40b", "name": "new io2", "orgId": "46193251-355f-4801-98fc-d7cc3e24995b", "status": "draft", "endDate": "2025-07-13T00:00:00.000Z", "iqmIoId": 5725, "createdAt": "2025-07-04T09:36:16.277Z", "createdBy": "02c728e6-84df-4f27-a8b7-b0ff6c6db382", "startDate": "2025-07-03T00:00:00.000Z", "updatedAt": "2025-07-04T09:41:51.587Z", "budgetType": "currency", "timezoneId": 423, "description": "test", "totalBudget": 4543.0, "iqmBudgetDay": null, "iqmPerformanceGoal": null, "platformReferences": {"ioId": 5725, "owId": 2148, "ioName": "new io", "ioEndTime": 1752364800000, "ioStatusId": 1, "ioStartTime": 1751673600000, "ioTimeZoneId": 423, "ioTotalBudget": 4543, "createdByUowId": 41148, "ioBudgetTypeId": 1, "isIoPrioritise": false, "modifiedByUowId": 41148, "ioCurrentPriority": null, "ioTotalImpressions": null, "ioLastPriorityShift": null, "ioNextPerformanceCheck": null, "isAutoSumIoTotalBudget": false, "ioBudgetDistributionMethodId": 1}, "iqmDistributionMethodId": null, "budgetDistributionMethod": "manual"}	{"id": "5b570802-5d42-4772-92f2-7454d568a40b", "name": "new io", "orgId": "46193251-355f-4801-98fc-d7cc3e24995b", "status": "draft", "endDate": "2025-07-13T00:00:00.000Z", "iqmIoId": 5725, "createdAt": "2025-07-04T09:36:16.277Z", "createdBy": "02c728e6-84df-4f27-a8b7-b0ff6c6db382", "startDate": "2025-07-06T00:00:00.000Z", "updatedAt": "2025-07-04T09:43:37.349Z", "budgetType": "currency", "timezoneId": 423, "description": "test", "totalBudget": 4543.0, "iqmBudgetDay": null, "iqmPerformanceGoal": null, "platformReferences": {"ioId": 5725, "owId": 2148, "ioName": "new io", "ioEndTime": 1752364800000, "ioStatusId": 1, "ioStartTime": 1751673600000, "ioTimeZoneId": 423, "ioTotalBudget": 4543, "createdByUowId": 41148, "ioBudgetTypeId": 1, "isIoPrioritise": false, "modifiedByUowId": 41148, "ioCurrentPriority": null, "ioTotalImpressions": null, "ioLastPriorityShift": null, "ioNextPerformanceCheck": null, "isAutoSumIoTotalBudget": false, "ioBudgetDistributionMethodId": 1}, "iqmDistributionMethodId": null, "budgetDistributionMethod": "manual"}	2025-07-04 09:43:39.598
63c4964c-855c-490d-ab52-d0f1549509c7	02c728e6-84df-4f27-a8b7-b0ff6c6db382	insertion order	5b570802-5d42-4772-92f2-7454d568a40b	46193251-355f-4801-98fc-d7cc3e24995b	Updated fields: name	{"id": "5b570802-5d42-4772-92f2-7454d568a40b", "name": "new io", "orgId": "46193251-355f-4801-98fc-d7cc3e24995b", "status": "draft", "endDate": "2025-07-13T00:00:00.000Z", "iqmIoId": 5725, "createdAt": "2025-07-04T09:36:16.277Z", "createdBy": "02c728e6-84df-4f27-a8b7-b0ff6c6db382", "startDate": "2025-07-06T00:00:00.000Z", "updatedAt": "2025-07-04T09:43:45.170Z", "budgetType": "currency", "timezoneId": 423, "description": "test", "totalBudget": 4543.0, "iqmBudgetDay": null, "iqmPerformanceGoal": null, "platformReferences": "new io saved successfully.", "iqmDistributionMethodId": null, "budgetDistributionMethod": "manual"}	{"id": "5b570802-5d42-4772-92f2-7454d568a40b", "name": "new io2", "orgId": "46193251-355f-4801-98fc-d7cc3e24995b", "status": "draft", "endDate": "2025-07-13T00:00:00.000Z", "iqmIoId": 5725, "createdAt": "2025-07-04T09:36:16.277Z", "createdBy": "02c728e6-84df-4f27-a8b7-b0ff6c6db382", "startDate": "2025-07-06T00:00:00.000Z", "updatedAt": "2025-07-04T10:09:52.858Z", "budgetType": "currency", "timezoneId": 423, "description": "test", "totalBudget": 4543.0, "iqmBudgetDay": null, "iqmPerformanceGoal": null, "platformReferences": "new io saved successfully.", "iqmDistributionMethodId": null, "budgetDistributionMethod": "manual"}	2025-07-04 10:09:55.165
dc20fbf1-f348-4893-973f-f1911bb8d9d2	02c728e6-84df-4f27-a8b7-b0ff6c6db382	insertion order	5b570802-5d42-4772-92f2-7454d568a40b	46193251-355f-4801-98fc-d7cc3e24995b	Updated fields: name	{"id": "5b570802-5d42-4772-92f2-7454d568a40b", "name": "new io2", "orgId": "46193251-355f-4801-98fc-d7cc3e24995b", "status": "draft", "endDate": "2025-07-13T00:00:00.000Z", "iqmIoId": 5725, "createdAt": "2025-07-04T09:36:16.277Z", "createdBy": "02c728e6-84df-4f27-a8b7-b0ff6c6db382", "startDate": "2025-07-06T00:00:00.000Z", "updatedAt": "2025-07-04T10:10:02.194Z", "budgetType": "currency", "timezoneId": 423, "description": "test", "totalBudget": 4543.0, "iqmBudgetDay": null, "iqmPerformanceGoal": null, "platformReferences": "new io2 saved successfully.", "iqmDistributionMethodId": null, "budgetDistributionMethod": "manual"}	{"id": "5b570802-5d42-4772-92f2-7454d568a40b", "name": "new io", "orgId": "46193251-355f-4801-98fc-d7cc3e24995b", "status": "draft", "endDate": "2025-07-13T00:00:00.000Z", "iqmIoId": 5725, "createdAt": "2025-07-04T09:36:16.277Z", "createdBy": "02c728e6-84df-4f27-a8b7-b0ff6c6db382", "startDate": "2025-07-06T00:00:00.000Z", "updatedAt": "2025-07-04T10:10:15.687Z", "budgetType": "currency", "timezoneId": 423, "description": "test", "totalBudget": 4543.0, "iqmBudgetDay": null, "iqmPerformanceGoal": null, "platformReferences": "new io2 saved successfully.", "iqmDistributionMethodId": null, "budgetDistributionMethod": "manual"}	2025-07-04 10:10:17.935
c75af4ee-d80c-47d8-80d2-6c5e93c0467e	02c728e6-84df-4f27-a8b7-b0ff6c6db382	insertion order	5b570802-5d42-4772-92f2-7454d568a40b	46193251-355f-4801-98fc-d7cc3e24995b	Updated fields: name	{"id": "5b570802-5d42-4772-92f2-7454d568a40b", "name": "new io", "orgId": "46193251-355f-4801-98fc-d7cc3e24995b", "status": "draft", "endDate": "2025-07-13T00:00:00.000Z", "iqmIoId": 5725, "createdAt": "2025-07-04T09:36:16.277Z", "createdBy": "02c728e6-84df-4f27-a8b7-b0ff6c6db382", "startDate": "2025-07-06T00:00:00.000Z", "updatedAt": "2025-07-04T10:10:23.166Z", "budgetType": "currency", "timezoneId": 423, "description": "test", "totalBudget": 4543.0, "iqmBudgetDay": null, "iqmPerformanceGoal": null, "platformReferences": "new io saved successfully.", "iqmDistributionMethodId": null, "budgetDistributionMethod": "manual"}	{"id": "5b570802-5d42-4772-92f2-7454d568a40b", "name": "new io2", "orgId": "46193251-355f-4801-98fc-d7cc3e24995b", "status": "draft", "endDate": "2025-07-13T00:00:00.000Z", "iqmIoId": 5725, "createdAt": "2025-07-04T09:36:16.277Z", "createdBy": "02c728e6-84df-4f27-a8b7-b0ff6c6db382", "startDate": "2025-07-06T00:00:00.000Z", "updatedAt": "2025-07-04T10:24:00.293Z", "budgetType": "currency", "timezoneId": 423, "description": "test", "totalBudget": 4543.0, "iqmBudgetDay": null, "iqmPerformanceGoal": null, "platformReferences": "new io saved successfully.", "iqmDistributionMethodId": null, "budgetDistributionMethod": "manual"}	2025-07-04 10:24:02.369
e78d08a2-cb20-4c62-9ddf-0a9d72647afd	02c728e6-84df-4f27-a8b7-b0ff6c6db382	insertion order	5b570802-5d42-4772-92f2-7454d568a40b	46193251-355f-4801-98fc-d7cc3e24995b	Updated fields: name	{"id": "5b570802-5d42-4772-92f2-7454d568a40b", "name": "new io2", "orgId": "46193251-355f-4801-98fc-d7cc3e24995b", "status": "draft", "endDate": "2025-07-13T00:00:00.000Z", "iqmIoId": 5725, "createdAt": "2025-07-04T09:36:16.277Z", "createdBy": "02c728e6-84df-4f27-a8b7-b0ff6c6db382", "startDate": "2025-07-06T00:00:00.000Z", "updatedAt": "2025-07-04T10:24:10.599Z", "budgetType": "currency", "timezoneId": 423, "description": "test", "totalBudget": 4543.0, "iqmBudgetDay": null, "iqmPerformanceGoal": null, "platformReferences": "new io2 saved successfully.", "iqmDistributionMethodId": null, "budgetDistributionMethod": "manual"}	{"id": "5b570802-5d42-4772-92f2-7454d568a40b", "name": "new io", "orgId": "46193251-355f-4801-98fc-d7cc3e24995b", "status": "draft", "endDate": "2025-07-13T00:00:00.000Z", "iqmIoId": 5725, "createdAt": "2025-07-04T09:36:16.277Z", "createdBy": "02c728e6-84df-4f27-a8b7-b0ff6c6db382", "startDate": "2025-07-06T00:00:00.000Z", "updatedAt": "2025-07-04T10:24:25.774Z", "budgetType": "currency", "timezoneId": 423, "description": "test", "totalBudget": 4543.0, "iqmBudgetDay": null, "iqmPerformanceGoal": null, "platformReferences": "new io2 saved successfully.", "iqmDistributionMethodId": null, "budgetDistributionMethod": "manual"}	2025-07-04 10:24:27.049
c63b2a91-bdf7-47f9-80d2-c0531fd77ca7	240b27c0-0c2d-47c2-9715-4ba4081085fc	insertion order	1f4e35cb-e015-4022-8d12-805b07aeb862	4afa1f6f-7abd-4fab-b9e0-b99f3008629b	Updated fields: name, totalBudget	{"id": "1f4e35cb-e015-4022-8d12-805b07aeb862", "name": "build test 1", "orgId": "4afa1f6f-7abd-4fab-b9e0-b99f3008629b", "status": "draft", "endDate": "2025-07-06T00:00:00.000Z", "iqmIoId": 5726, "createdAt": "2025-07-04T11:26:53.139Z", "createdBy": "240b27c0-0c2d-47c2-9715-4ba4081085fc", "startDate": "2025-07-05T00:00:00.000Z", "updatedAt": "2025-07-04T11:27:01.702Z", "budgetType": "currency", "timezoneId": 423, "description": "res", "totalBudget": 4562.0, "iqmBudgetDay": null, "iqmPerformanceGoal": null, "platformReferences": {"ioId": 5726, "owId": 2148, "ioName": "build test 1", "ioEndTime": 1751760000000, "ioStatusId": 1, "ioStartTime": 1751673600000, "ioTimeZoneId": 423, "ioTotalBudget": 4562, "createdByUowId": 41148, "ioBudgetTypeId": 1, "isIoPrioritise": false, "modifiedByUowId": 41148, "ioCurrentPriority": null, "ioTotalImpressions": null, "ioLastPriorityShift": null, "ioNextPerformanceCheck": null, "isAutoSumIoTotalBudget": false, "ioBudgetDistributionMethodId": 1}, "iqmDistributionMethodId": null, "budgetDistributionMethod": "manual"}	{"id": "1f4e35cb-e015-4022-8d12-805b07aeb862", "name": "build test 2", "orgId": "4afa1f6f-7abd-4fab-b9e0-b99f3008629b", "status": "draft", "endDate": "2025-07-06T00:00:00.000Z", "iqmIoId": 5726, "createdAt": "2025-07-04T11:26:53.139Z", "createdBy": "240b27c0-0c2d-47c2-9715-4ba4081085fc", "startDate": "2025-07-05T00:00:00.000Z", "updatedAt": "2025-07-04T11:27:44.925Z", "budgetType": "currency", "timezoneId": 423, "description": "res", "totalBudget": 4568.0, "iqmBudgetDay": null, "iqmPerformanceGoal": null, "platformReferences": {"ioId": 5726, "owId": 2148, "ioName": "build test 1", "ioEndTime": 1751760000000, "ioStatusId": 1, "ioStartTime": 1751673600000, "ioTimeZoneId": 423, "ioTotalBudget": 4562, "createdByUowId": 41148, "ioBudgetTypeId": 1, "isIoPrioritise": false, "modifiedByUowId": 41148, "ioCurrentPriority": null, "ioTotalImpressions": null, "ioLastPriorityShift": null, "ioNextPerformanceCheck": null, "isAutoSumIoTotalBudget": false, "ioBudgetDistributionMethodId": 1}, "iqmDistributionMethodId": null, "budgetDistributionMethod": "manual"}	2025-07-04 11:27:46.162
07aee8a1-71f0-42e6-b2ed-c002b856eab3	a4daad9b-636d-40c2-839a-e907b7090415	insertion order	6f8d0cf1-d82e-432f-982c-5258447b8505	2bd688ce-805f-46ab-8748-91e138f0cb2b	Updated fields: name	{"id": "6f8d0cf1-d82e-432f-982c-5258447b8505", "name": "new user io", "orgId": "2bd688ce-805f-46ab-8748-91e138f0cb2b", "status": "draft", "endDate": "2025-07-06T00:00:00.000Z", "iqmIoId": 5727, "createdAt": "2025-07-04T11:45:24.300Z", "createdBy": "a4daad9b-636d-40c2-839a-e907b7090415", "startDate": "2025-07-05T00:00:00.000Z", "updatedAt": "2025-07-04T11:45:29.151Z", "budgetType": "currency", "timezoneId": 29, "description": "test", "totalBudget": 4563.0, "iqmBudgetDay": null, "iqmPerformanceGoal": null, "platformReferences": {"ioId": 5727, "owId": 2148, "ioName": "new user io", "ioEndTime": 1751760000000, "ioStatusId": 1, "ioStartTime": 1751673600000, "ioTimeZoneId": 29, "ioTotalBudget": 4563, "createdByUowId": 41148, "ioBudgetTypeId": 1, "isIoPrioritise": false, "modifiedByUowId": 41148, "ioCurrentPriority": null, "ioTotalImpressions": null, "ioLastPriorityShift": null, "ioNextPerformanceCheck": null, "isAutoSumIoTotalBudget": false, "ioBudgetDistributionMethodId": 1}, "iqmDistributionMethodId": null, "budgetDistributionMethod": "manual"}	{"id": "6f8d0cf1-d82e-432f-982c-5258447b8505", "name": "new user i7", "orgId": "2bd688ce-805f-46ab-8748-91e138f0cb2b", "status": "draft", "endDate": "2025-07-06T00:00:00.000Z", "iqmIoId": 5727, "createdAt": "2025-07-04T11:45:24.300Z", "createdBy": "a4daad9b-636d-40c2-839a-e907b7090415", "startDate": "2025-07-05T00:00:00.000Z", "updatedAt": "2025-07-04T11:46:04.124Z", "budgetType": "currency", "timezoneId": 29, "description": "test", "totalBudget": 4563.0, "iqmBudgetDay": null, "iqmPerformanceGoal": null, "platformReferences": {"ioId": 5727, "owId": 2148, "ioName": "new user io", "ioEndTime": 1751760000000, "ioStatusId": 1, "ioStartTime": 1751673600000, "ioTimeZoneId": 29, "ioTotalBudget": 4563, "createdByUowId": 41148, "ioBudgetTypeId": 1, "isIoPrioritise": false, "modifiedByUowId": 41148, "ioCurrentPriority": null, "ioTotalImpressions": null, "ioLastPriorityShift": null, "ioNextPerformanceCheck": null, "isAutoSumIoTotalBudget": false, "ioBudgetDistributionMethodId": 1}, "iqmDistributionMethodId": null, "budgetDistributionMethod": "manual"}	2025-07-04 11:46:05.381
f9967fdb-7d14-43a5-956a-eade9b3e39fa	bce6c949-bfa4-49fb-97fe-5fbfd2bd7e1a	insertion order	15a6b1d1-e049-4999-8a94-62c5898b432d	3581f795-474f-4d6e-bc91-d83925439456	Updated fields: name	{"id": "15a6b1d1-e049-4999-8a94-62c5898b432d", "name": "New IO", "orgId": "3581f795-474f-4d6e-bc91-d83925439456", "status": "draft", "endDate": "2025-07-13T00:00:00.000Z", "iqmIoId": 5728, "createdAt": "2025-07-04T16:23:40.566Z", "createdBy": "bce6c949-bfa4-49fb-97fe-5fbfd2bd7e1a", "startDate": "2025-07-05T00:00:00.000Z", "updatedAt": "2025-07-04T16:23:47.693Z", "budgetType": "currency", "timezoneId": 423, "description": "test", "totalBudget": 1234.0, "iqmBudgetDay": null, "iqmPerformanceGoal": null, "platformReferences": {"ioId": 5728, "owId": 2148, "ioName": "New IO", "ioEndTime": 1752364800000, "ioStatusId": 1, "ioStartTime": 1751673600000, "ioTimeZoneId": 423, "ioTotalBudget": 1234, "createdByUowId": 41148, "ioBudgetTypeId": 1, "isIoPrioritise": false, "modifiedByUowId": 41148, "ioCurrentPriority": null, "ioTotalImpressions": null, "ioLastPriorityShift": null, "ioNextPerformanceCheck": null, "isAutoSumIoTotalBudget": false, "ioBudgetDistributionMethodId": 1}, "iqmDistributionMethodId": null, "budgetDistributionMethod": "manual"}	{"id": "15a6b1d1-e049-4999-8a94-62c5898b432d", "name": "New IO2", "orgId": "3581f795-474f-4d6e-bc91-d83925439456", "status": "draft", "endDate": "2025-07-13T00:00:00.000Z", "iqmIoId": 5728, "createdAt": "2025-07-04T16:23:40.566Z", "createdBy": "bce6c949-bfa4-49fb-97fe-5fbfd2bd7e1a", "startDate": "2025-07-05T00:00:00.000Z", "updatedAt": "2025-07-04T16:25:51.618Z", "budgetType": "currency", "timezoneId": 423, "description": "test", "totalBudget": 1234.0, "iqmBudgetDay": null, "iqmPerformanceGoal": null, "platformReferences": {"ioId": 5728, "owId": 2148, "ioName": "New IO", "ioEndTime": 1752364800000, "ioStatusId": 1, "ioStartTime": 1751673600000, "ioTimeZoneId": 423, "ioTotalBudget": 1234, "createdByUowId": 41148, "ioBudgetTypeId": 1, "isIoPrioritise": false, "modifiedByUowId": 41148, "ioCurrentPriority": null, "ioTotalImpressions": null, "ioLastPriorityShift": null, "ioNextPerformanceCheck": null, "isAutoSumIoTotalBudget": false, "ioBudgetDistributionMethodId": 1}, "iqmDistributionMethodId": null, "budgetDistributionMethod": "manual"}	2025-07-04 16:25:52.869
c373f78d-236f-4930-bed9-a6c98237e0e7	bdad0a7d-21ca-4433-a9bf-11debe4b6891	insertion order	0c26f474-b2db-4b7c-bc7a-ac3aa8009021	9b341360-11fb-4bca-b4b8-6a5dc9e58419	Updated fields: totalBudget	{"id": "0c26f474-b2db-4b7c-bc7a-ac3aa8009021", "name": "ION_07_test", "orgId": "9b341360-11fb-4bca-b4b8-6a5dc9e58419", "status": "draft", "endDate": "2025-07-13T00:00:00.000Z", "iqmIoId": 5731, "createdAt": "2025-07-07T10:45:31.611Z", "createdBy": "bdad0a7d-21ca-4433-a9bf-11debe4b6891", "startDate": "2025-07-08T00:00:00.000Z", "updatedAt": "2025-07-07T10:45:36.229Z", "budgetType": "currency", "timezoneId": 29, "description": "test desc", "totalBudget": 4546.0, "iqmBudgetDay": null, "iqmPerformanceGoal": null, "platformReferences": {"ioId": 5731, "owId": 2148, "ioName": "ION_07_test", "ioEndTime": 1752364800000, "ioStatusId": 1, "ioStartTime": 1751932800000, "ioTimeZoneId": 29, "ioTotalBudget": 4546, "createdByUowId": 41148, "ioBudgetTypeId": 1, "isIoPrioritise": false, "modifiedByUowId": 41148, "ioCurrentPriority": null, "ioTotalImpressions": null, "ioLastPriorityShift": null, "ioNextPerformanceCheck": null, "isAutoSumIoTotalBudget": false, "ioBudgetDistributionMethodId": 1}, "iqmDistributionMethodId": null, "budgetDistributionMethod": "manual"}	{"id": "0c26f474-b2db-4b7c-bc7a-ac3aa8009021", "name": "ION_07_test", "orgId": "9b341360-11fb-4bca-b4b8-6a5dc9e58419", "status": "draft", "endDate": "2025-07-13T00:00:00.000Z", "iqmIoId": 5731, "createdAt": "2025-07-07T10:45:31.611Z", "createdBy": "bdad0a7d-21ca-4433-a9bf-11debe4b6891", "startDate": "2025-07-08T00:00:00.000Z", "updatedAt": "2025-07-07T10:46:35.817Z", "budgetType": "currency", "timezoneId": 29, "description": "test desc", "totalBudget": 4549.0, "iqmBudgetDay": null, "iqmPerformanceGoal": null, "platformReferences": {"ioId": 5731, "owId": 2148, "ioName": "ION_07_test", "ioEndTime": 1752364800000, "ioStatusId": 1, "ioStartTime": 1751932800000, "ioTimeZoneId": 29, "ioTotalBudget": 4546, "createdByUowId": 41148, "ioBudgetTypeId": 1, "isIoPrioritise": false, "modifiedByUowId": 41148, "ioCurrentPriority": null, "ioTotalImpressions": null, "ioLastPriorityShift": null, "ioNextPerformanceCheck": null, "isAutoSumIoTotalBudget": false, "ioBudgetDistributionMethodId": 1}, "iqmDistributionMethodId": null, "budgetDistributionMethod": "manual"}	2025-07-07 10:46:37.082
4449e85c-a40a-4746-a6cf-e11f48d8c686	24975ca2-6aed-4a8f-8656-519069e1f613	insertion order	69f85ab7-57cd-4b4e-bb24-314cc1a64ed9	6a6a836d-0a3d-499f-8f37-7f958307a587	Updated fields: name	{"id": "69f85ab7-57cd-4b4e-bb24-314cc1a64ed9", "name": "io-biswa", "orgId": "6a6a836d-0a3d-499f-8f37-7f958307a587", "status": "draft", "endDate": "2025-07-12T00:00:00.000Z", "iqmIoId": null, "createdAt": "2025-07-07T14:12:16.222Z", "createdBy": "24975ca2-6aed-4a8f-8656-519069e1f613", "startDate": "2025-07-08T00:00:00.000Z", "updatedAt": "2025-07-07T14:12:16.222Z", "budgetType": "currency", "timezoneId": 423, "description": "test", "totalBudget": 123.0, "iqmBudgetDay": null, "iqmPerformanceGoal": null, "platformReferences": {}, "iqmDistributionMethodId": null, "budgetDistributionMethod": "manual"}	{"id": "69f85ab7-57cd-4b4e-bb24-314cc1a64ed9", "name": "io-biswa4", "orgId": "6a6a836d-0a3d-499f-8f37-7f958307a587", "status": "draft", "endDate": "2025-07-12T00:00:00.000Z", "iqmIoId": null, "createdAt": "2025-07-07T14:12:16.222Z", "createdBy": "24975ca2-6aed-4a8f-8656-519069e1f613", "startDate": "2025-07-08T00:00:00.000Z", "updatedAt": "2025-07-07T14:14:56.483Z", "budgetType": "currency", "timezoneId": 423, "description": "test", "totalBudget": 123.0, "iqmBudgetDay": null, "iqmPerformanceGoal": null, "platformReferences": {}, "iqmDistributionMethodId": null, "budgetDistributionMethod": "manual"}	2025-07-07 14:14:57.765
fa082580-6925-4eaf-850d-577393439f3d	24975ca2-6aed-4a8f-8656-519069e1f613	insertion order	69f85ab7-57cd-4b4e-bb24-314cc1a64ed9	6a6a836d-0a3d-499f-8f37-7f958307a587	Updated fields: name	{"id": "69f85ab7-57cd-4b4e-bb24-314cc1a64ed9", "name": "io-biswa4", "orgId": "6a6a836d-0a3d-499f-8f37-7f958307a587", "status": "draft", "endDate": "2025-07-12T00:00:00.000Z", "iqmIoId": null, "createdAt": "2025-07-07T14:12:16.222Z", "createdBy": "24975ca2-6aed-4a8f-8656-519069e1f613", "startDate": "2025-07-08T00:00:00.000Z", "updatedAt": "2025-07-07T14:14:56.483Z", "budgetType": "currency", "timezoneId": 423, "description": "test", "totalBudget": 123.0, "iqmBudgetDay": null, "iqmPerformanceGoal": null, "platformReferences": {}, "iqmDistributionMethodId": null, "budgetDistributionMethod": "manual"}	{"id": "69f85ab7-57cd-4b4e-bb24-314cc1a64ed9", "name": "io-biswa5", "orgId": "6a6a836d-0a3d-499f-8f37-7f958307a587", "status": "draft", "endDate": "2025-07-12T00:00:00.000Z", "iqmIoId": null, "createdAt": "2025-07-07T14:12:16.222Z", "createdBy": "24975ca2-6aed-4a8f-8656-519069e1f613", "startDate": "2025-07-08T00:00:00.000Z", "updatedAt": "2025-07-07T14:16:03.802Z", "budgetType": "currency", "timezoneId": 423, "description": "test", "totalBudget": 123.0, "iqmBudgetDay": null, "iqmPerformanceGoal": null, "platformReferences": {}, "iqmDistributionMethodId": null, "budgetDistributionMethod": "manual"}	2025-07-07 14:16:05.086
5017400b-f101-452d-8bf2-f1844e2a4b89	b00682e7-0c79-45f3-b9c2-e3e0abe13058	insertion order	7dd0314d-3ce0-4167-964f-c7897390fef1	545f9f32-b213-43b6-8324-17f95a3d3133	Updated fields: name	{"id": "7dd0314d-3ce0-4167-964f-c7897390fef1", "name": "Test", "orgId": "545f9f32-b213-43b6-8324-17f95a3d3133", "status": "draft", "endDate": "2025-07-20T00:00:00.000Z", "iqmIoId": 5742, "createdAt": "2025-07-07T14:42:02.495Z", "createdBy": "b00682e7-0c79-45f3-b9c2-e3e0abe13058", "startDate": "2025-07-12T00:00:00.000Z", "updatedAt": "2025-07-07T14:46:14.021Z", "budgetType": "currency", "timezoneId": 423, "description": "test", "totalBudget": 6546.0, "iqmBudgetDay": null, "iqmPerformanceGoal": null, "platformReferences": {"ioId": 5742, "owId": 2148, "ioName": "Test2", "ioEndTime": 1752969600000, "ioStatusId": 1, "ioStartTime": 1752278400000, "ioTimeZoneId": 423, "ioTotalBudget": 6546, "createdByUowId": 41148, "ioBudgetTypeId": 1, "isIoPrioritise": false, "modifiedByUowId": 41148, "ioCurrentPriority": null, "ioTotalImpressions": null, "ioLastPriorityShift": null, "ioNextPerformanceCheck": null, "isAutoSumIoTotalBudget": false, "ioBudgetDistributionMethodId": 1}, "iqmDistributionMethodId": null, "budgetDistributionMethod": "manual"}	{"id": "7dd0314d-3ce0-4167-964f-c7897390fef1", "name": "Test3", "orgId": "545f9f32-b213-43b6-8324-17f95a3d3133", "status": "draft", "endDate": "2025-07-20T00:00:00.000Z", "iqmIoId": 5742, "createdAt": "2025-07-07T14:42:02.495Z", "createdBy": "b00682e7-0c79-45f3-b9c2-e3e0abe13058", "startDate": "2025-07-12T00:00:00.000Z", "updatedAt": "2025-07-07T14:47:20.088Z", "budgetType": "currency", "timezoneId": 423, "description": "test", "totalBudget": 6546.0, "iqmBudgetDay": null, "iqmPerformanceGoal": null, "platformReferences": {"ioId": 5742, "owId": 2148, "ioName": "Test2", "ioEndTime": 1752969600000, "ioStatusId": 1, "ioStartTime": 1752278400000, "ioTimeZoneId": 423, "ioTotalBudget": 6546, "createdByUowId": 41148, "ioBudgetTypeId": 1, "isIoPrioritise": false, "modifiedByUowId": 41148, "ioCurrentPriority": null, "ioTotalImpressions": null, "ioLastPriorityShift": null, "ioNextPerformanceCheck": null, "isAutoSumIoTotalBudget": false, "ioBudgetDistributionMethodId": 1}, "iqmDistributionMethodId": null, "budgetDistributionMethod": "manual"}	2025-07-07 14:47:26.197
683f5334-1807-4d44-b347-689dbd11c602	b00682e7-0c79-45f3-b9c2-e3e0abe13058	insertion order	7dd0314d-3ce0-4167-964f-c7897390fef1	545f9f32-b213-43b6-8324-17f95a3d3133	Updated fields: startDate	{"id": "7dd0314d-3ce0-4167-964f-c7897390fef1", "name": "Test3", "orgId": "545f9f32-b213-43b6-8324-17f95a3d3133", "status": "draft", "endDate": "2025-07-20T00:00:00.000Z", "iqmIoId": 5742, "createdAt": "2025-07-07T14:42:02.495Z", "createdBy": "b00682e7-0c79-45f3-b9c2-e3e0abe13058", "startDate": "2025-07-12T00:00:00.000Z", "updatedAt": "2025-07-07T14:47:20.088Z", "budgetType": "currency", "timezoneId": 423, "description": "test", "totalBudget": 6546.0, "iqmBudgetDay": null, "iqmPerformanceGoal": null, "platformReferences": {"ioId": 5742, "owId": 2148, "ioName": "Test2", "ioEndTime": 1752969600000, "ioStatusId": 1, "ioStartTime": 1752278400000, "ioTimeZoneId": 423, "ioTotalBudget": 6546, "createdByUowId": 41148, "ioBudgetTypeId": 1, "isIoPrioritise": false, "modifiedByUowId": 41148, "ioCurrentPriority": null, "ioTotalImpressions": null, "ioLastPriorityShift": null, "ioNextPerformanceCheck": null, "isAutoSumIoTotalBudget": false, "ioBudgetDistributionMethodId": 1}, "iqmDistributionMethodId": null, "budgetDistributionMethod": "manual"}	{"id": "7dd0314d-3ce0-4167-964f-c7897390fef1", "name": "Test3", "orgId": "545f9f32-b213-43b6-8324-17f95a3d3133", "status": "draft", "endDate": "2025-07-20T00:00:00.000Z", "iqmIoId": 5742, "createdAt": "2025-07-07T14:42:02.495Z", "createdBy": "b00682e7-0c79-45f3-b9c2-e3e0abe13058", "startDate": "2025-07-08T00:00:00.000Z", "updatedAt": "2025-07-07T14:59:49.527Z", "budgetType": "currency", "timezoneId": 423, "description": "test", "totalBudget": 6546.0, "iqmBudgetDay": null, "iqmPerformanceGoal": null, "platformReferences": {"ioId": 5742, "owId": 2148, "ioName": "Test2", "ioEndTime": 1752969600000, "ioStatusId": 1, "ioStartTime": 1752278400000, "ioTimeZoneId": 423, "ioTotalBudget": 6546, "createdByUowId": 41148, "ioBudgetTypeId": 1, "isIoPrioritise": false, "modifiedByUowId": 41148, "ioCurrentPriority": null, "ioTotalImpressions": null, "ioLastPriorityShift": null, "ioNextPerformanceCheck": null, "isAutoSumIoTotalBudget": false, "ioBudgetDistributionMethodId": 1}, "iqmDistributionMethodId": null, "budgetDistributionMethod": "manual"}	2025-07-07 14:59:53.128
58760915-fb80-4b6b-8d1e-d3eac5251f71	b00682e7-0c79-45f3-b9c2-e3e0abe13058	insertion order	7dd0314d-3ce0-4167-964f-c7897390fef1	545f9f32-b213-43b6-8324-17f95a3d3133	Updated fields: totalBudget	{"id": "7dd0314d-3ce0-4167-964f-c7897390fef1", "name": "Test3", "orgId": "545f9f32-b213-43b6-8324-17f95a3d3133", "status": "draft", "endDate": "2025-07-20T00:00:00.000Z", "iqmIoId": 5742, "createdAt": "2025-07-07T14:42:02.495Z", "createdBy": "b00682e7-0c79-45f3-b9c2-e3e0abe13058", "startDate": "2025-07-08T00:00:00.000Z", "updatedAt": "2025-07-07T14:59:49.527Z", "budgetType": "currency", "timezoneId": 423, "description": "test", "totalBudget": 6546.0, "iqmBudgetDay": null, "iqmPerformanceGoal": null, "platformReferences": {"ioId": 5742, "owId": 2148, "ioName": "Test2", "ioEndTime": 1752969600000, "ioStatusId": 1, "ioStartTime": 1752278400000, "ioTimeZoneId": 423, "ioTotalBudget": 6546, "createdByUowId": 41148, "ioBudgetTypeId": 1, "isIoPrioritise": false, "modifiedByUowId": 41148, "ioCurrentPriority": null, "ioTotalImpressions": null, "ioLastPriorityShift": null, "ioNextPerformanceCheck": null, "isAutoSumIoTotalBudget": false, "ioBudgetDistributionMethodId": 1}, "iqmDistributionMethodId": null, "budgetDistributionMethod": "manual"}	{"id": "7dd0314d-3ce0-4167-964f-c7897390fef1", "name": "Test3", "orgId": "545f9f32-b213-43b6-8324-17f95a3d3133", "status": "draft", "endDate": "2025-07-20T00:00:00.000Z", "iqmIoId": 5742, "createdAt": "2025-07-07T14:42:02.495Z", "createdBy": "b00682e7-0c79-45f3-b9c2-e3e0abe13058", "startDate": "2025-07-08T00:00:00.000Z", "updatedAt": "2025-07-07T15:01:20.134Z", "budgetType": "currency", "timezoneId": 423, "description": "test", "totalBudget": 6666.0, "iqmBudgetDay": null, "iqmPerformanceGoal": null, "platformReferences": {"ioId": 5742, "owId": 2148, "ioName": "Test2", "ioEndTime": 1752969600000, "ioStatusId": 1, "ioStartTime": 1752278400000, "ioTimeZoneId": 423, "ioTotalBudget": 6546, "createdByUowId": 41148, "ioBudgetTypeId": 1, "isIoPrioritise": false, "modifiedByUowId": 41148, "ioCurrentPriority": null, "ioTotalImpressions": null, "ioLastPriorityShift": null, "ioNextPerformanceCheck": null, "isAutoSumIoTotalBudget": false, "ioBudgetDistributionMethodId": 1}, "iqmDistributionMethodId": null, "budgetDistributionMethod": "manual"}	2025-07-07 15:01:23.496
e244921e-0fda-47d3-bbe9-e860f54e5e5b	24975ca2-6aed-4a8f-8656-519069e1f613	insertion order	77ed846c-0167-4c42-82fa-33412c13d493	6a6a836d-0a3d-499f-8f37-7f958307a587	Updated fields: name	{"id": "77ed846c-0167-4c42-82fa-33412c13d493", "name": "test io ad", "orgId": "6a6a836d-0a3d-499f-8f37-7f958307a587", "status": "draft", "endDate": "2025-07-11T00:00:00.000Z", "iqmIoId": 5744, "createdAt": "2025-07-07T16:11:44.238Z", "createdBy": "24975ca2-6aed-4a8f-8656-519069e1f613", "startDate": "2025-07-08T00:00:00.000Z", "updatedAt": "2025-07-07T16:11:47.664Z", "budgetType": "currency", "timezoneId": 29, "description": "test", "totalBudget": 4562.0, "iqmBudgetDay": null, "iqmPerformanceGoal": null, "platformReferences": {"ioId": 5744, "owId": 2148, "ioName": "test io ad", "ioEndTime": 1752192000000, "ioStatusId": 1, "ioStartTime": 1751932800000, "ioTimeZoneId": 29, "ioTotalBudget": 4562, "createdByUowId": 41148, "ioBudgetTypeId": 1, "isIoPrioritise": false, "modifiedByUowId": 41148, "ioCurrentPriority": null, "ioTotalImpressions": null, "ioLastPriorityShift": null, "ioNextPerformanceCheck": null, "isAutoSumIoTotalBudget": false, "ioBudgetDistributionMethodId": 1}, "iqmDistributionMethodId": null, "budgetDistributionMethod": "manual"}	{"id": "77ed846c-0167-4c42-82fa-33412c13d493", "name": "test io ad4", "orgId": "6a6a836d-0a3d-499f-8f37-7f958307a587", "status": "draft", "endDate": "2025-07-11T00:00:00.000Z", "iqmIoId": 5744, "createdAt": "2025-07-07T16:11:44.238Z", "createdBy": "24975ca2-6aed-4a8f-8656-519069e1f613", "startDate": "2025-07-08T00:00:00.000Z", "updatedAt": "2025-07-07T16:12:08.727Z", "budgetType": "currency", "timezoneId": 29, "description": "test", "totalBudget": 4562.0, "iqmBudgetDay": null, "iqmPerformanceGoal": null, "platformReferences": {"ioId": 5744, "owId": 2148, "ioName": "test io ad", "ioEndTime": 1752192000000, "ioStatusId": 1, "ioStartTime": 1751932800000, "ioTimeZoneId": 29, "ioTotalBudget": 4562, "createdByUowId": 41148, "ioBudgetTypeId": 1, "isIoPrioritise": false, "modifiedByUowId": 41148, "ioCurrentPriority": null, "ioTotalImpressions": null, "ioLastPriorityShift": null, "ioNextPerformanceCheck": null, "isAutoSumIoTotalBudget": false, "ioBudgetDistributionMethodId": 1}, "iqmDistributionMethodId": null, "budgetDistributionMethod": "manual"}	2025-07-07 16:12:11.77
\.


--
-- Data for Name: invoices; Type: TABLE DATA; Schema: public; Owner: postgres
--

COPY "public"."invoices" ("id", "org_id", "invoice_number", "amount", "currency", "status", "due_date", "paid_at", "invoice_data", "created_at", "updated_at") FROM stdin;
\.


--
-- Data for Name: iqm_configurations; Type: TABLE DATA; Schema: public; Owner: postgres
--

COPY "public"."iqm_configurations" ("id", "workspace_id", "api_credentials", "default_settings", "viewability_settings", "status", "last_sync_at", "created_at", "updated_at") FROM stdin;
0e5d2bad-1df0-446b-aba6-3946dcfd214d	2148	{"email": "nitin.gupta@nexgenai.io", "headers": {"Accept": "application/json", "X-Iaa-Host": "app.iqm.com", "Content-Type": "application/json", "Authorization": "Basic cmF3LmdvcDpna0JkSEtDblU2RFdiSjlMTw=="}, "password": "%eZE6GKK>qru8qA>", "grantType": "password"}	{}	{}	active	2025-07-25 14:24:35.531+00	2025-07-01 17:11:32.374154+00	2025-07-25 14:24:35.532+00
\.


--
-- Data for Name: iqm_campaigns; Type: TABLE DATA; Schema: public; Owner: postgres
--

COPY "public"."iqm_campaigns" ("id", "campaign_id", "iqm_configuration_id", "platform_campaign_id", "advertiser_domain", "creative_type", "campaign_type", "total_budget_pacing", "is_tv_ad", "budget_day", "budget_total", "max_bid", "dsp_margin", "platform_margin", "user_deal_margin", "targeting", "status", "server_logs", "created_at", "updated_at", "scheduling", "demographics", "bid_pacing", "impression_capping", "max_day_clicks", "max_day_conversions", "max_day_impressions", "total_clicks", "total_conversions", "total_impressions") FROM stdin;
446c4286-2067-424a-ab97-170d2696f981	ccd62627-78bb-4e33-aff5-b17ca81048b5	0e5d2bad-1df0-446b-aba6-3946dcfd214d	e142f6c7-4184-4f69-9214-8445f17efab6	http://localhost:3000/campaign	\N	1	t	f	5000.00	50089.00	0.00	0	0	0	{"stateIds": "", "countryId": 30100001}	pending	{}	2025-07-03 11:21:45.317+00	2025-07-03 11:21:45.317+00	{"0": [["00:00:00", "23:59:59"]], "1": [["00:00:00", "10:00:00"]]}	{"genderIds": "10200001,10200002", "ageRangeIds": "10100001,10100009", "interestIds": "10800081,10800104", "languageIds": "10500056,10500063", "ethnicityIds": "10600001,10600004", "incomeRangeIds": "10300001,10300002,10300003"}	f	\N	\N	\N	\N	\N	\N	\N
9ed4b026-bf54-43e7-b013-ba19bcaaf4de	71e58a96-91b0-4997-887b-997082a652b4	0e5d2bad-1df0-446b-aba6-3946dcfd214d	eef42137-e0a4-4c95-af28-b98c95b0a94f	example.com	\N	1	t	f	0.00	0.00	0.00	0	0	0	{}	pending	{}	2025-07-03 16:03:59.774+00	2025-07-03 16:03:59.774+00	{}	{"genderIds": "", "ageRangeIds": "", "interestIds": "", "languageIds": "", "ethnicityIds": "", "incomeRangeIds": ""}	f	\N	\N	\N	\N	\N	\N	\N
9478a447-59a4-4285-8965-19e1d78dfe39	ccdfa5e9-72aa-42c1-8307-6036f425e353	0e5d2bad-1df0-446b-aba6-3946dcfd214d	d12e95e7-edd1-4b97-a646-2bf7cac7a578	http://localhost:3000/	\N	1	t	f	123.00	123.00	0.00	0	0	0	{"stateIds": "", "countryId": 30100001}	pending	{}	2025-07-03 16:08:23.122+00	2025-07-03 16:08:23.122+00	{"0": [["02:00:00", "23:59:59"]], "1": [["00:00:00", "23:59:59"]], "2": [["00:00:00", "10:00:00"]], "3": [["05:00:00", "06:00:00"]], "4": [["07:00:00", "08:00:00"]]}	{"genderIds": "10200001,10200002", "ageRangeIds": "10100008,10100009", "interestIds": "10800075", "languageIds": "10500034,10500048", "ethnicityIds": "10600002,10600003", "incomeRangeIds": "10300002,10300003"}	f	\N	\N	\N	\N	\N	\N	\N
2bdaf2ed-81e7-4b1f-af82-c06c47a8f471	7be4e08d-9f88-4ea2-be51-9cfef6ae8ca7	0e5d2bad-1df0-446b-aba6-3946dcfd214d	dc14ec83-0cbc-4412-be05-e62a7f773b27	http://localhost:3000/campaign	\N	1	t	f	800.00	8000.00	0.00	0	0	0	{"stateIds": "30200031,30200032", "countryId": 30100001}	pending	{}	2025-07-04 09:33:54.029+00	2025-07-04 10:52:30.306+00	{"0": [["00:00:00", "23:59:59"]], "1": [["00:00:00", "23:59:59"]], "2": [["00:00:00", "08:00:00"]]}	{"genderIds": "10200001,10200002", "ageRangeIds": "10100001,10100008", "interestIds": "10800042,10800058", "languageIds": "10500007,10500034", "ethnicityIds": "10600002", "incomeRangeIds": "10300002"}	f	\N	\N	\N	\N	\N	\N	\N
a28dcac9-5db2-4c06-ad54-8f3158c848c5	418ee0cb-2da1-40bb-8b2e-6f8f70b90547	0e5d2bad-1df0-446b-aba6-3946dcfd214d	2fafa978-6b20-409a-85e2-05b06679691f	http://example.com	\N	1	t	f	1234.00	123.00	0.00	0	0	0	{"stateIds": "30200041,30200042", "countryId": 30100001}	pending	{}	2025-07-04 09:49:57.868+00	2025-07-04 09:54:06.916+00	{"0": [["04:00:00", "23:59:59"]], "1": [["00:00:00", "06:00:00"]], "2": [["05:00:00", "06:00:00"]], "3": [["04:00:00", "05:00:00"]]}	{"genderIds": "10200001", "ageRangeIds": "10100008,10100009", "interestIds": "10800058,10800104", "languageIds": "10500034,10500048", "ethnicityIds": "10600002", "incomeRangeIds": "10300002,10300003"}	f	\N	\N	\N	\N	\N	\N	\N
432decd3-c6f3-41c3-8813-8e8f3626c234	189bcf57-05b3-4f15-842d-1d1f0416d7dc	0e5d2bad-1df0-446b-aba6-3946dcfd214d	29bd2a5d-13dc-4a07-b4ba-eed9ed154d3e	http://localhost:3000/campaign	\N	1	t	f	800.00	8000.00	0.00	0	0	0	{"stateIds": "30200031,30200032", "countryId": 30100001}	pending	{}	2025-07-04 11:30:29.325+00	2025-07-04 11:30:37.19+00	{"0": [["00:00:00", "23:59:59"]], "1": [["00:00:00", "23:59:59"]], "2": [["00:00:00", "08:00:00"]]}	{"genderIds": "10200001,10200002", "ageRangeIds": "10100001,10100008", "interestIds": "10800042,10800058", "languageIds": "10500007,10500034", "ethnicityIds": "10600002", "incomeRangeIds": "10300002"}	f	\N	\N	\N	\N	\N	\N	\N
c8b83002-1da4-4798-996e-e27aa90c2c0b	64ad0190-8fb4-45fb-ad4d-0d6997525d59	0e5d2bad-1df0-446b-aba6-3946dcfd214d	aa310a25-ac3f-4dcc-8ce2-07d2f830b45e	google.com	\N	1	t	f	1000.00	2000.00	0.00	0	0	0	{"stateIds": "", "countryId": 30100001}	pending	{}	2025-07-03 16:59:01.558+00	2025-07-03 16:59:01.558+00	{"0": [["02:00:00", "23:59:59"]], "2": [["04:00:00", "11:00:00"]], "3": [["12:00:00", "13:00:00"]], "4": [["04:00:00", "23:59:59"]]}	{"genderIds": "10200001,10200002", "ageRangeIds": "10100008,10100009", "interestIds": "10800058,10800075", "languageIds": "10500007,10500034", "ethnicityIds": "10600001,10600002", "incomeRangeIds": "10300002,10300003"}	f	\N	\N	\N	\N	\N	\N	\N
ab6a537f-e35a-40ea-a936-273d85afdb2f	ec7b3b52-06c5-4a01-b213-a7b7bc7dc518	0e5d2bad-1df0-446b-aba6-3946dcfd214d	1e017419-046a-4917-bcfd-41bd777df4d8	http://example.com	\N	1	t	f	12.00	123.00	0.00	0	0	0	{"stateIds": "30200025,30200042", "countryId": 30100001}	pending	{}	2025-07-04 16:45:11.64+00	2025-07-04 16:51:24.341+00	{"0": [["03:00:00", "23:59:59"]], "1": [["00:00:00", "05:00:00"]], "2": [["04:00:00", "05:00:00"]], "3": [["06:00:00", "07:00:00"]]}	{"genderIds": "10200001,10200002", "ageRangeIds": "10100003,10100008,10100009", "interestIds": "10800058,10800075", "languageIds": "10500048", "ethnicityIds": "10600001,10600002", "incomeRangeIds": "10300002,10300003"}	f	\N	\N	\N	\N	\N	\N	\N
8c2710d3-ae4d-4337-a09c-30839be7a4a4	30d33c1b-6eab-41a8-86f7-531d6ea11acf	0e5d2bad-1df0-446b-aba6-3946dcfd214d	3e963cc6-dd89-416d-ad9d-50a79af852b5	http://example.com	\N	1	t	f	100.00	1000.00	0.00	0	0	0	{"stateIds": "30200028,30200029", "countryId": 30100001}	pending	{}	2025-07-07 10:51:38.6+00	2025-07-07 10:57:58.842+00	{"0": [["02:00:00", "23:59:59"]], "1": [["00:00:00", "23:59:59"]], "2": [["00:00:00", "07:00:00"]], "3": [["09:00:00", "10:00:00"]], "4": [["06:00:00", "07:00:00"]]}	{"genderIds": "10200001,10200002", "ageRangeIds": "10100003,10100008", "interestIds": "10800075", "languageIds": "10500048", "ethnicityIds": "10600006,10600008", "incomeRangeIds": "10300002,10300003"}	f	\N	\N	\N	\N	\N	\N	\N
2aa7d0ca-a178-4901-863e-c93e9a0dc0ee	af47797a-e757-42f3-8a4d-72430685eb4c	0e5d2bad-1df0-446b-aba6-3946dcfd214d	3beec534-eeea-43a2-92d5-9282e757462a	example.com	\N	1	t	f	0.00	0.00	0.00	0	0	0	{"dmaIds": "", "stateIds": "", "countryId": 30100001, "houseDistrictIds": "", "senateDistrictIds": "", "whiteListedCityIds": "", "whiteListedCountyIds": "", "congressionalDistrictIds": ""}	pending	{}	2025-07-07 14:47:43.14+00	2025-07-07 15:29:09.475+00	{}	{"genderIds": "", "ageRangeIds": "", "interestIds": "", "languageIds": "", "ethnicityIds": "", "incomeRangeIds": ""}	f	\N	\N	\N	\N	\N	\N	\N
17716974-70a9-47ff-b0fe-f6dfd1954f7f	3012fa4b-3cea-4e76-8f33-6307e6bc11be	0e5d2bad-1df0-446b-aba6-3946dcfd214d	7799b343-d3b7-4084-af4b-3e3afc2e4b8c	example.com	\N	1	t	f	500.00	5000.00	0.00	0	0	0	{"dmaIds": "", "stateIds": "30200031", "countryId": 30100001, "houseDistrictIds": "", "senateDistrictIds": "", "whiteListedCityIds": "", "whiteListedCountyIds": "30301147", "congressionalDistrictIds": ""}	pending	{}	2025-07-04 11:49:17.276+00	2025-07-07 11:05:58.503+00	{"0": [["00:00:00", "23:59:59"]], "1": [["00:00:00", "09:00:00"]]}	{"genderIds": "10200001,10200002", "ageRangeIds": "10100001,10100008", "interestIds": "10800058", "languageIds": "10500007,10500048", "ethnicityIds": "10600010", "incomeRangeIds": "10300002"}	f	\N	\N	\N	\N	\N	\N	\N
5fc9b924-f907-4525-b5f8-b89a3156ae70	3ac59c55-4bdd-4ae2-a0d5-3cb783039b9f	0e5d2bad-1df0-446b-aba6-3946dcfd214d	9a22bdbe-5076-409c-9fbf-c5d8fa660789	example.com	\N	1	t	f	500.00	5000.00	0.00	0	0	0	{"dmaIds": "", "stateIds": "30200031", "countryId": 30100001, "houseDistrictIds": "", "senateDistrictIds": "", "whiteListedCityIds": "", "whiteListedCountyIds": "", "congressionalDistrictIds": ""}	pending	{}	2025-07-08 08:40:38.121+00	2025-07-10 08:55:44.423+00	{}	{"genderIds": "", "ageRangeIds": "", "interestIds": "", "languageIds": "", "ethnicityIds": "", "incomeRangeIds": ""}	f	\N	\N	\N	\N	\N	\N	\N
07d67e36-bd84-48fd-be79-e8021ef0115c	aca53970-7292-4ffb-be25-7e939b0b8ca9	0e5d2bad-1df0-446b-aba6-3946dcfd214d	0250f517-7679-4e53-a70f-8806b4ff007c	http://example.com	\N	1	t	f	1234.00	23.00	0.00	0	0	0	{"dmaIds": "", "stateIds": "30200025", "countryId": 30100001, "houseDistrictIds": "", "senateDistrictIds": "", "whiteListedCityIds": "", "whiteListedCountyIds": "", "congressionalDistrictIds": ""}	pending	{}	2025-07-08 11:36:41.678+00	2025-07-08 11:40:10.098+00	{"0": [["02:00:00", "23:59:59"]], "1": [["00:00:00", "04:00:00"]], "3": [["16:00:00", "17:00:00"]]}	{"genderIds": "10200001", "ageRangeIds": "10100008", "interestIds": "10800058", "languageIds": "10500034", "ethnicityIds": "10600003", "incomeRangeIds": "10300002"}	f	\N	\N	\N	\N	\N	\N	\N
9455121e-25fe-431a-87ee-1d18f8a115ae	ef44fa31-e706-4caf-8a64-7fd48515e2dc	0e5d2bad-1df0-446b-aba6-3946dcfd214d	1848b25a-3ac4-41ca-aebf-261011dfcf9f	example.com	\N	1	t	f	0.00	0.00	0.00	0	0	0	{}	pending	{}	2025-07-08 12:54:50.235+00	2025-07-08 12:54:50.235+00	{}	{"genderIds": "", "ageRangeIds": "", "interestIds": "", "languageIds": "", "ethnicityIds": "", "incomeRangeIds": ""}	f	\N	\N	\N	\N	\N	\N	\N
9b93448e-789c-453c-ab9d-df60762ee9f6	dafc4adc-ec43-4b83-99e9-48614fcfe44e	0e5d2bad-1df0-446b-aba6-3946dcfd214d	9de669d5-6aff-4b0e-8b10-f4d2924aaa35	http://example.com	17	1	t	f	130.00	1300.00	0.00	0	0	0	{"dmaIds": "", "stateIds": "30200032,30200035", "countryId": 30100001, "houseDistrictIds": "", "senateDistrictIds": "", "whiteListedCityIds": "", "whiteListedCountyIds": "", "congressionalDistrictIds": ""}	pending	{}	2025-07-09 13:43:23.165+00	2025-07-09 13:58:34.455+00	{"0": [["05:00:00", "08:00:00"]], "2": [["05:00:00", "06:00:00"]], "3": [["04:00:00", "05:00:00"], ["07:00:00", "10:00:00"]]}	{"genderIds": "10200001", "ageRangeIds": "10100003", "interestIds": "10800058,10800075", "languageIds": "10500048", "ethnicityIds": "10700001,10700003", "incomeRangeIds": "10300004"}	f	\N	\N	\N	\N	\N	\N	\N
d35cc901-63b6-4a82-84e5-e2392c5c3c55	dcfdf36f-45e1-429b-ba86-ae3189af33f6	0e5d2bad-1df0-446b-aba6-3946dcfd214d	2f39eb13-5ca5-4b24-ba32-88c7e565e701	http://example.com	11	1	t	f	1234.00	12345.00	0.00	0	0	0	{"dmaIds": "30900047", "stateIds": "30200025,30200041", "countryId": 30100001, "houseDistrictIds": "30802588", "senateDistrictIds": "30712914", "whiteListedCityIds": "30400234", "whiteListedCountyIds": "30313401", "congressionalDistrictIds": "30612222"}	pending	{}	2025-07-08 11:52:19.647+00	2025-07-09 11:52:49.898+00	{"0": [["01:00:00", "23:59:59"]], "1": [["00:00:00", "05:00:00"]], "2": [["03:00:00", "04:00:00"]]}	{"genderIds": "10200002", "ageRangeIds": "10100008,10100009", "interestIds": "10800058", "languageIds": "10500034", "ethnicityIds": "", "incomeRangeIds": "10300002"}	f	\N	\N	\N	\N	\N	\N	\N
aa3df054-ee13-4f1b-8827-24d8e902d582	0413489e-2f23-4adb-97e3-8c40f7755892	0e5d2bad-1df0-446b-aba6-3946dcfd214d	bbe9c95b-6a4b-491a-a695-fe5b96b950ac	http://example.com	11	1	t	f	100.00	15555.00	0.00	0	0	0	{"dmaIds": "", "stateIds": "30200028", "countryId": 30100001, "houseDistrictIds": "", "senateDistrictIds": "", "whiteListedCityIds": "30400183", "whiteListedCountyIds": "", "congressionalDistrictIds": ""}	pending	{}	2025-07-09 12:34:31.63+00	2025-07-09 12:40:03.792+00	{"0": [["01:00:00", "23:59:59"]], "1": [["00:00:00", "05:00:00"]], "2": [["03:00:00", "04:00:00"]], "3": [["06:00:00", "07:00:00"]]}	{"genderIds": "10200001,10200002", "ageRangeIds": "10100003", "interestIds": "10800058,10800075", "languageIds": "10500034,10500048", "ethnicityIds": "", "incomeRangeIds": "10300002,10300003"}	f	\N	\N	\N	\N	\N	\N	\N
ca66f067-e0f4-43c9-960b-278b1bf363ce	d5dd284c-5acb-46f7-b095-34861d6f877b	0e5d2bad-1df0-446b-aba6-3946dcfd214d	f4b54937-e040-4888-8de2-9cec57444bba	example.com	\N	1	t	f	500.00	5000.00	0.00	0	0	0	{"dmaIds": "", "stateIds": "30200031", "countryId": 30100001, "houseDistrictIds": "", "senateDistrictIds": "", "whiteListedCityIds": "", "whiteListedCountyIds": "", "congressionalDistrictIds": ""}	pending	{}	2025-07-10 09:14:15.115+00	2025-07-10 09:14:15.115+00	{}	{"genderIds": "", "ageRangeIds": "", "interestIds": "", "languageIds": "", "ethnicityIds": "", "incomeRangeIds": ""}	f	\N	\N	\N	\N	\N	\N	\N
ab0f7a0d-a803-49df-a31e-3ea919618701	1da47c15-a250-4b76-a799-ec9b762ac54a	0e5d2bad-1df0-446b-aba6-3946dcfd214d	ff8f09e0-e982-4a92-a21b-08759fdfb451	http://example.com	14	1	t	f	100.00	10000.00	0.00	0	0	0	{"dmaIds": "", "stateIds": "", "countryId": 30100001, "houseDistrictIds": "", "senateDistrictIds": "", "whiteListedCityIds": "30436214,304126226", "whiteListedCountyIds": "", "congressionalDistrictIds": ""}	pending	{}	2025-07-09 13:22:27.836+00	2025-07-09 13:35:23.837+00	{"0": [["01:00:00", "23:59:59"]], "1": [["00:00:00", "05:00:00"]], "2": [["03:00:00", "04:00:00"]]}	{"genderIds": "10200001,10200002", "ageRangeIds": "10100003", "interestIds": "10800058,10800075", "languageIds": "10500034,10500048", "ethnicityIds": "10600006", "incomeRangeIds": "10300002,10300003"}	f	\N	\N	\N	\N	\N	\N	\N
40fe0c27-16f4-4f44-9939-7d5ddb8d0d69	84c97357-9ed6-40f4-8a7f-38910938125c	0e5d2bad-1df0-446b-aba6-3946dcfd214d	7f0226a6-5c75-4bc3-9ca3-26910f8ea6e3	http://example.com/campaign	11	1	t	f	500.00	5000.00	0.00	0	0	0	{"dmaIds": "30900015", "stateIds": "30200031", "countryId": 30100001, "houseDistrictIds": "", "senateDistrictIds": "", "whiteListedCityIds": "", "whiteListedCountyIds": "", "congressionalDistrictIds": ""}	pending	{}	2025-07-10 09:23:11.052+00	2025-07-10 13:19:46.298+00	{"0": [["00:00:00", "23:59:59"]], "1": [["00:00:00", "10:00:00"]]}	{"genderIds": "", "ageRangeIds": "10100001", "interestIds": "", "languageIds": "", "ethnicityIds": "", "incomeRangeIds": ""}	f	\N	\N	\N	\N	\N	\N	\N
a0b04bc7-18f2-4bfe-8ed8-561ef50b51a2	f8b2b515-62b7-4810-8be2-7a410442fe09	0e5d2bad-1df0-446b-aba6-3946dcfd214d	7e49af01-eb0d-4023-b51f-175f29ba7195	http://example.com	13	1	t	f	500.00	2000.00	0.00	0	0	0	{"dmaIds": "", "stateIds": "30200041,30200042", "countryId": 30100001, "houseDistrictIds": "", "senateDistrictIds": "", "whiteListedCityIds": "30400234", "whiteListedCountyIds": "30300025", "congressionalDistrictIds": ""}	pending	{}	2025-07-09 14:33:11.222+00	2025-07-10 13:09:23.933+00	{"0": [["03:00:00", "23:59:59"]], "1": [["00:00:00", "05:00:00"]], "2": [["05:00:00", "06:00:00"]], "3": [["03:00:00", "04:00:00"]]}	{"genderIds": "10200002", "ageRangeIds": "10100008", "interestIds": "10800081", "languageIds": "10500048,10500056", "ethnicityIds": "10700004", "incomeRangeIds": "10300003"}	f	\N	\N	\N	\N	\N	\N	\N
ef1499c0-ecad-4491-86d6-0fecd4db8e1f	09486da4-10d1-47e7-b3dd-1348459255de	0e5d2bad-1df0-446b-aba6-3946dcfd214d	a9a6cd30-46f9-42bd-acfd-a30ee7352714	http://example.com/campaign	\N	1	t	f	500.00	6000.00	0.00	0	0	0	{"dmaIds": "30900015", "stateIds": "30200031", "countryId": 30100001, "houseDistrictIds": "", "senateDistrictIds": "", "whiteListedCityIds": "", "whiteListedCountyIds": "", "congressionalDistrictIds": ""}	pending	{}	2025-07-10 10:05:00.239+00	2025-07-10 12:18:29.207+00	{"1": [["11:00:00", "12:00:00"]]}	{"genderIds": "10200001", "ageRangeIds": "10100001", "interestIds": "10800042", "languageIds": "10500048", "ethnicityIds": "10700002", "incomeRangeIds": "10300002"}	f	\N	\N	\N	\N	\N	\N	\N
c7dd1bf9-981a-43cb-a2e0-5ba180806ea0	ca4533e1-5f70-4a19-bbcd-1e4159ed9cee	0e5d2bad-1df0-446b-aba6-3946dcfd214d	cd048971-3de0-434f-b89b-edec29f90b60	http://example.com/campaign	11	1	t	f	600.00	7000.00	0.00	0	0	0	{"dmaIds": "30900015", "stateIds": "", "countryId": 30100001, "houseDistrictIds": "", "senateDistrictIds": "", "whiteListedCityIds": "", "whiteListedCountyIds": "30301147", "congressionalDistrictIds": ""}	pending	{}	2025-07-10 13:44:17.61+00	2025-07-11 09:45:50.788+00	{"0": [["00:00:00", "23:59:59"]], "1": [["00:00:00", "23:59:59"]], "2": [["00:00:00", "10:00:00"]]}	{"genderIds": "10200001,10200002", "ageRangeIds": "10100008,10100009", "interestIds": "10800042", "languageIds": "10500048", "ethnicityIds": "10700001", "incomeRangeIds": "10300001"}	f	\N	\N	\N	\N	\N	\N	\N
57e74563-19fe-469f-82f4-949a492706c7	c04fd7cf-7959-4315-aab8-ba59566a072a	0e5d2bad-1df0-446b-aba6-3946dcfd214d	7ad8210e-8ad7-4569-9ee6-6f91a0057280	http://example.com	11	1	t	f	500.00	2000.00	0.00	0	0	0	{"dmaIds": "", "stateIds": "30200041,30200042", "countryId": 30100001, "houseDistrictIds": "", "senateDistrictIds": "", "whiteListedCityIds": "30400234", "whiteListedCountyIds": "30300025", "congressionalDistrictIds": ""}	pending	{}	2025-07-09 16:24:34.169+00	2025-07-11 11:38:17.459+00	{"0": [["03:00:00", "23:59:59"]], "1": [["00:00:00", "05:00:00"]], "2": [["05:00:00", "06:00:00"]], "3": [["03:00:00", "04:00:00"]]}	{"genderIds": "10200002", "ageRangeIds": "10100008", "interestIds": "10800081", "languageIds": "10500048,10500056", "ethnicityIds": "10700004", "incomeRangeIds": "10300003"}	f	\N	\N	\N	\N	\N	\N	\N
ffec9dd1-2cb7-41a1-828a-c985c3d2fb49	87ab5681-2967-4ab1-83fa-413c3e262fd8	0e5d2bad-1df0-446b-aba6-3946dcfd214d	49a1dbac-4cae-4176-8a8e-8dbf34591511	https://example.com	11	1	t	f	0.00	0.00	0.00	0	0	0	{"dmaIds": "30900015", "stateIds": "30200031", "countryId": 30100001, "houseDistrictIds": "", "senateDistrictIds": "", "whiteListedCityIds": "", "whiteListedCountyIds": "", "congressionalDistrictIds": ""}	pending	{}	2025-07-10 13:24:54.559+00	2025-07-10 13:29:21.284+00	{}	{"genderIds": "", "ageRangeIds": "", "interestIds": "", "languageIds": "", "ethnicityIds": "", "incomeRangeIds": ""}	f	\N	\N	\N	\N	\N	\N	\N
5ccfca68-5fb2-4cb1-afb7-c0ab6aca33af	c1528e0f-d48d-44e3-8f68-1938a1f36af6	0e5d2bad-1df0-446b-aba6-3946dcfd214d	490f3381-07be-4ddf-b6f8-f67979583ac6	http://example.com	11	1	t	f	100.00	10000.00	0.00	0	0	0	{}	pending	{}	2025-07-11 11:40:43.351+00	2025-07-15 10:03:47.912+00	{"0": [["05:00:00", "23:59:59"]], "1": [["00:00:00", "07:00:00"]], "2": [["07:00:00", "08:00:00"]], "3": [["05:00:00", "06:00:00"]]}	{"genderIds": "10200001,10200002", "ageRangeIds": "10100008,10100009", "interestIds": "10800075", "languageIds": "10500048,10500056", "ethnicityIds": "10700004", "incomeRangeIds": "10300002,10300003"}	t	3	1	1	3	1	3	5
046a0789-4e54-49db-8b7f-110ca20da9cb	1105db51-e162-4ae2-8595-f47a38cdcf2b	0e5d2bad-1df0-446b-aba6-3946dcfd214d	25bc0764-d8ec-4a09-89b5-b25d8ee30bc5	http://example.com/campaign	11	1	t	f	200.00	1000.00	0.00	0	0	0	{"dmaIds": "30900007", "stateIds": "30200032,30200035", "countryId": 30100001, "houseDistrictIds": "", "senateDistrictIds": "", "whiteListedCityIds": "", "whiteListedCountyIds": "", "congressionalDistrictIds": ""}	pending	{}	2025-07-25 05:35:34.109+00	2025-07-25 05:36:44.651+00	{"0": [["01:00:00", "23:59:59"]], "1": [["00:00:00", "08:00:00"]], "2": [["02:00:00", "23:59:59"]], "3": [["00:00:00", "23:59:59"]], "4": [["00:00:00", "10:00:00"]]}	{"genderIds": "10200001,10200002", "ageRangeIds": "10100003,10100004,10100008,10100009", "interestIds": "10800042,10800081", "languageIds": "10500048,10500056", "ethnicityIds": "10700001", "incomeRangeIds": "10300002,10300003"}	t	0	0	0	0	0	0	0
\.


--
-- Data for Name: iqm_analytics; Type: TABLE DATA; Schema: public; Owner: postgres
--

COPY "public"."iqm_analytics" ("id", "iqm_campaign_id", "date", "impressions", "clicks", "conversions", "spend", "viewability_rate", "completion_rate", "iqm_specific_metrics", "raw_data", "created_at", "updated_at") FROM stdin;
\.


--
-- Data for Name: line_items; Type: TABLE DATA; Schema: public; Owner: postgres
--

COPY "public"."line_items" ("id", "platform_specific_campaign_id", "platform_line_item_id", "name", "product_type", "goal", "bid_strategy", "bid_amount", "status", "platform_specific_fields", "server_logs", "created_at", "updated_at") FROM stdin;
\.


--
-- Data for Name: meta_configurations; Type: TABLE DATA; Schema: public; Owner: postgres
--

COPY "public"."meta_configurations" ("id", "org_id", "ad_account_id", "business_manager_id", "api_credentials", "default_settings", "pixel_id", "status", "last_sync_at", "created_at", "updated_at") FROM stdin;
\.


--
-- Data for Name: meta_campaigns; Type: TABLE DATA; Schema: public; Owner: postgres
--

COPY "public"."meta_campaigns" ("id", "campaign_id", "meta_configuration_id", "platform_campaign_id", "objective", "buying_type", "budget", "daily_budget", "bid_strategy", "bid_amount", "targeting", "status", "platform_status", "server_logs", "created_at", "updated_at") FROM stdin;
\.


--
-- Data for Name: meta_ad_sets; Type: TABLE DATA; Schema: public; Owner: postgres
--

COPY "public"."meta_ad_sets" ("id", "meta_campaign_id", "platform_ad_set_id", "name", "optimization_goal", "billing_event", "bid_amount", "budget", "daily_budget", "targeting", "status", "platform_status", "server_logs", "created_at", "updated_at") FROM stdin;
\.


--
-- Data for Name: meta_ads; Type: TABLE DATA; Schema: public; Owner: postgres
--

COPY "public"."meta_ads" ("id", "meta_ad_set_id", "creative_id", "platform_ad_id", "name", "status", "platform_status", "ad_creative_data", "tracking_specs", "server_logs", "created_at", "updated_at") FROM stdin;
\.


--
-- Data for Name: onboarding_steps; Type: TABLE DATA; Schema: public; Owner: postgres
--

COPY "public"."onboarding_steps" ("id", "org_id", "is_completed", "completed_at", "step_data", "created_at", "updated_at", "step_type", "user_id") FROM stdin;
3565d417-b73a-4dd6-b126-83fb2a56f943	fcb7f88c-6f3c-4a3c-9768-2760dac115b1	t	2025-07-01 16:21:30.37+00	{"organizationId": "fcb7f88c-6f3c-4a3c-9768-2760dac115b1", "organizationCreated": true}	2025-07-01 16:21:21.523+00	2025-07-01 16:21:30.37+00	organization_setup	6c606592-973b-48fe-a459-7368e775dfc5
a38a7f24-d228-424b-a03d-009c3dd2a366	fcb7f88c-6f3c-4a3c-9768-2760dac115b1	t	2025-07-01 16:21:39.894+00	{"role": "campaign_manager", "industryFocus": "political_campaign"}	2025-07-01 16:21:33.89+00	2025-07-01 16:21:39.894+00	personal_info	6c606592-973b-48fe-a459-7368e775dfc5
1ebf2bed-97f3-41fe-bf29-05735918ff02	fcb7f88c-6f3c-4a3c-9768-2760dac115b1	t	2025-07-01 16:21:49.493+00	{"targetLocations": ["ny", "tx", "national", "il"], "campaignObjective": "awareness"}	2025-07-01 16:21:49.496+00	2025-07-01 16:21:49.496+00	campaign_preferences	6c606592-973b-48fe-a459-7368e775dfc5
573ad848-ba5e-4916-a4f2-57dde3a4d5d2	fcb7f88c-6f3c-4a3c-9768-2760dac115b1	t	2025-07-01 16:22:00.919+00	{"adPlatforms": ["ott", "facebook", "x", "instagram"], "campaignTypes": ["video", "display", "native", "audio", "text"]}	2025-07-01 16:22:00.921+00	2025-07-01 16:22:00.921+00	platform_preferences	6c606592-973b-48fe-a459-7368e775dfc5
c7718f6c-e5c0-4526-a9b0-a522f397eb5c	d5f3c148-72db-4168-90c9-5d3178b5e435	t	2025-07-01 16:40:53.616+00	{"organizationId": "d5f3c148-72db-4168-90c9-5d3178b5e435", "organizationCreated": true}	2025-07-01 16:40:44.625+00	2025-07-01 16:40:53.616+00	organization_setup	3d04d309-fe74-4fca-aefa-d555528094ae
6c32a1d0-04b0-4dbc-bfda-22fa9e04e800	d5f3c148-72db-4168-90c9-5d3178b5e435	t	2025-07-01 16:41:02.832+00	{"role": "campaign_manager", "industryFocus": "political_campaign"}	2025-07-01 16:40:55.367+00	2025-07-01 16:41:02.832+00	personal_info	3d04d309-fe74-4fca-aefa-d555528094ae
4761a38e-1a22-4924-8674-b1fb36cb3b09	d5f3c148-72db-4168-90c9-5d3178b5e435	t	2025-07-01 16:41:14.631+00	{"targetLocations": ["ca", "ny", "tx", "il", "national", "fl"], "campaignObjective": "awareness"}	2025-07-01 16:41:14.634+00	2025-07-01 16:41:14.634+00	campaign_preferences	3d04d309-fe74-4fca-aefa-d555528094ae
fc812164-3a56-48a1-94bf-f6e67ad2fe23	d5f3c148-72db-4168-90c9-5d3178b5e435	t	2025-07-01 16:41:23.529+00	{"adPlatforms": ["ott"], "campaignTypes": ["video", "display", "native", "audio", "text"]}	2025-07-01 16:41:23.531+00	2025-07-01 16:41:23.531+00	platform_preferences	3d04d309-fe74-4fca-aefa-d555528094ae
1d40f471-f867-4fa8-b51f-2f4612adcbbd	ef7a1028-beeb-4c63-9c83-4096a3156e3c	t	2025-07-03 15:04:09.914+00	{"organizationId": "ef7a1028-beeb-4c63-9c83-4096a3156e3c", "organizationCreated": true}	2025-07-03 15:04:00.916+00	2025-07-03 15:04:09.914+00	organization_setup	170632c9-7a87-42d7-a2b3-7f027e49aa2a
282241c6-0970-45b1-947f-22551880813a	ef7a1028-beeb-4c63-9c83-4096a3156e3c	t	2025-07-03 15:04:28.245+00	{"role": "campaign_manager", "industryFocus": "political_campaign"}	2025-07-03 15:04:12.856+00	2025-07-03 15:04:28.245+00	personal_info	170632c9-7a87-42d7-a2b3-7f027e49aa2a
188f7aad-25f1-4c87-bd98-09e352d45d76	ef7a1028-beeb-4c63-9c83-4096a3156e3c	t	2025-07-03 15:04:39.694+00	{"targetLocations": ["ca", "ny", "tx", "il", "national", "fl"], "campaignObjective": "awareness"}	2025-07-03 15:04:39.696+00	2025-07-03 15:04:39.696+00	campaign_preferences	170632c9-7a87-42d7-a2b3-7f027e49aa2a
dff68ca9-82a6-4b89-94e0-c6ff3ffa5b76	ef7a1028-beeb-4c63-9c83-4096a3156e3c	t	2025-07-03 15:04:51.648+00	{"adPlatforms": ["ott", "instagram", "x", "facebook"], "campaignTypes": ["video", "display", "native", "audio", "text"]}	2025-07-03 15:04:51.651+00	2025-07-03 15:04:51.651+00	platform_preferences	170632c9-7a87-42d7-a2b3-7f027e49aa2a
ffe1608b-e6ca-4d93-9b83-851e278ea7ea	bb6d62f7-1328-4f40-b230-adfcdba49745	t	2025-07-03 15:06:32.503+00	{"organizationId": "bb6d62f7-1328-4f40-b230-adfcdba49745", "organizationCreated": true}	2025-07-03 15:06:25.339+00	2025-07-03 15:06:32.503+00	organization_setup	be0922b5-598d-46f5-9092-83431681a7dc
96304729-a0cf-4ac5-92ca-2f82a4b6803e	bb6d62f7-1328-4f40-b230-adfcdba49745	t	2025-07-03 15:06:42.468+00	{"role": "campaign_manager", "industryFocus": "advocacy"}	2025-07-03 15:06:35.461+00	2025-07-03 15:06:42.468+00	personal_info	be0922b5-598d-46f5-9092-83431681a7dc
6c65db13-857e-4399-933d-aabacfac539e	bb6d62f7-1328-4f40-b230-adfcdba49745	t	2025-07-03 15:06:53.11+00	{"targetLocations": ["ca", "fl", "ny", "il", "tx", "national"], "campaignObjective": "consideration"}	2025-07-03 15:06:53.112+00	2025-07-03 15:06:53.112+00	campaign_preferences	be0922b5-598d-46f5-9092-83431681a7dc
ca72c2c9-77dd-4b44-a129-ac04826559f7	bb6d62f7-1328-4f40-b230-adfcdba49745	t	2025-07-03 15:07:03.34+00	{"adPlatforms": ["ott", "facebook", "instagram", "x"], "campaignTypes": ["video", "display", "native", "text", "audio"]}	2025-07-03 15:07:03.342+00	2025-07-03 15:07:03.342+00	platform_preferences	be0922b5-598d-46f5-9092-83431681a7dc
df246b63-4bb6-449e-a155-7d675d7672f5	54b8420a-71c9-4197-8aef-750eae5921ea	t	2025-07-03 16:35:58.45+00	{"organizationId": "54b8420a-71c9-4197-8aef-750eae5921ea", "organizationCreated": true}	2025-07-03 16:35:50.741+00	2025-07-03 16:35:58.45+00	organization_setup	8d76623c-22a0-40bb-bc0c-f5f5d41c346f
5988c00b-0ff9-4cb8-84fa-6145f4e7f64b	54b8420a-71c9-4197-8aef-750eae5921ea	t	2025-07-03 16:42:09.811+00	{"role": "campaign_manager", "industryFocus": "political_campaign"}	2025-07-03 16:42:09.812+00	2025-07-03 16:42:09.812+00	personal_info	8d76623c-22a0-40bb-bc0c-f5f5d41c346f
382a5801-ff8d-42fc-9aea-e2ce29ff6952	54b8420a-71c9-4197-8aef-750eae5921ea	t	2025-07-03 16:43:46.645+00	{"targetLocations": ["ca", "ny"], "campaignObjective": "awareness"}	2025-07-03 16:42:18.946+00	2025-07-03 16:43:46.645+00	campaign_preferences	8d76623c-22a0-40bb-bc0c-f5f5d41c346f
0779f3f6-466a-4a72-818f-8bda93995a10	54b8420a-71c9-4197-8aef-750eae5921ea	t	2025-07-03 16:43:55.012+00	{"adPlatforms": ["ott", "facebook"], "campaignTypes": ["native"]}	2025-07-03 16:43:55.013+00	2025-07-03 16:43:55.013+00	platform_preferences	8d76623c-22a0-40bb-bc0c-f5f5d41c346f
ec9907c0-95ab-4ba7-9235-8dfdc9f299ff	55846b19-57b3-47f3-8daf-3176242a7961	t	2025-07-04 08:39:39.79+00	{"organizationId": "55846b19-57b3-47f3-8daf-3176242a7961", "organizationCreated": true}	2025-07-04 08:39:30.806+00	2025-07-04 08:39:39.79+00	organization_setup	600c8a3d-cbd3-40c6-afc0-cc8c247d289b
33ce09d2-9e08-4f43-afa9-7b7d9d7ed80c	55846b19-57b3-47f3-8daf-3176242a7961	t	2025-07-04 08:39:55.76+00	{"role": "campaign_manager", "industryFocus": "political_campaign"}	2025-07-04 08:39:47.665+00	2025-07-04 08:39:55.76+00	personal_info	600c8a3d-cbd3-40c6-afc0-cc8c247d289b
f4cf6333-2710-4db4-a619-cf2f56b12534	55846b19-57b3-47f3-8daf-3176242a7961	t	2025-07-04 08:40:07.971+00	{"targetLocations": ["ca", "ny"], "campaignObjective": "awareness"}	2025-07-04 08:40:07.974+00	2025-07-04 08:40:07.974+00	campaign_preferences	600c8a3d-cbd3-40c6-afc0-cc8c247d289b
ef198c28-b168-48ce-af00-79be99a8c32d	55846b19-57b3-47f3-8daf-3176242a7961	t	2025-07-04 08:40:22.739+00	{"adPlatforms": ["ott"], "campaignTypes": ["video", "display", "native", "text", "audio"]}	2025-07-04 08:40:22.741+00	2025-07-04 08:40:22.741+00	platform_preferences	600c8a3d-cbd3-40c6-afc0-cc8c247d289b
cd08d9b4-b150-4bdd-9748-bc56c77a6554	4afa1f6f-7abd-4fab-b9e0-b99f3008629b	t	2025-07-04 09:07:26.226+00	{"organizationId": "4afa1f6f-7abd-4fab-b9e0-b99f3008629b", "organizationCreated": true}	2025-07-04 09:07:12.315+00	2025-07-04 09:07:26.226+00	organization_setup	240b27c0-0c2d-47c2-9715-4ba4081085fc
baf28095-4f25-4ff7-b486-cd83686483f5	4afa1f6f-7abd-4fab-b9e0-b99f3008629b	t	2025-07-04 09:07:38.991+00	{"role": "campaign_manager", "industryFocus": "political_campaign"}	2025-07-04 09:07:31.258+00	2025-07-04 09:07:38.991+00	personal_info	240b27c0-0c2d-47c2-9715-4ba4081085fc
43d16d83-57a2-45aa-afab-b17939d6bdb3	4afa1f6f-7abd-4fab-b9e0-b99f3008629b	t	2025-07-04 09:07:50.824+00	{"targetLocations": ["ny"], "campaignObjective": "voter_registration"}	2025-07-04 09:07:50.826+00	2025-07-04 09:07:50.826+00	campaign_preferences	240b27c0-0c2d-47c2-9715-4ba4081085fc
e53da87c-23a0-49a4-93ab-904bb5d38054	4afa1f6f-7abd-4fab-b9e0-b99f3008629b	t	2025-07-04 09:08:04.886+00	{"adPlatforms": ["facebook", "instagram", "x", "ott"], "campaignTypes": ["video", "display", "audio", "text", "native"]}	2025-07-04 09:08:04.888+00	2025-07-04 09:08:04.888+00	platform_preferences	240b27c0-0c2d-47c2-9715-4ba4081085fc
f52828cf-70b0-4410-9eb1-24c3ef4b950b	46193251-355f-4801-98fc-d7cc3e24995b	t	2025-07-04 09:33:16.959+00	{"organizationId": "46193251-355f-4801-98fc-d7cc3e24995b", "organizationCreated": true}	2025-07-04 09:33:08.674+00	2025-07-04 09:33:16.959+00	organization_setup	02c728e6-84df-4f27-a8b7-b0ff6c6db382
1acd867f-1dd0-4570-b7a0-2dc7b5394cf1	46193251-355f-4801-98fc-d7cc3e24995b	t	2025-07-04 09:33:30.904+00	{"role": "campaign_manager", "industryFocus": "political_campaign"}	2025-07-04 09:33:30.905+00	2025-07-04 09:33:30.905+00	personal_info	02c728e6-84df-4f27-a8b7-b0ff6c6db382
a633dcbd-4cec-4b8b-a272-6074003cfab7	46193251-355f-4801-98fc-d7cc3e24995b	t	2025-07-04 09:34:11.576+00	{"targetLocations": ["ny", "ca"], "campaignObjective": "awareness"}	2025-07-04 09:34:11.579+00	2025-07-04 09:34:11.579+00	campaign_preferences	02c728e6-84df-4f27-a8b7-b0ff6c6db382
765e179e-77ba-4beb-9f2f-44c3f33612be	46193251-355f-4801-98fc-d7cc3e24995b	t	2025-07-04 09:34:48.857+00	{"adPlatforms": ["ott"], "campaignTypes": ["video", "display", "native", "audio", "text"]}	2025-07-04 09:34:48.86+00	2025-07-04 09:34:48.86+00	platform_preferences	02c728e6-84df-4f27-a8b7-b0ff6c6db382
b643e6e4-1c59-41f4-9c79-f4cd6ad3c7e0	2bd688ce-805f-46ab-8748-91e138f0cb2b	t	2025-07-04 11:43:02.805+00	{"organizationId": "2bd688ce-805f-46ab-8748-91e138f0cb2b", "organizationCreated": true}	2025-07-04 11:42:55.585+00	2025-07-04 11:43:02.805+00	organization_setup	a4daad9b-636d-40c2-839a-e907b7090415
148aef5a-e2e1-4491-8aa0-117488eb8818	2bd688ce-805f-46ab-8748-91e138f0cb2b	t	2025-07-04 11:43:14.248+00	{"role": "campaign_manager", "industryFocus": "government_agency"}	2025-07-04 11:43:07.959+00	2025-07-04 11:43:14.248+00	personal_info	a4daad9b-636d-40c2-839a-e907b7090415
5e044c5c-08a7-42c5-bb48-8aa0fc579765	2bd688ce-805f-46ab-8748-91e138f0cb2b	t	2025-07-04 11:43:23.71+00	{"targetLocations": ["ca", "ny", "tx"], "campaignObjective": "awareness"}	2025-07-04 11:43:23.712+00	2025-07-04 11:43:23.712+00	campaign_preferences	a4daad9b-636d-40c2-839a-e907b7090415
fef0db18-f778-4239-ba2d-0d8a4a1b55cf	2bd688ce-805f-46ab-8748-91e138f0cb2b	t	2025-07-04 11:43:35.191+00	{"adPlatforms": ["ott", "facebook", "instagram", "x"], "campaignTypes": ["video", "display", "native", "text", "audio"]}	2025-07-04 11:43:35.193+00	2025-07-04 11:43:35.193+00	platform_preferences	a4daad9b-636d-40c2-839a-e907b7090415
69de7828-6982-45d9-a112-2e86f1b9aa2b	efc339d9-06b4-46df-a2db-bbb62acb3d9b	t	2025-07-04 16:15:35.926+00	{"organizationId": "efc339d9-06b4-46df-a2db-bbb62acb3d9b", "organizationCreated": true}	2025-07-04 16:15:28.487+00	2025-07-04 16:15:35.926+00	organization_setup	deaf9ed2-1285-4d90-8dab-127ef70a23ad
0cbba001-151d-4328-9376-ce17ea6ba443	c84e4db7-b419-498f-bddf-2bdc42a948c8	t	2025-07-07 13:29:03.497+00	{"organizationId": "c84e4db7-b419-498f-bddf-2bdc42a948c8", "organizationCreated": true}	2025-07-07 13:28:56.471+00	2025-07-07 13:29:03.497+00	organization_setup	425a2d0e-b8f5-40c1-9ff6-dc2749073206
71b1c1da-4210-469b-b24c-3018adb46b16	efc339d9-06b4-46df-a2db-bbb62acb3d9b	t	2025-07-04 16:16:26.858+00	{"role": "campaign_manager", "industryFocus": "political_campaign"}	2025-07-04 16:15:39.282+00	2025-07-04 16:16:26.858+00	personal_info	deaf9ed2-1285-4d90-8dab-127ef70a23ad
60158c0d-e204-4735-9a3e-644d184a4ca4	efc339d9-06b4-46df-a2db-bbb62acb3d9b	t	2025-07-04 16:16:37.492+00	{"targetLocations": ["ca", "ny"], "campaignObjective": "awareness"}	2025-07-04 16:16:37.494+00	2025-07-04 16:16:37.494+00	campaign_preferences	deaf9ed2-1285-4d90-8dab-127ef70a23ad
fcd0df17-2a3b-4362-a94c-eb623841c6f6	efc339d9-06b4-46df-a2db-bbb62acb3d9b	t	2025-07-04 16:16:51.502+00	{"adPlatforms": ["ott"], "campaignTypes": ["video"]}	2025-07-04 16:16:51.504+00	2025-07-04 16:16:51.504+00	platform_preferences	deaf9ed2-1285-4d90-8dab-127ef70a23ad
8213f28b-321b-4048-bb8a-91d8cd554e1f	3581f795-474f-4d6e-bc91-d83925439456	t	2025-07-04 16:18:27.144+00	{"organizationId": "3581f795-474f-4d6e-bc91-d83925439456", "organizationCreated": true}	2025-07-04 16:18:19.89+00	2025-07-04 16:18:27.144+00	organization_setup	bce6c949-bfa4-49fb-97fe-5fbfd2bd7e1a
e971e456-38a4-4895-adf9-a553cd16b9ac	3581f795-474f-4d6e-bc91-d83925439456	t	2025-07-04 16:18:46.553+00	{"role": "campaign_manager", "industryFocus": "political_campaign"}	2025-07-04 16:18:46.555+00	2025-07-04 16:18:46.555+00	personal_info	bce6c949-bfa4-49fb-97fe-5fbfd2bd7e1a
5558e498-a4e7-46ec-ac4b-f552d6f48a9b	3581f795-474f-4d6e-bc91-d83925439456	t	2025-07-04 16:19:10.781+00	{"targetLocations": ["ca", "ny", "tx"], "campaignObjective": "awareness"}	2025-07-04 16:19:10.782+00	2025-07-04 16:19:10.782+00	campaign_preferences	bce6c949-bfa4-49fb-97fe-5fbfd2bd7e1a
4b29d422-8f25-48df-8fc9-13124e7631fb	3581f795-474f-4d6e-bc91-d83925439456	t	2025-07-04 16:19:22.689+00	{"adPlatforms": ["ott", "facebook", "instagram", "x"], "campaignTypes": ["video", "display", "native", "audio", "text"]}	2025-07-04 16:19:22.692+00	2025-07-04 16:19:22.692+00	platform_preferences	bce6c949-bfa4-49fb-97fe-5fbfd2bd7e1a
f767362f-5573-40f0-9be2-7b5f44a4b827	9113ff08-0bb6-4428-9079-909c44b9e50c	t	2025-07-07 10:04:37.867+00	{"organizationId": "9113ff08-0bb6-4428-9079-909c44b9e50c", "organizationCreated": true}	2025-07-07 10:04:28.89+00	2025-07-07 10:04:37.867+00	organization_setup	5b565642-745c-4758-aca8-b6417cf94d37
68e46966-6a19-4535-bc73-265612ca2f5c	9113ff08-0bb6-4428-9079-909c44b9e50c	t	2025-07-07 10:04:43.986+00	{"role": "campaign_manager", "industryFocus": "political_campaign"}	2025-07-07 10:04:43.987+00	2025-07-07 10:04:43.987+00	personal_info	5b565642-745c-4758-aca8-b6417cf94d37
56ea03b3-93cd-4cde-803d-2bb1af862fab	9113ff08-0bb6-4428-9079-909c44b9e50c	t	2025-07-07 10:05:05.379+00	{"targetLocations": ["ca", "ny"], "campaignObjective": "awareness"}	2025-07-07 10:05:05.381+00	2025-07-07 10:05:05.381+00	campaign_preferences	5b565642-745c-4758-aca8-b6417cf94d37
881a0f88-062b-41ed-bf74-e6be457a9abd	9113ff08-0bb6-4428-9079-909c44b9e50c	t	2025-07-07 10:05:14.12+00	{"adPlatforms": ["ott"], "campaignTypes": ["video"]}	2025-07-07 10:05:14.123+00	2025-07-07 10:05:14.123+00	platform_preferences	5b565642-745c-4758-aca8-b6417cf94d37
426413db-e8c0-4262-bf2b-ed0cf40cf58f	9b341360-11fb-4bca-b4b8-6a5dc9e58419	t	2025-07-07 10:40:34.924+00	{"organizationId": "9b341360-11fb-4bca-b4b8-6a5dc9e58419", "organizationCreated": true}	2025-07-07 10:40:27.731+00	2025-07-07 10:40:34.924+00	organization_setup	bdad0a7d-21ca-4433-a9bf-11debe4b6891
f2eb8daa-c278-431e-9911-4d8cf2338210	9b341360-11fb-4bca-b4b8-6a5dc9e58419	t	2025-07-07 10:40:50.846+00	{"role": "campaign_manager", "industryFocus": "political_campaign"}	2025-07-07 10:40:50.848+00	2025-07-07 10:40:50.848+00	personal_info	bdad0a7d-21ca-4433-a9bf-11debe4b6891
550aab1d-2331-4648-85e6-2e48684b8c8a	9b341360-11fb-4bca-b4b8-6a5dc9e58419	t	2025-07-07 10:41:05.675+00	{"targetLocations": ["ca", "ny"], "campaignObjective": "awareness"}	2025-07-07 10:41:05.677+00	2025-07-07 10:41:05.677+00	campaign_preferences	bdad0a7d-21ca-4433-a9bf-11debe4b6891
9d3d947b-9c56-4693-97cd-76fcb2fbe460	9b341360-11fb-4bca-b4b8-6a5dc9e58419	t	2025-07-07 10:41:14.095+00	{"adPlatforms": ["ott"], "campaignTypes": ["video", "display", "native", "audio", "text"]}	2025-07-07 10:41:14.098+00	2025-07-07 10:41:14.098+00	platform_preferences	bdad0a7d-21ca-4433-a9bf-11debe4b6891
5b14866f-5fe2-4c78-8e28-f8edeb5a566f	663b63d1-889b-4617-8ae8-27cf9c474a50	t	2025-07-07 11:40:41.281+00	{"organizationId": "663b63d1-889b-4617-8ae8-27cf9c474a50", "organizationCreated": true}	2025-07-07 11:40:33.864+00	2025-07-07 11:40:41.281+00	organization_setup	439febbb-d26d-4be6-a06a-11fd6bff5125
eb4ca990-71a0-40b4-95d2-3162d56949a4	663b63d1-889b-4617-8ae8-27cf9c474a50	t	2025-07-07 11:46:15.508+00	{"role": "campaign_manager", "industryFocus": "political_campaign"}	2025-07-07 11:46:15.51+00	2025-07-07 11:46:15.51+00	personal_info	439febbb-d26d-4be6-a06a-11fd6bff5125
cc2c032d-59a9-4a54-9c2e-1f8228a7d651	663b63d1-889b-4617-8ae8-27cf9c474a50	t	2025-07-07 11:46:26.669+00	{"targetLocations": ["ca", "ny"], "campaignObjective": "awareness"}	2025-07-07 11:46:26.672+00	2025-07-07 11:46:26.672+00	campaign_preferences	439febbb-d26d-4be6-a06a-11fd6bff5125
0f2e4542-5845-4812-a007-059da338a3e7	663b63d1-889b-4617-8ae8-27cf9c474a50	t	2025-07-07 11:47:38.323+00	{"adPlatforms": ["ott"], "campaignTypes": ["video"]}	2025-07-07 11:47:38.326+00	2025-07-07 11:47:38.326+00	platform_preferences	439febbb-d26d-4be6-a06a-11fd6bff5125
6527beba-2a44-4633-bd91-2de1732fbd07	c16f51b4-00df-4c3c-9cd7-13e98f623d89	t	2025-07-07 12:19:22.695+00	{"organizationId": "c16f51b4-00df-4c3c-9cd7-13e98f623d89", "organizationCreated": true}	2025-07-07 12:19:15.2+00	2025-07-07 12:19:22.695+00	organization_setup	68d0cff2-88f7-4afa-89f8-0b1670a4e4af
8df639c5-a397-4cb1-bf39-e6db3c053c18	c16f51b4-00df-4c3c-9cd7-13e98f623d89	t	2025-07-07 12:19:32.705+00	{"role": "campaign_manager", "industryFocus": "political_campaign"}	2025-07-07 12:19:32.706+00	2025-07-07 12:19:32.706+00	personal_info	68d0cff2-88f7-4afa-89f8-0b1670a4e4af
9ce1ffba-95de-42c4-86dd-49ced24a7fb3	c16f51b4-00df-4c3c-9cd7-13e98f623d89	t	2025-07-07 12:19:41.337+00	{"targetLocations": ["ca", "ny"], "campaignObjective": "awareness"}	2025-07-07 12:19:41.338+00	2025-07-07 12:19:41.338+00	campaign_preferences	68d0cff2-88f7-4afa-89f8-0b1670a4e4af
c5208414-77fe-4bb7-88e2-65a6e3677d8f	c16f51b4-00df-4c3c-9cd7-13e98f623d89	t	2025-07-07 12:19:49.434+00	{"adPlatforms": ["ott", "facebook"], "campaignTypes": ["native"]}	2025-07-07 12:19:49.435+00	2025-07-07 12:19:49.435+00	platform_preferences	68d0cff2-88f7-4afa-89f8-0b1670a4e4af
7f98ad98-7aa1-4887-8f49-c23bf2e37806	c84e4db7-b419-498f-bddf-2bdc42a948c8	t	2025-07-07 13:29:06.638+00	{"role": "campaign_manager", "industryFocus": "political_campaign"}	2025-07-07 13:29:06.64+00	2025-07-07 13:29:06.64+00	personal_info	425a2d0e-b8f5-40c1-9ff6-dc2749073206
f82ee269-08ba-4494-b0df-80fa961ec037	c84e4db7-b419-498f-bddf-2bdc42a948c8	t	2025-07-07 13:29:31.173+00	{"targetLocations": ["ca", "ny"], "campaignObjective": "awareness"}	2025-07-07 13:29:31.176+00	2025-07-07 13:29:31.176+00	campaign_preferences	425a2d0e-b8f5-40c1-9ff6-dc2749073206
dc29dc44-e153-4ad8-a0d4-dde8f8e0ea3b	c84e4db7-b419-498f-bddf-2bdc42a948c8	t	2025-07-07 13:29:40.312+00	{"adPlatforms": ["ott"], "campaignTypes": ["video", "display"]}	2025-07-07 13:29:40.315+00	2025-07-07 13:29:40.315+00	platform_preferences	425a2d0e-b8f5-40c1-9ff6-dc2749073206
de595dca-bb6d-4fe5-a0e9-3db1a9cf9e45	2ee92b63-9c1e-4d64-a395-1b7e955cf40a	t	2025-07-07 13:34:28.272+00	{"organizationId": "2ee92b63-9c1e-4d64-a395-1b7e955cf40a", "organizationCreated": true}	2025-07-07 13:34:20.089+00	2025-07-07 13:34:28.272+00	organization_setup	76e256c8-6bc7-49db-ba72-2fbacf5e1e13
8d91b5b6-ee68-4b97-9c92-39c389e36393	2ee92b63-9c1e-4d64-a395-1b7e955cf40a	t	2025-07-07 13:34:36.47+00	{"role": "candidate", "industryFocus": "government_agency"}	2025-07-07 13:34:36.472+00	2025-07-07 13:34:36.472+00	personal_info	76e256c8-6bc7-49db-ba72-2fbacf5e1e13
eaf245f5-6358-4d71-8a8f-603abc24397c	2ee92b63-9c1e-4d64-a395-1b7e955cf40a	t	2025-07-07 13:34:44.923+00	{"targetLocations": ["ny", "tx"], "campaignObjective": "awareness"}	2025-07-07 13:34:44.925+00	2025-07-07 13:34:44.925+00	campaign_preferences	76e256c8-6bc7-49db-ba72-2fbacf5e1e13
b9d0ccff-88db-49ba-bb39-c9c783a8caa1	2ee92b63-9c1e-4d64-a395-1b7e955cf40a	t	2025-07-07 13:34:55.967+00	{"adPlatforms": ["ott", "facebook", "instagram", "x"], "campaignTypes": ["text", "audio"]}	2025-07-07 13:34:55.97+00	2025-07-07 13:34:55.97+00	platform_preferences	76e256c8-6bc7-49db-ba72-2fbacf5e1e13
349619c9-d9f8-4cf8-9177-ba261f40559f	96e3ef66-536a-47be-bc12-00e6fe4168ac	t	2025-07-07 13:44:42.993+00	{"organizationId": "96e3ef66-536a-47be-bc12-00e6fe4168ac", "organizationCreated": true}	2025-07-07 13:44:35.033+00	2025-07-07 13:44:42.993+00	organization_setup	f8431e17-dba7-4581-844a-ac6b4d4117c9
3695088d-ccf3-41ff-8773-d788418e8f8d	96e3ef66-536a-47be-bc12-00e6fe4168ac	t	2025-07-07 13:44:43.461+00	{"role": "campaign_manager", "industryFocus": "political_campaign"}	2025-07-07 13:44:43.463+00	2025-07-07 13:44:43.463+00	personal_info	f8431e17-dba7-4581-844a-ac6b4d4117c9
c683e9d7-d501-4592-a206-dfd94eac9c26	96e3ef66-536a-47be-bc12-00e6fe4168ac	t	2025-07-07 13:45:08.839+00	{"targetLocations": ["ca"], "campaignObjective": "awareness"}	2025-07-07 13:45:08.841+00	2025-07-07 13:45:08.841+00	campaign_preferences	f8431e17-dba7-4581-844a-ac6b4d4117c9
ff1065dc-f18d-48d5-94af-bf0ed5e92bb9	96e3ef66-536a-47be-bc12-00e6fe4168ac	t	2025-07-07 13:45:16.839+00	{"adPlatforms": ["ott"], "campaignTypes": ["video", "display"]}	2025-07-07 13:45:16.842+00	2025-07-07 13:45:16.842+00	platform_preferences	f8431e17-dba7-4581-844a-ac6b4d4117c9
9cb6e7db-b80d-4400-8354-b16d6409fe96	545f9f32-b213-43b6-8324-17f95a3d3133	t	2025-07-07 14:05:17.657+00	{"organizationId": "545f9f32-b213-43b6-8324-17f95a3d3133", "organizationCreated": true}	2025-07-07 14:05:10.554+00	2025-07-07 14:05:17.657+00	organization_setup	b00682e7-0c79-45f3-b9c2-e3e0abe13058
a84f6687-921b-4f73-8bfe-bf22fb3bb735	545f9f32-b213-43b6-8324-17f95a3d3133	t	2025-07-07 14:05:37.725+00	{"targetLocations": ["ca"], "campaignObjective": "awareness"}	2025-07-07 14:05:37.73+00	2025-07-07 14:05:37.73+00	campaign_preferences	b00682e7-0c79-45f3-b9c2-e3e0abe13058
5b2b6349-7bd2-4b03-ab20-7f7cd955dbf0	545f9f32-b213-43b6-8324-17f95a3d3133	t	2025-07-07 14:05:29.554+00	{"role": "campaign_manager", "industryFocus": "political_campaign"}	2025-07-07 14:05:18.619+00	2025-07-07 14:05:29.554+00	personal_info	b00682e7-0c79-45f3-b9c2-e3e0abe13058
6d2186c2-8c5f-490f-9813-ad968147ca69	545f9f32-b213-43b6-8324-17f95a3d3133	t	2025-07-07 14:05:46.315+00	{"adPlatforms": ["ott"], "campaignTypes": ["video"]}	2025-07-07 14:05:46.318+00	2025-07-07 14:05:46.318+00	platform_preferences	b00682e7-0c79-45f3-b9c2-e3e0abe13058
fa59627b-f66a-44da-9196-a227f45ab84d	d81a7617-151b-45a7-80ac-f7881d641965	t	2025-07-07 14:07:56.465+00	{"organizationId": "d81a7617-151b-45a7-80ac-f7881d641965", "organizationCreated": true}	2025-07-07 14:07:48.543+00	2025-07-07 14:07:56.465+00	organization_setup	02793e0b-921a-49b3-986e-7368a859b5ad
209159ec-a05d-4f7e-b47f-a951c5986ea1	d81a7617-151b-45a7-80ac-f7881d641965	t	2025-07-07 14:08:05.969+00	{"role": "campaign_manager", "industryFocus": "government_agency"}	2025-07-07 14:07:59.509+00	2025-07-07 14:08:05.969+00	personal_info	02793e0b-921a-49b3-986e-7368a859b5ad
32bf211c-c93c-43c3-aa5f-91341402bc9a	d81a7617-151b-45a7-80ac-f7881d641965	t	2025-07-07 14:08:14.611+00	{"targetLocations": ["ca", "ny", "tx"], "campaignObjective": "awareness"}	2025-07-07 14:08:14.613+00	2025-07-07 14:08:14.613+00	campaign_preferences	02793e0b-921a-49b3-986e-7368a859b5ad
9acc4fbf-be4b-4027-afb1-3e2803596653	d81a7617-151b-45a7-80ac-f7881d641965	t	2025-07-07 14:08:32.996+00	{"adPlatforms": ["ott", "facebook", "instagram"], "campaignTypes": ["video", "display", "audio", "text", "native"]}	2025-07-07 14:08:24.513+00	2025-07-07 14:08:32.996+00	platform_preferences	02793e0b-921a-49b3-986e-7368a859b5ad
9bd8f374-461d-4334-ba6c-4fec5a963df5	6a6a836d-0a3d-499f-8f37-7f958307a587	t	2025-07-07 14:11:21.804+00	{"organizationId": "6a6a836d-0a3d-499f-8f37-7f958307a587", "organizationCreated": true}	2025-07-07 14:11:12.524+00	2025-07-07 14:11:21.804+00	organization_setup	24975ca2-6aed-4a8f-8656-519069e1f613
bd684d63-d5ec-4ab5-b9b0-072cce94a208	6a6a836d-0a3d-499f-8f37-7f958307a587	t	2025-07-07 14:11:28.884+00	{"role": "campaign_manager", "industryFocus": "government_agency"}	2025-07-07 14:11:22.744+00	2025-07-07 14:11:28.884+00	personal_info	24975ca2-6aed-4a8f-8656-519069e1f613
84452530-0eec-410e-b4f7-3030f1ace39c	6a6a836d-0a3d-499f-8f37-7f958307a587	t	2025-07-07 14:11:38.042+00	{"targetLocations": ["ca", "ny"], "campaignObjective": "awareness"}	2025-07-07 14:11:38.045+00	2025-07-07 14:11:38.045+00	campaign_preferences	24975ca2-6aed-4a8f-8656-519069e1f613
64e0329d-de42-491b-a72e-de5b7b20e36c	6a6a836d-0a3d-499f-8f37-7f958307a587	t	2025-07-07 14:11:47.654+00	{"adPlatforms": ["ott", "facebook", "instagram", "x"], "campaignTypes": ["video", "display", "native", "audio", "text"]}	2025-07-07 14:11:47.657+00	2025-07-07 14:11:47.657+00	platform_preferences	24975ca2-6aed-4a8f-8656-519069e1f613
2304ad8b-a58f-441d-8339-66f3ffe816a0	d68a6f7a-c306-45e1-a841-ee293f50352c	t	2025-07-25 05:26:40.908+00	{"organizationId": "d68a6f7a-c306-45e1-a841-ee293f50352c", "organizationCreated": true}	2025-07-25 05:26:31.986+00	2025-07-25 05:26:40.908+00	organization_setup	e855d5be-8ff1-4a85-9392-0c6973c5c9d7
faec2191-f9b5-4e46-b2f4-7e55a83eea9a	d68a6f7a-c306-45e1-a841-ee293f50352c	t	2025-07-25 05:26:53.294+00	{"role": "campaign_manager", "industryFocus": "government_agency"}	2025-07-25 05:26:53.296+00	2025-07-25 05:26:53.296+00	personal_info	e855d5be-8ff1-4a85-9392-0c6973c5c9d7
8c316b4a-cfab-4d12-a0f6-9f5821a41b1f	d68a6f7a-c306-45e1-a841-ee293f50352c	t	2025-07-25 05:27:19.617+00	{"targetLocations": ["ca", "tx", "national", "fl", "il", "ny"], "campaignObjective": "awareness"}	2025-07-25 05:27:19.619+00	2025-07-25 05:27:19.619+00	campaign_preferences	e855d5be-8ff1-4a85-9392-0c6973c5c9d7
92eeeb45-b6b9-41ba-b946-d66815a35dbe	d68a6f7a-c306-45e1-a841-ee293f50352c	t	2025-07-25 05:27:39.641+00	{"adPlatforms": ["ott", "facebook", "instagram", "x"], "campaignTypes": ["video", "display", "native", "audio", "text"]}	2025-07-25 05:27:39.642+00	2025-07-25 05:27:39.642+00	platform_preferences	e855d5be-8ff1-4a85-9392-0c6973c5c9d7
2a61d053-d6af-439a-9df6-d05d3bf71032	cff2417c-c6d6-4a5c-8c57-cc2e06693064	t	2025-07-25 14:35:04.857+00	{"organizationId": "cff2417c-c6d6-4a5c-8c57-cc2e06693064", "organizationCreated": true}	2025-07-25 14:34:57.326+00	2025-07-25 14:35:04.857+00	organization_setup	821c054d-5ff4-4758-b4fb-ac0842eb3206
bafdc773-4b4c-444b-826f-28be6a9161c9	cff2417c-c6d6-4a5c-8c57-cc2e06693064	t	2025-07-25 14:35:06.756+00	{"role": "campaign_manager", "industryFocus": "government_agency"}	2025-07-25 14:35:06.757+00	2025-07-25 14:35:06.757+00	personal_info	821c054d-5ff4-4758-b4fb-ac0842eb3206
fab5f35b-073c-4208-af77-cc9485e850cf	cff2417c-c6d6-4a5c-8c57-cc2e06693064	t	2025-07-25 14:35:22.958+00	{"targetLocations": ["ca", "ny"], "campaignObjective": "awareness"}	2025-07-25 14:35:22.959+00	2025-07-25 14:35:22.959+00	campaign_preferences	821c054d-5ff4-4758-b4fb-ac0842eb3206
ccc6850e-7c02-44d9-bd97-cee7e84c82ad	cff2417c-c6d6-4a5c-8c57-cc2e06693064	t	2025-07-25 14:35:37.486+00	{"adPlatforms": ["ott"], "campaignTypes": ["display", "video", "audio"]}	2025-07-25 14:35:37.488+00	2025-07-25 14:35:37.488+00	platform_preferences	821c054d-5ff4-4758-b4fb-ac0842eb3206
\.


--
-- Data for Name: organization_details; Type: TABLE DATA; Schema: public; Owner: postgres
--

COPY "public"."organization_details" ("org_id", "name", "description", "logo_url", "primary_color", "secondary_color", "contact_email", "contact_phone", "address", "timezone", "created_at", "updated_at") FROM stdin;
fcb7f88c-6f3c-4a3c-9768-2760dac115b1	tech org		\N	\N	\N			\N	UTC	2025-07-01 16:21:18.839+00	2025-07-01 16:21:18.839+00
d5f3c148-72db-4168-90c9-5d3178b5e435	fb		\N	\N	\N			\N	UTC	2025-07-01 16:40:42.472+00	2025-07-01 16:40:42.472+00
ef7a1028-beeb-4c63-9c83-4096a3156e3c	Amazon		\N	\N	\N			\N	UTC	2025-07-03 15:03:58.898+00	2025-07-03 15:03:58.898+00
bb6d62f7-1328-4f40-b230-adfcdba49745	testing org	test	\N	\N	\N			\N	UTC	2025-07-03 15:06:23.409+00	2025-07-03 15:06:23.409+00
54b8420a-71c9-4197-8aef-750eae5921ea	anne org		\N	\N	\N			\N	UTC	2025-07-03 16:35:48.63+00	2025-07-03 16:35:48.63+00
55846b19-57b3-47f3-8daf-3176242a7961	test org		\N	\N	\N			\N	UTC	2025-07-04 08:39:28.228+00	2025-07-04 08:39:28.228+00
4afa1f6f-7abd-4fab-b9e0-b99f3008629b	gaming xorg		\N	\N	\N			\N	UTC	2025-07-04 09:07:07.475+00	2025-07-04 09:07:07.475+00
46193251-355f-4801-98fc-d7cc3e24995b	soumya org		\N	\N	\N			\N	UTC	2025-07-04 09:33:05.82+00	2025-07-04 09:33:05.82+00
2bd688ce-805f-46ab-8748-91e138f0cb2b	technical org	test	\N	\N	\N			\N	UTC	2025-07-04 11:42:53.591+00	2025-07-04 11:42:53.591+00
efc339d9-06b4-46df-a2db-bbb62acb3d9b	ishvaratech		\N	\N	\N			\N	UTC	2025-07-04 16:15:26.454+00	2025-07-04 16:15:26.454+00
3581f795-474f-4d6e-bc91-d83925439456	nexgen		\N	\N	\N			\N	UTC	2025-07-04 16:18:17.811+00	2025-07-04 16:18:17.811+00
9113ff08-0bb6-4428-9079-909c44b9e50c	test1		\N	\N	\N			\N	UTC	2025-07-07 10:04:26.942+00	2025-07-07 10:04:26.942+00
9b341360-11fb-4bca-b4b8-6a5dc9e58419	dilip org		\N	\N	\N			\N	UTC	2025-07-07 10:40:25.766+00	2025-07-07 10:40:25.766+00
663b63d1-889b-4617-8ae8-27cf9c474a50	test34		\N	\N	\N			\N	UTC	2025-07-07 11:40:31.787+00	2025-07-07 11:40:31.787+00
c16f51b4-00df-4c3c-9cd7-13e98f623d89	mj org	My good org	\N	\N	\N			\N	UTC	2025-07-07 12:19:13.115+00	2025-07-07 12:19:13.115+00
c84e4db7-b419-498f-bddf-2bdc42a948c8	test4		\N	\N	\N			\N	UTC	2025-07-07 13:28:54.546+00	2025-07-07 13:28:54.546+00
2ee92b63-9c1e-4d64-a395-1b7e955cf40a	soulorg	test	\N	\N	\N			\N	UTC	2025-07-07 13:34:18.039+00	2025-07-07 13:34:18.039+00
96e3ef66-536a-47be-bc12-00e6fe4168ac	test45		\N	\N	\N			\N	UTC	2025-07-07 13:44:32.977+00	2025-07-07 13:44:32.977+00
545f9f32-b213-43b6-8324-17f95a3d3133	test54		\N	\N	\N			\N	UTC	2025-07-07 14:05:08.484+00	2025-07-07 14:05:08.484+00
d81a7617-151b-45a7-80ac-f7881d641965	bapu orgsnew	test	\N	\N	\N			\N	UTC	2025-07-07 14:07:46.463+00	2025-07-07 14:07:46.463+00
6a6a836d-0a3d-499f-8f37-7f958307a587	tech orgnew	test	\N	\N	\N			\N	UTC	2025-07-07 14:11:10.48+00	2025-07-07 14:11:10.48+00
d68a6f7a-c306-45e1-a841-ee293f50352c	biswajittest's org	test	\N	\N	\N			\N	UTC	2025-07-25 05:26:29.977+00	2025-07-25 05:26:29.977+00
cff2417c-c6d6-4a5c-8c57-cc2e06693064	darren org	new org 	\N	\N	\N			\N	UTC	2025-07-25 14:34:55.205+00	2025-07-25 14:34:55.205+00
\.


--
-- Data for Name: organization_hierarchy; Type: TABLE DATA; Schema: public; Owner: postgres
--

COPY "public"."organization_hierarchy" ("parent_org_id", "child_org_id", "relationship_type", "created_at") FROM stdin;
\.


--
-- Data for Name: organization_invites; Type: TABLE DATA; Schema: public; Owner: postgres
--

COPY "public"."organization_invites" ("id", "org_id", "invite_code", "created_by", "invited_email", "role_id", "used_by", "used_at", "expires_at", "is_active", "created_at", "updated_at", "temporary_password_hash", "invitee_first_name", "invitee_last_name") FROM stdin;
\.


--
-- Data for Name: organization_members; Type: TABLE DATA; Schema: public; Owner: postgres
--

COPY "public"."organization_members" ("id", "org_id", "user_id", "role_id") FROM stdin;
895ee7e3-2aff-4236-9d6c-eb9decfd7c0f	fcb7f88c-6f3c-4a3c-9768-2760dac115b1	6c606592-973b-48fe-a459-7368e775dfc5	ca122d96-c991-406c-8154-70e8ec25a7f7
d7821ac7-458f-4fec-8e47-e9a152498d4c	d5f3c148-72db-4168-90c9-5d3178b5e435	3d04d309-fe74-4fca-aefa-d555528094ae	ca122d96-c991-406c-8154-70e8ec25a7f7
80785197-169e-4cef-b6ec-a7ffb8eb0cd0	ef7a1028-beeb-4c63-9c83-4096a3156e3c	170632c9-7a87-42d7-a2b3-7f027e49aa2a	ca122d96-c991-406c-8154-70e8ec25a7f7
870a2b60-ce3f-4fbc-8e52-f405e7073d64	bb6d62f7-1328-4f40-b230-adfcdba49745	be0922b5-598d-46f5-9092-83431681a7dc	ca122d96-c991-406c-8154-70e8ec25a7f7
c6bbff9c-a519-4763-a115-230c4e19ccfd	54b8420a-71c9-4197-8aef-750eae5921ea	8d76623c-22a0-40bb-bc0c-f5f5d41c346f	ca122d96-c991-406c-8154-70e8ec25a7f7
6dd3209a-8da8-44f0-9bf7-cbd4a0206981	55846b19-57b3-47f3-8daf-3176242a7961	600c8a3d-cbd3-40c6-afc0-cc8c247d289b	ca122d96-c991-406c-8154-70e8ec25a7f7
6a56e298-8ecc-4d54-ad1f-ee52c6b60ea5	4afa1f6f-7abd-4fab-b9e0-b99f3008629b	240b27c0-0c2d-47c2-9715-4ba4081085fc	ca122d96-c991-406c-8154-70e8ec25a7f7
44b9fd70-4c8e-4b30-b3b0-def587c6fe1a	46193251-355f-4801-98fc-d7cc3e24995b	02c728e6-84df-4f27-a8b7-b0ff6c6db382	ca122d96-c991-406c-8154-70e8ec25a7f7
8421ecfd-61f8-4320-9fdc-491b35c93a38	2bd688ce-805f-46ab-8748-91e138f0cb2b	a4daad9b-636d-40c2-839a-e907b7090415	ca122d96-c991-406c-8154-70e8ec25a7f7
e281969a-3364-419c-a8aa-22b509ac762d	efc339d9-06b4-46df-a2db-bbb62acb3d9b	deaf9ed2-1285-4d90-8dab-127ef70a23ad	ca122d96-c991-406c-8154-70e8ec25a7f7
84ca59e1-8a28-4d80-80cd-bead900fca36	3581f795-474f-4d6e-bc91-d83925439456	bce6c949-bfa4-49fb-97fe-5fbfd2bd7e1a	ca122d96-c991-406c-8154-70e8ec25a7f7
6c383d49-d823-4083-937d-766a465484e7	9113ff08-0bb6-4428-9079-909c44b9e50c	5b565642-745c-4758-aca8-b6417cf94d37	ca122d96-c991-406c-8154-70e8ec25a7f7
db67f8bb-5ee5-4b4f-a486-12124aeaf36b	9b341360-11fb-4bca-b4b8-6a5dc9e58419	bdad0a7d-21ca-4433-a9bf-11debe4b6891	ca122d96-c991-406c-8154-70e8ec25a7f7
1481e40c-5532-4478-92e7-399a68ce3353	663b63d1-889b-4617-8ae8-27cf9c474a50	439febbb-d26d-4be6-a06a-11fd6bff5125	ca122d96-c991-406c-8154-70e8ec25a7f7
cdc2133c-9efc-4822-a1ad-0e0363c43dfb	c16f51b4-00df-4c3c-9cd7-13e98f623d89	68d0cff2-88f7-4afa-89f8-0b1670a4e4af	ca122d96-c991-406c-8154-70e8ec25a7f7
d2e2dc6d-4c6e-496f-9746-24dd8e72980a	c84e4db7-b419-498f-bddf-2bdc42a948c8	425a2d0e-b8f5-40c1-9ff6-dc2749073206	ca122d96-c991-406c-8154-70e8ec25a7f7
a8bcc54b-d33b-4f83-8f87-c0c9ebc2a103	2ee92b63-9c1e-4d64-a395-1b7e955cf40a	76e256c8-6bc7-49db-ba72-2fbacf5e1e13	ca122d96-c991-406c-8154-70e8ec25a7f7
8bc1c1c9-f9de-4938-9da3-91ae64d3c75f	96e3ef66-536a-47be-bc12-00e6fe4168ac	f8431e17-dba7-4581-844a-ac6b4d4117c9	ca122d96-c991-406c-8154-70e8ec25a7f7
54d3dc49-17f2-4b1b-90c9-878d4da0f41a	545f9f32-b213-43b6-8324-17f95a3d3133	b00682e7-0c79-45f3-b9c2-e3e0abe13058	ca122d96-c991-406c-8154-70e8ec25a7f7
f4cd856e-2d8d-404d-8401-36d26beaca40	d81a7617-151b-45a7-80ac-f7881d641965	02793e0b-921a-49b3-986e-7368a859b5ad	ca122d96-c991-406c-8154-70e8ec25a7f7
4d25a5cb-6ca1-414a-b93b-cc7e7ce70a83	6a6a836d-0a3d-499f-8f37-7f958307a587	24975ca2-6aed-4a8f-8656-519069e1f613	ca122d96-c991-406c-8154-70e8ec25a7f7
d254ad22-1e65-4fd0-a02d-091d128c27a8	d68a6f7a-c306-45e1-a841-ee293f50352c	e855d5be-8ff1-4a85-9392-0c6973c5c9d7	ca122d96-c991-406c-8154-70e8ec25a7f7
492131cd-2bef-418e-b660-3d8cd1555cdc	cff2417c-c6d6-4a5c-8c57-cc2e06693064	821c054d-5ff4-4758-b4fb-ac0842eb3206	ca122d96-c991-406c-8154-70e8ec25a7f7
\.


--
-- Data for Name: payments; Type: TABLE DATA; Schema: public; Owner: postgres
--

COPY "public"."payments" ("id", "org_id", "type", "amount", "currency", "payment_data", "processed_at", "created_at", "updated_at") FROM stdin;
\.


--
-- Data for Name: performance_metrics; Type: TABLE DATA; Schema: public; Owner: postgres
--

COPY "public"."performance_metrics" ("id", "org_id", "environment", "service", "operation", "trace_id", "response_time_ms", "db_query_time_ms", "external_api_time_ms", "memory_usage_mb", "cpu_usage_percent", "request_size", "response_size", "concurrent_requests", "success_count", "error_count", "timeout_count", "region", "server_instance", "minute_bucket", "hour_bucket", "day_bucket", "created_at") FROM stdin;
\.


--
-- Data for Name: phone_numbers; Type: TABLE DATA; Schema: public; Owner: postgres
--

COPY "public"."phone_numbers" ("id", "user_id", "phone_number", "verification_status", "created_at", "updated_at") FROM stdin;
\.


--
-- Data for Name: platform_campaigns; Type: TABLE DATA; Schema: public; Owner: postgres
--

COPY "public"."platform_campaigns" ("id", "campaign_id", "platform", "platform_campaign_id", "platform_data", "status", "error_message", "last_sync_at", "created_at", "updated_at") FROM stdin;
eef42137-e0a4-4c95-af28-b98c95b0a94f	71e58a96-91b0-4997-887b-997082a652b4	iqm	\N	\N	pending	\N	\N	2025-07-03 15:26:44.871+00	2025-07-03 15:26:44.871+00
d12e95e7-edd1-4b97-a646-2bf7cac7a578	ccdfa5e9-72aa-42c1-8307-6036f425e353	iqm	\N	\N	pending	\N	\N	2025-07-03 15:52:14.571+00	2025-07-03 15:52:14.571+00
aa310a25-ac3f-4dcc-8ce2-07d2f830b45e	64ad0190-8fb4-45fb-ad4d-0d6997525d59	iqm	\N	\N	pending	\N	\N	2025-07-03 16:58:58.769+00	2025-07-03 16:58:58.769+00
dc14ec83-0cbc-4412-be05-e62a7f773b27	7be4e08d-9f88-4ea2-be51-9cfef6ae8ca7	iqm	\N	\N	pending	\N	\N	2025-07-04 09:33:50.084+00	2025-07-04 09:33:50.084+00
2fafa978-6b20-409a-85e2-05b06679691f	418ee0cb-2da1-40bb-8b2e-6f8f70b90547	iqm	\N	\N	pending	\N	\N	2025-07-04 09:49:53.396+00	2025-07-04 09:49:53.396+00
29bd2a5d-13dc-4a07-b4ba-eed9ed154d3e	189bcf57-05b3-4f15-842d-1d1f0416d7dc	iqm	\N	\N	pending	\N	\N	2025-07-04 11:30:26.854+00	2025-07-04 11:30:26.854+00
7799b343-d3b7-4084-af4b-3e3afc2e4b8c	3012fa4b-3cea-4e76-8f33-6307e6bc11be	iqm	\N	\N	pending	\N	\N	2025-07-04 11:49:13.442+00	2025-07-04 11:49:13.442+00
1e017419-046a-4917-bcfd-41bd777df4d8	ec7b3b52-06c5-4a01-b213-a7b7bc7dc518	iqm	\N	\N	pending	\N	\N	2025-07-04 16:45:05.81+00	2025-07-04 16:45:05.81+00
3e963cc6-dd89-416d-ad9d-50a79af852b5	30d33c1b-6eab-41a8-86f7-531d6ea11acf	iqm	\N	\N	pending	\N	\N	2025-07-07 10:51:34.901+00	2025-07-07 10:51:34.901+00
3beec534-eeea-43a2-92d5-9282e757462a	af47797a-e757-42f3-8a4d-72430685eb4c	iqm	\N	\N	pending	\N	\N	2025-07-07 14:47:39.07+00	2025-07-07 14:47:39.07+00
9a22bdbe-5076-409c-9fbf-c5d8fa660789	3ac59c55-4bdd-4ae2-a0d5-3cb783039b9f	iqm	\N	\N	pending	\N	\N	2025-07-08 08:40:35.852+00	2025-07-08 08:40:35.852+00
0250f517-7679-4e53-a70f-8806b4ff007c	aca53970-7292-4ffb-be25-7e939b0b8ca9	iqm	\N	\N	pending	\N	\N	2025-07-08 11:36:38.073+00	2025-07-08 11:36:38.073+00
2f39eb13-5ca5-4b24-ba32-88c7e565e701	dcfdf36f-45e1-429b-ba86-ae3189af33f6	iqm	\N	\N	pending	\N	\N	2025-07-08 11:52:17.349+00	2025-07-08 11:52:17.349+00
1848b25a-3ac4-41ca-aebf-261011dfcf9f	ef44fa31-e706-4caf-8a64-7fd48515e2dc	iqm	\N	\N	pending	\N	\N	2025-07-08 12:54:47.83+00	2025-07-08 12:54:47.83+00
bbe9c95b-6a4b-491a-a695-fe5b96b950ac	0413489e-2f23-4adb-97e3-8c40f7755892	iqm	\N	\N	pending	\N	\N	2025-07-09 12:34:29.221+00	2025-07-09 12:34:29.221+00
ff8f09e0-e982-4a92-a21b-08759fdfb451	1da47c15-a250-4b76-a799-ec9b762ac54a	iqm	\N	\N	pending	\N	\N	2025-07-09 13:22:24.126+00	2025-07-09 13:22:24.126+00
9de669d5-6aff-4b0e-8b10-f4d2924aaa35	dafc4adc-ec43-4b83-99e9-48614fcfe44e	iqm	\N	\N	pending	\N	\N	2025-07-09 13:43:20.39+00	2025-07-09 13:43:20.39+00
7e49af01-eb0d-4023-b51f-175f29ba7195	f8b2b515-62b7-4810-8be2-7a410442fe09	iqm	\N	\N	pending	\N	\N	2025-07-09 14:33:08.863+00	2025-07-09 14:33:08.863+00
e142f6c7-4184-4f69-9214-8445f17efab6	ccd62627-78bb-4e33-aff5-b17ca81048b5	iqm	\N	\N	pending	\N	\N	2025-07-03 11:21:41.328+00	2025-07-03 11:21:41.328+00
7ad8210e-8ad7-4569-9ee6-6f91a0057280	c04fd7cf-7959-4315-aab8-ba59566a072a	iqm	\N	\N	pending	\N	\N	2025-07-09 16:24:30.722+00	2025-07-09 16:24:30.722+00
f4b54937-e040-4888-8de2-9cec57444bba	d5dd284c-5acb-46f7-b095-34861d6f877b	iqm	\N	\N	pending	\N	\N	2025-07-10 09:14:12.919+00	2025-07-10 09:14:12.919+00
7f0226a6-5c75-4bc3-9ca3-26910f8ea6e3	84c97357-9ed6-40f4-8a7f-38910938125c	iqm	\N	\N	pending	\N	\N	2025-07-10 09:23:08.726+00	2025-07-10 09:23:08.726+00
a9a6cd30-46f9-42bd-acfd-a30ee7352714	09486da4-10d1-47e7-b3dd-1348459255de	iqm	\N	\N	pending	\N	\N	2025-07-10 10:04:57.339+00	2025-07-10 10:04:57.339+00
49a1dbac-4cae-4176-8a8e-8dbf34591511	87ab5681-2967-4ab1-83fa-413c3e262fd8	iqm	\N	\N	pending	\N	\N	2025-07-10 13:24:52.314+00	2025-07-10 13:24:52.314+00
cd048971-3de0-434f-b89b-edec29f90b60	ca4533e1-5f70-4a19-bbcd-1e4159ed9cee	iqm	\N	\N	pending	\N	\N	2025-07-10 13:44:15.309+00	2025-07-10 13:44:15.309+00
490f3381-07be-4ddf-b6f8-f67979583ac6	c1528e0f-d48d-44e3-8f68-1938a1f36af6	iqm	\N	\N	pending	\N	\N	2025-07-11 11:40:41.044+00	2025-07-11 11:40:41.044+00
25bc0764-d8ec-4a09-89b5-b25d8ee30bc5	1105db51-e162-4ae2-8595-f47a38cdcf2b	iqm	\N	\N	pending	\N	\N	2025-07-25 05:35:30.186+00	2025-07-25 05:35:30.186+00
1e64b044-6b7a-4cfe-ad2e-e2b8a1ba9761	874141b8-9021-416f-861c-8db536da5e1e	iqm	\N	\N	pending	\N	\N	2025-07-03 14:53:56.397+00	2025-07-03 14:53:56.397+00
\.


--
-- Data for Name: platform_creatives; Type: TABLE DATA; Schema: public; Owner: postgres
--

COPY "public"."platform_creatives" ("id", "creative_id", "platform", "platform_creative_id", "status", "platform_status", "platform_specific_data", "last_synced_at", "created_at", "updated_at", "assigned_by", "campaign_id", "is_active", "org_id", "position", "sync_logs", "variations") FROM stdin;
17b7cf67-95d5-42f8-b60c-7ff5d0bd6af0	d750cf7a-8477-4124-a36e-0227d59c9d52	iqm	iqm_1751549665050	pending	pending	{}	\N	2025-07-03 13:34:25.074+00	2025-07-03 13:34:25.074+00	\N	\N	t	fcb7f88c-6f3c-4a3c-9768-2760dac115b1	0	[]	\N
48074f66-e9e0-41d5-ac47-24c8ee0ea93e	55d38131-560d-4fe7-a0cd-89d11079d549	iqm	206467	pending	pending	{"failedData": {}, "successData": {"I001": "206467"}}	\N	2025-07-03 13:42:47.071+00	2025-07-03 13:42:47.071+00	\N	\N	t	fcb7f88c-6f3c-4a3c-9768-2760dac115b1	0	[]	\N
b4178f67-89d3-48af-9604-996024356e4d	5e15057c-2ece-428e-93c3-55bd4f7e6651	iqm	206468	pending	pending	{"failedData": {}, "successData": {"I001": "206468"}}	\N	2025-07-03 13:52:23.915+00	2025-07-03 13:52:23.915+00	\N	\N	t	fcb7f88c-6f3c-4a3c-9768-2760dac115b1	0	[]	\N
31f1abb6-4bf1-4090-9127-bf379ac712e7	d603a474-8c21-4528-90e7-adcea1006ea8	iqm	206469	pending	pending	{"failedData": {}, "successData": {"I001": "206469"}}	\N	2025-07-03 13:52:32.126+00	2025-07-03 13:52:32.126+00	\N	\N	t	fcb7f88c-6f3c-4a3c-9768-2760dac115b1	0	[]	\N
67a8cc2c-4cf3-4a8a-8c7c-31a602c317b6	c98a4d97-ce3b-41b1-bcf8-f5d506d59101	iqm	\N	pending	pending	{"failedData": {"I001": "Invalid string provided for clickUrl: http://localhost:3000/"}, "successData": {}}	\N	2025-07-03 15:58:32.424+00	2025-07-03 15:58:32.424+00	\N	\N	t	d5f3c148-72db-4168-90c9-5d3178b5e435	0	[]	\N
202a6fe4-56a4-4237-a2dc-fcd676166862	f948c541-85dc-467c-b56a-f6542ee74f75	iqm	\N	pending	pending	{"failedData": {"I001": "Invalid string provided for clickUrl: http://localhost:3000/"}, "successData": {}}	\N	2025-07-03 15:59:46.638+00	2025-07-03 15:59:46.638+00	\N	\N	t	d5f3c148-72db-4168-90c9-5d3178b5e435	0	[]	\N
4d9aa371-c69c-43f8-97e4-7f73221d38c5	103968ac-3895-454c-ab39-3f631d7c099b	iqm	206475	pending	pending	{"failedData": {}, "successData": {"I001": "206475"}}	\N	2025-07-03 16:00:36.236+00	2025-07-03 16:00:36.236+00	\N	\N	t	d5f3c148-72db-4168-90c9-5d3178b5e435	0	[]	\N
fce78a7a-afba-4256-86e6-9d6dc1272f73	fe397698-6a97-433c-ad47-6523dc4a0b43	iqm	206481	pending	pending	{"failedData": {}, "successData": {"I001": "206481"}}	\N	2025-07-03 16:59:54.591+00	2025-07-03 16:59:54.591+00	\N	\N	t	d5f3c148-72db-4168-90c9-5d3178b5e435	0	[]	\N
5af79693-9d8c-4128-8511-b9488aea353c	ca9c83ce-7559-41ff-a854-23e99dc43299	iqm	206533	pending	pending	{"failedData": {}, "successData": {"I001": "206533"}}	\N	2025-07-04 09:57:36.7+00	2025-07-04 09:57:36.7+00	\N	\N	t	46193251-355f-4801-98fc-d7cc3e24995b	0	[]	\N
06daa825-1453-4aab-9ceb-1c4f1391c3b3	5bf6f055-e819-4f86-a453-70706dd65996	iqm	206534	pending	pending	{"failedData": {}, "successData": {"I001": "206534"}}	\N	2025-07-04 11:31:30.023+00	2025-07-04 11:31:30.023+00	\N	\N	t	4afa1f6f-7abd-4fab-b9e0-b99f3008629b	0	[]	\N
54cd5c9d-e509-4c5d-a552-0768978074e0	982ae22b-28a7-46ca-8e81-dd7c403f6266	iqm	206535	pending	pending	{"failedData": {}, "successData": {"I001": "206535"}}	\N	2025-07-04 11:52:23.48+00	2025-07-04 11:52:23.48+00	\N	\N	t	2bd688ce-805f-46ab-8748-91e138f0cb2b	0	[]	\N
66050604-b41e-42fb-b13e-f967e7ca5d56	68ff53b1-5441-4167-bddb-255dd0acb6fd	iqm	\N	pending	pending	{"failedData": {}, "successData": {"V001": "206537"}}	\N	2025-07-04 14:19:07.433+00	2025-07-04 14:19:07.433+00	\N	\N	t	2bd688ce-805f-46ab-8748-91e138f0cb2b	0	[]	\N
e8a8acdf-86b5-45b3-b395-59dc662b7264	90f4b148-3520-45dc-982f-2378323a0e6f	iqm	206538	pending	pending	{"failedData": {}, "successData": {"A002": "206538"}}	\N	2025-07-04 15:06:56.734+00	2025-07-04 15:06:56.734+00	\N	\N	t	2bd688ce-805f-46ab-8748-91e138f0cb2b	0	[]	\N
ebe119a2-e2b9-4f19-9682-b6a7a5343d94	ba6722b3-419d-44f0-8fb9-32ba6cdca1fe	iqm	206539	pending	pending	{"failedData": {}, "successData": {"I001": "206539"}}	\N	2025-07-04 16:48:21.423+00	2025-07-04 16:48:21.423+00	\N	\N	t	3581f795-474f-4d6e-bc91-d83925439456	0	[]	\N
06dd1801-1c58-48ef-9afe-648a358ac929	7d3aabe7-cfee-4bb2-b65f-4def86239743	iqm	206540	pending	pending	{"failedData": {}, "successData": {"V001": "206540"}}	\N	2025-07-04 17:01:58.712+00	2025-07-04 17:01:58.712+00	\N	\N	t	2bd688ce-805f-46ab-8748-91e138f0cb2b	0	[]	\N
3c53f132-f58e-4a11-a713-605165498b4c	8a946698-7348-45a4-8863-5b06c3ecf9d1	iqm	206541	pending	pending	{"failedData": {}, "successData": {"A002": "206541"}}	\N	2025-07-04 17:03:10.154+00	2025-07-04 17:03:10.154+00	\N	\N	t	2bd688ce-805f-46ab-8748-91e138f0cb2b	0	[]	\N
0154f114-5a3e-4650-9ed6-d5fa286b2b91	ae87ca5e-5770-4371-909b-2337caf4d61b	iqm	206545	pending	pending	{"failedData": {}, "successData": {"I001": "206545"}}	\N	2025-07-07 09:42:29.436+00	2025-07-07 09:42:29.436+00	\N	\N	t	2bd688ce-805f-46ab-8748-91e138f0cb2b	0	[]	\N
0c42551c-d099-40cb-a1a1-ed0644d5cb0a	928d8152-0720-4625-b643-c4dbb0fbefe4	iqm	206546	pending	pending	{"failedData": {}, "successData": {"I001": "206546"}}	\N	2025-07-07 10:52:51.734+00	2025-07-07 10:52:51.734+00	\N	\N	t	9b341360-11fb-4bca-b4b8-6a5dc9e58419	0	[]	\N
46c31595-b705-463a-a2ab-43c582b04eb8	854533cb-917b-4d9b-b7ab-22d073cf9f6b	iqm	206568	pending	pending	{"failedData": {}, "successData": {"I001": "206568"}}	\N	2025-07-07 15:17:03.875+00	2025-07-07 15:17:03.875+00	\N	\N	t	6a6a836d-0a3d-499f-8f37-7f958307a587	0	[]	\N
86205e19-35af-4941-b6da-23762194e34a	57986a09-3baf-4755-8bae-b3bda7f41101	iqm	206660	pending	pending	{"failedData": {}, "successData": {"I001": "206660"}}	\N	2025-07-08 11:08:20.41+00	2025-07-08 11:08:20.41+00	\N	\N	t	6a6a836d-0a3d-499f-8f37-7f958307a587	0	[]	\N
363b5517-27a2-402f-a240-50cec8267a8f	3d7eb79a-0185-40c0-b5be-d4bb707df6aa	iqm	206662	pending	pending	{"failedData": {}, "successData": {"I001": "206662"}}	\N	2025-07-08 13:27:12.639+00	2025-07-08 13:27:12.639+00	\N	\N	t	6a6a836d-0a3d-499f-8f37-7f958307a587	0	[]	\N
bbfe6c33-f577-4d1e-8d1e-fda47fcd8631	f28fa9dd-d90f-4e2d-827d-6746a00f284f	iqm	206664	pending	pending	{"data": {"failedData": {}, "successData": {"H001": "206664"}}, "message": "Html creative uploaded successfully", "success": true}	\N	2025-07-08 13:45:55.522+00	2025-07-08 13:45:55.522+00	\N	\N	t	6a6a836d-0a3d-499f-8f37-7f958307a587	0	[]	\N
bd228da2-e353-4bc2-a716-ef2567bdc326	659cafde-f2ea-4daf-9f8d-8ac997bc0248	iqm	206665	pending	pending	{"failedData": {}, "successData": {"I001": "206665"}}	\N	2025-07-08 15:03:57.311+00	2025-07-08 15:03:57.311+00	\N	\N	t	545f9f32-b213-43b6-8324-17f95a3d3133	0	[]	\N
71bd99e5-deb1-46ad-8ef5-d8c59280f6f6	6c3649dd-8311-4006-810c-34867c3c139c	iqm	206720	pending	pending	{"failedData": {}, "successData": {"I001": "206720"}}	\N	2025-07-08 16:52:15.961+00	2025-07-08 16:52:15.961+00	\N	\N	t	545f9f32-b213-43b6-8324-17f95a3d3133	0	[]	\N
0d5e709f-094c-44ec-a4d1-948b627b6748	b8928869-2e70-4ac7-a131-51ca4590c2c3	iqm	206721	pending	pending	{"failedData": {}, "successData": {"I001": "206721"}}	\N	2025-07-08 17:20:46.732+00	2025-07-08 17:20:46.732+00	\N	\N	t	6a6a836d-0a3d-499f-8f37-7f958307a587	0	[]	\N
2d104ec4-806c-4d4d-8956-bdaff2584023	cc7adf85-36f2-4670-bf12-b846de20ffb6	iqm	206767	pending	pending	{"failedData": {}, "successData": {"I001": "206767"}}	\N	2025-07-09 09:01:39.799+00	2025-07-09 09:01:39.799+00	\N	\N	t	545f9f32-b213-43b6-8324-17f95a3d3133	0	[]	\N
ab303aaa-de6c-4cbd-ab13-f96160a29968	e3186788-d509-4f91-916c-e2ee410db942	iqm	206768	pending	pending	{"failedData": {}, "successData": {"I001": "206768"}}	\N	2025-07-09 09:13:43.25+00	2025-07-09 09:13:43.25+00	\N	\N	t	545f9f32-b213-43b6-8324-17f95a3d3133	0	[]	\N
7a5ac5bf-7687-497a-af42-bf77484f2a54	2f866d06-2ac9-4b20-8429-91505d1418fe	iqm	206769	pending	pending	{"failedData": {}, "successData": {"I001": "206769"}}	\N	2025-07-09 09:17:09.316+00	2025-07-09 09:17:09.316+00	\N	\N	t	545f9f32-b213-43b6-8324-17f95a3d3133	0	[]	\N
fff0190e-c66f-45e4-b4d8-7f1353a95789	0e96db90-23a4-4b1e-b415-02a60810f4c3	iqm	206771	pending	pending	{"failedData": {}, "successData": {"I001": "206771"}}	\N	2025-07-09 12:40:01.313+00	2025-07-09 12:40:01.313+00	\N	\N	t	545f9f32-b213-43b6-8324-17f95a3d3133	0	[]	\N
8217bd3f-9cfe-4358-ae58-757f247e2e35	30af9cf4-3b16-4aeb-8467-649b0b95c7e5	iqm	206772	pending	pending	{"failedData": {}, "successData": {"V001": "206772"}}	\N	2025-07-09 13:23:00.794+00	2025-07-09 13:23:00.794+00	\N	\N	t	545f9f32-b213-43b6-8324-17f95a3d3133	0	[]	\N
264cc815-a74f-4c41-be8b-d1926900c23c	eebeeb4c-17aa-4bbe-b6fb-f0edd35367a0	iqm	206773	pending	pending	{"failedData": {}, "successData": {"A002": "206773"}}	\N	2025-07-09 13:44:58.989+00	2025-07-09 13:44:58.989+00	\N	\N	t	545f9f32-b213-43b6-8324-17f95a3d3133	0	[]	\N
db7c2c9a-b4ee-4c6f-9e1b-2d8a945916a7	e5a4df4f-2498-4fd0-9fc8-f5efa69747d7	iqm	206774	pending	pending	{"data": {"failedData": {}, "successData": {"H001": "206774"}}, "message": "Html creative uploaded successfully", "success": true}	\N	2025-07-09 14:33:42.86+00	2025-07-09 14:33:42.86+00	\N	\N	t	545f9f32-b213-43b6-8324-17f95a3d3133	0	[]	\N
24d0b15f-da77-4565-943a-1de1cf1bbdd4	d2490bee-b3a8-461a-b91f-732650daae75	iqm	206803	pending	pending	{"failedData": {}, "successData": {"I001": "206803"}}	\N	2025-07-09 16:25:30.735+00	2025-07-09 16:25:30.735+00	\N	\N	t	545f9f32-b213-43b6-8324-17f95a3d3133	0	[]	\N
fc85cbc1-c402-485e-86d1-920b79648483	61222f29-4a6a-47a4-9968-35c4073083a3	iqm	206864	pending	pending	{"failedData": {}, "successData": {"I001": "206864"}}	\N	2025-07-10 09:25:07.735+00	2025-07-10 09:25:07.735+00	\N	\N	t	6a6a836d-0a3d-499f-8f37-7f958307a587	0	[]	\N
b58aaded-e59e-48cf-b580-a46b9b96fc74	dc6a4dc8-eaf1-4d85-b704-d3a1f271247a	iqm	206865	pending	pending	{"failedData": {}, "successData": {"I001": "206865"}}	\N	2025-07-10 13:25:59.535+00	2025-07-10 13:25:59.535+00	\N	\N	t	6a6a836d-0a3d-499f-8f37-7f958307a587	0	[]	\N
6af6cecf-dba9-4906-933a-c54780c1c91e	bc36ccea-27e3-4ad3-a81f-af32abada1f6	iqm	206866	pending	pending	{"failedData": {}, "successData": {"I001": "206866"}}	\N	2025-07-10 13:45:46.681+00	2025-07-10 13:45:46.681+00	\N	\N	t	6a6a836d-0a3d-499f-8f37-7f958307a587	0	[]	\N
501286a2-9a6e-4f8a-bf69-ebcab4f88a61	9510f589-c052-491f-9845-117a8bdd75a7	iqm	206867	pending	pending	{"failedData": {}, "successData": {"I001": "206867"}}	\N	2025-07-10 15:09:44.586+00	2025-07-10 15:09:44.586+00	\N	\N	t	6a6a836d-0a3d-499f-8f37-7f958307a587	0	[]	\N
ec7e803c-c3a8-4cab-b20e-df415848acb7	38f40705-d0d9-4c6d-b557-ce631cf6ecb3	iqm	206960	pending	pending	{"failedData": {}, "successData": {"I001": "206960"}}	\N	2025-07-11 11:41:14.538+00	2025-07-11 11:41:14.538+00	\N	\N	t	545f9f32-b213-43b6-8324-17f95a3d3133	0	[]	\N
77cb5f7e-21be-4af2-811a-81bf18987f8e	86ae6c6a-5775-4315-8c78-ef4157222f6b	iqm	208293	pending	pending	{"failedData": {}, "successData": {"I001": "208293"}}	\N	2025-07-25 05:36:42.105+00	2025-07-25 05:36:42.105+00	\N	\N	t	d68a6f7a-c306-45e1-a841-ee293f50352c	0	[]	\N
\.


--
-- Data for Name: platform_credentials; Type: TABLE DATA; Schema: public; Owner: postgres
--

COPY "public"."platform_credentials" ("id", "org_id", "platform", "type", "credentials", "status", "expires_at", "created_at", "updated_at") FROM stdin;
\.


--
-- Data for Name: real_time_metrics; Type: TABLE DATA; Schema: public; Owner: postgres
--

COPY "public"."real_time_metrics" ("id", "org_id", "campaign_id", "insertion_order_id", "platform", "metric_type", "value", "timestamp", "hour_bucket", "day_bucket") FROM stdin;
\.


--
-- Data for Name: reports; Type: TABLE DATA; Schema: public; Owner: postgres
--

COPY "public"."reports" ("id", "org_id", "created_by", "name", "description", "report_type", "status", "format", "parameters", "file_path", "download_url", "scheduled_at", "generated_at", "expires_at", "created_at", "updated_at") FROM stdin;
\.


--
-- Data for Name: targeting_criteria; Type: TABLE DATA; Schema: public; Owner: postgres
--

COPY "public"."targeting_criteria" ("id", "platform_specific_campaign_id", "line_item_id", "platform_targeting_id", "targeting_type", "targeting_value", "operator_type", "created_at", "updated_at") FROM stdin;
\.


--
-- Data for Name: transactions; Type: TABLE DATA; Schema: public; Owner: postgres
--

COPY "public"."transactions" ("id", "org_id", "payment_id", "type", "amount", "currency", "status", "reference", "metadata", "processed_at", "created_at", "updated_at") FROM stdin;
\.


--
-- Data for Name: unified_logs; Type: TABLE DATA; Schema: public; Owner: postgres
--

COPY "public"."unified_logs" ("id", "log_type", "status", "level", "trace_id", "org_id", "user_id", "session_id", "environment", "source_service", "source_function", "source_file", "third_party_service", "api_endpoint", "http_method", "http_status_code", "function_name", "region", "runtime", "is_cold_start", "request_data", "response_data", "duration_ms", "memory_usage_mb", "error_message", "error_code", "error_type", "stack_trace", "campaign_id", "insertion_order_id", "operation_type", "message", "metadata", "rate_limit_remaining", "quota_used", "retry_attempt", "initiated_at", "completed_at", "created_at") FROM stdin;
\.


--
-- Data for Name: user_email_preferences; Type: TABLE DATA; Schema: public; Owner: postgres
--

COPY "public"."user_email_preferences" ("id", "user_id", "org_id", "enable_campaign_alerts", "enable_onboarding_emails", "enable_marketing_emails", "enable_system_emails", "alert_frequency", "unsubscribe_token", "created_at", "updated_at") FROM stdin;
\.


--
-- Data for Name: user_preferences; Type: TABLE DATA; Schema: public; Owner: postgres
--

COPY "public"."user_preferences" ("user_id", "theme", "notification_settings", "dashboard_layout", "created_at", "updated_at") FROM stdin;
\.


--
-- Data for Name: wallets; Type: TABLE DATA; Schema: public; Owner: postgres
--

COPY "public"."wallets" ("id", "org_id", "balance", "currency", "created_at", "updated_at") FROM stdin;
\.


--
-- Data for Name: wallet_transactions; Type: TABLE DATA; Schema: public; Owner: postgres
--

COPY "public"."wallet_transactions" ("id", "wallet_id", "transaction_type", "amount", "status", "description", "reference", "metadata", "processed_at", "created_at", "updated_at") FROM stdin;
\.


--
-- Data for Name: web3_wallets; Type: TABLE DATA; Schema: public; Owner: postgres
--

COPY "public"."web3_wallets" ("id", "user_id", "wallet_address", "created_at", "updated_at") FROM stdin;
\.


--
-- Data for Name: white_label_settings; Type: TABLE DATA; Schema: public; Owner: postgres
--

COPY "public"."white_label_settings" ("org_id", "custom_domain", "favicon_url", "login_background_url", "terms_url", "privacy_url", "support_email", "support_url", "created_at", "updated_at", "subdomain") FROM stdin;
\.


--
-- Data for Name: x_configurations; Type: TABLE DATA; Schema: public; Owner: postgres
--

COPY "public"."x_configurations" ("id", "org_id", "account_id", "api_credentials", "default_settings", "funding_instruments", "status", "last_sync_at", "created_at", "updated_at") FROM stdin;
\.


--
-- Data for Name: x_campaigns; Type: TABLE DATA; Schema: public; Owner: postgres
--

COPY "public"."x_campaigns" ("id", "campaign_id", "x_configuration_id", "platform_campaign_id", "funding_instrument_id", "daily_budget_amount_local_micro", "total_budget_amount_local_micro", "budget_optimization", "standard_delivery", "frequency_cap", "status", "platform_status", "server_logs", "created_at", "updated_at") FROM stdin;
\.


--
-- Data for Name: x_line_items; Type: TABLE DATA; Schema: public; Owner: postgres
--

COPY "public"."x_line_items" ("id", "x_campaign_id", "platform_line_item_id", "name", "product_type", "placements", "bid_amount_local_micro", "bid_strategy", "goal", "advertiser_domain", "status", "platform_status", "server_logs", "created_at", "updated_at") FROM stdin;
\.


--
-- Data for Name: x_analytics; Type: TABLE DATA; Schema: public; Owner: postgres
--

COPY "public"."x_analytics" ("id", "x_campaign_id", "x_line_item_id", "date", "impressions", "clicks", "spend", "engagements", "retweets", "likes", "follows", "replies", "card_engagements", "url_clicks", "qualified_impressions", "video_views", "raw_data", "created_at", "updated_at") FROM stdin;
\.


--
-- Data for Name: buckets; Type: TABLE DATA; Schema: storage; Owner: supabase_storage_admin
--

COPY "storage"."buckets" ("id", "name", "owner", "created_at", "updated_at", "public", "avif_autodetection", "file_size_limit", "allowed_mime_types", "owner_id") FROM stdin;
whitelabelled-agency	whitelabelled-agency	\N	2025-06-10 10:15:13.019445+00	2025-06-10 10:15:13.019445+00	t	f	2097152	\N	\N
\.


--
-- Data for Name: objects; Type: TABLE DATA; Schema: storage; Owner: supabase_storage_admin
--

COPY "storage"."objects" ("id", "bucket_id", "name", "owner", "created_at", "updated_at", "last_accessed_at", "metadata", "version", "owner_id", "user_metadata") FROM stdin;
f32f0a0a-96bc-4385-a217-2a322649d6a0	whitelabelled-agency	whitelabelled-agency/temp-1749553680527-ax1wwuso/logo/logo-1749553680527-xbs3d9-star.png	\N	2025-06-10 11:18:27.720711+00	2025-06-10 11:18:27.720711+00	2025-06-10 11:18:27.720711+00	{"eTag": "\\"0c8b0ed09d9a66e364f4937626d96be0\\"", "size": 27678, "mimetype": "image/png", "cacheControl": "max-age=3600", "lastModified": "2025-06-10T11:18:28.000Z", "contentLength": 27678, "httpStatusCode": 200}	714b6d2e-0834-4d46-bfc9-455f7f54e501	\N	{}
1655ccb9-b376-4bf7-aa8e-4d6bd73b0c3d	whitelabelled-agency	whitelabelled-agency/temp-1749576368355-agjseoea/logo/logo-1749576368355-cwzzhw-image__2_.png	\N	2025-06-10 17:26:09.149198+00	2025-06-10 17:26:09.149198+00	2025-06-10 17:26:09.149198+00	{"eTag": "\\"47249c61b197c178dec8e018e19d7488\\"", "size": 9246, "mimetype": "image/png", "cacheControl": "max-age=3600", "lastModified": "2025-06-10T17:26:10.000Z", "contentLength": 9246, "httpStatusCode": 200}	e1933b99-0b0c-497e-917e-25fe0ba23c51	\N	{}
ccc61289-08c6-42aa-8eeb-0acea527b884	whitelabelled-agency	whitelabelled-agency/temp-1749639957663-jcx48q3w/logo/logo-1749639957664-lszool-ai.png	\N	2025-06-11 11:05:58.537438+00	2025-06-11 11:05:58.537438+00	2025-06-11 11:05:58.537438+00	{"eTag": "\\"ed6134451cdc9ea68d740f13c94cd17f\\"", "size": 13917, "mimetype": "image/png", "cacheControl": "max-age=3600", "lastModified": "2025-06-11T11:05:59.000Z", "contentLength": 13917, "httpStatusCode": 200}	499cf5d4-7e40-4944-a90a-ae801ade2c29	\N	{}
906bc1e1-396b-4116-9434-cf02baf7c010	whitelabelled-agency	whitelabelled-agency/temp-1749835292638-5amfg1eh/logo/logo-1749835292638-v2t9z7-panda_transparent.png	\N	2025-06-13 17:21:36.268963+00	2025-06-13 17:21:36.268963+00	2025-06-13 17:21:36.268963+00	{"eTag": "\\"52801182ef722963f0c9644fc9b7b27d\\"", "size": 291082, "mimetype": "image/png", "cacheControl": "max-age=3600", "lastModified": "2025-06-13T17:21:37.000Z", "contentLength": 291082, "httpStatusCode": 200}	a6c3cf9f-a8ec-4983-a601-7ccf8d82342f	\N	{}
07f0920a-4b16-4351-9d8d-d3776763e869	whitelabelled-agency	whitelabelled-agency/897ac16e-d693-4787-a60f-e4a6ca9528ef/logo/agency-logo-1750265124496-z2vhdb.png	\N	2025-06-18 16:45:26.320231+00	2025-06-18 16:45:26.320231+00	2025-06-18 16:45:26.320231+00	{"eTag": "\\"4612de734af31d3f108812dd471ce532\\"", "size": 48700, "mimetype": "image/png", "cacheControl": "max-age=3600", "lastModified": "2025-06-18T16:45:26.000Z", "contentLength": 48700, "httpStatusCode": 200}	04b6e4b0-f81b-46ab-a1a6-e55fe98e9835	\N	{}
3f480af0-51e7-4beb-b847-2e1e0d58ac28	whitelabelled-agency	whitelabelled-agency/temp-1751562358450-i9h232cq/logo/logo-1751562358450-aefp0s-mistral-color.png	\N	2025-07-03 17:06:00.67585+00	2025-07-03 17:06:00.67585+00	2025-07-03 17:06:00.67585+00	{"eTag": "\\"19bbbfd42e24304cc9424eccff999286\\"", "size": 12560, "mimetype": "image/png", "cacheControl": "max-age=3600", "lastModified": "2025-07-03T17:06:01.000Z", "contentLength": 12560, "httpStatusCode": 200}	732c133a-1685-4ae2-933a-d8719cf65b0d	\N	{}
5bb3e39d-1d22-48f9-b033-9d816497a020	whitelabelled-agency	whitelabelled-agency/temp-1751562364339-rli2o6al/logo/logo-1751562364339-vvo4ug-mistral-color.png	\N	2025-07-03 17:06:05.897839+00	2025-07-03 17:06:05.897839+00	2025-07-03 17:06:05.897839+00	{"eTag": "\\"19bbbfd42e24304cc9424eccff999286\\"", "size": 12560, "mimetype": "image/png", "cacheControl": "max-age=3600", "lastModified": "2025-07-03T17:06:06.000Z", "contentLength": 12560, "httpStatusCode": 200}	0c8e5b44-5479-44a6-bb23-239d02f8db62	\N	{}
a647ecac-316f-4672-b70e-7ec25d7eaf4a	whitelabelled-agency	whitelabelled-agency/temp-1751562370031-osa1hioa/logo/logo-1751562370031-wkhxgu-mistral-color.png	\N	2025-07-03 17:06:11.69537+00	2025-07-03 17:06:11.69537+00	2025-07-03 17:06:11.69537+00	{"eTag": "\\"19bbbfd42e24304cc9424eccff999286\\"", "size": 12560, "mimetype": "image/png", "cacheControl": "max-age=3600", "lastModified": "2025-07-03T17:06:12.000Z", "contentLength": 12560, "httpStatusCode": 200}	de64c8a9-b1e3-468a-ac3d-3e8396ba829d	\N	{}
1ecf939c-ec75-43f1-ba75-2a50bb1f7edb	whitelabelled-agency	whitelabelled-agency/temp-1751906275508-r1g6vh8t/logo/logo-1751906275509-q59d9g-IshvaraTech.png	\N	2025-07-07 16:37:56.636916+00	2025-07-07 16:37:56.636916+00	2025-07-07 16:37:56.636916+00	{"eTag": "\\"45a0c89f6558176eced073a1b6737afd\\"", "size": 18742, "mimetype": "image/png", "cacheControl": "max-age=3600", "lastModified": "2025-07-07T16:37:57.000Z", "contentLength": 18742, "httpStatusCode": 200}	7c89a22b-653b-4825-bff9-6613d23a6d13	\N	{}
1a8ca239-540f-47c0-ab18-5e2fa20ecdc8	whitelabelled-agency	whitelabelled-agency/temp-1751907149081-8tbi5e1n/logo/logo-1751907149081-3ed52b-IshvaraTech.png	\N	2025-07-07 16:52:30.162005+00	2025-07-07 16:52:30.162005+00	2025-07-07 16:52:30.162005+00	{"eTag": "\\"45a0c89f6558176eced073a1b6737afd\\"", "size": 18742, "mimetype": "image/png", "cacheControl": "max-age=3600", "lastModified": "2025-07-07T16:52:31.000Z", "contentLength": 18742, "httpStatusCode": 200}	c4ca6f71-09b7-4e11-bc84-378390c64d2a	\N	{}
\.


--
-- Data for Name: s3_multipart_uploads; Type: TABLE DATA; Schema: storage; Owner: supabase_storage_admin
--

COPY "storage"."s3_multipart_uploads" ("id", "in_progress_size", "upload_signature", "bucket_id", "key", "version", "owner_id", "created_at", "user_metadata") FROM stdin;
\.


--
-- Data for Name: s3_multipart_uploads_parts; Type: TABLE DATA; Schema: storage; Owner: supabase_storage_admin
--

COPY "storage"."s3_multipart_uploads_parts" ("id", "upload_id", "size", "part_number", "bucket_id", "key", "etag", "owner_id", "version", "created_at") FROM stdin;
\.


--
-- Name: refresh_tokens_id_seq; Type: SEQUENCE SET; Schema: auth; Owner: supabase_auth_admin
--

SELECT pg_catalog.setval('"auth"."refresh_tokens_id_seq"', 1, false);


--
-- PostgreSQL database dump complete
--

RESET ALL;
